inventory_id,component_serial_number,component_id,component_name,engine_serial_number,manufacture_date,installation_date,position,installation_type,status
INV0000001,CSN900001,CMP001,Fan Disk,ESN700001,2018-10-17,2021-03-08,CENTER,NEW,ACTIVE
INV0000002,CSN900002,CMP002,Fan Shaft,ESN700001,2019-05-25,2020-12-07,CENTER,NEW,ACTIVE
INV0000003,CSN900003,CMP005,Fan Case,ESN700001,2020-10-05,2021-02-10,CENTER,NEW,ACTIVE
INV0000004,CSN900004,CMP006,Spinner Cone,ESN700001,2019-06-20,2021-03-25,CENTER,NEW,ACTIVE
INV0000005,CSN900005,CMP007,Booster Rotor,ESN700001,2019-05-17,2021-03-28,CENTER,NEW,ACTIVE
INV0000006,CSN900006,CMP009,Booster Stator Assembly,ESN700001,2020-08-15,2020-10-20,CENTER,NEW,ACTIVE
INV0000007,CSN900007,CMP010,Booster Case,ESN700001,2020-02-19,2020-11-08,CENTER,NEW,ACTIVE
INV0000008,CSN900008,CMP011,HPC Stage 1 Disk,ESN700001,2019-06-18,2020-11-25,STAGE1,NEW,ACTIVE
INV0000009,CSN900009,CMP012,HPC Stage 2 Disk,ESN700001,2019-01-25,2020-12-01,STAGE2,NEW,ACTIVE
INV0000010,CSN900010,CMP013,HPC Stage 3 Disk,ESN700001,2019-12-25,2021-03-20,STAGE3,NEW,ACTIVE
INV0000011,CSN900011,CMP014,HPC Stage 4 Disk,ESN700001,2019-12-02,2021-03-11,STAGE4,NEW,ACTIVE
INV0000012,CSN900012,CMP015,HPC Stage 5 Disk,ESN700001,2020-06-02,2021-03-14,STAGE5,NEW,ACTIVE
INV0000013,CSN900013,CMP016,HPC Rotor Shaft,ESN700001,2018-10-18,2021-01-04,CENTER,NEW,ACTIVE
INV0000014,CSN900014,CMP018,Variable Stator Vane Assembly,ESN700001,2019-01-24,2021-01-05,CENTER,NEW,ACTIVE
INV0000015,CSN900015,CMP019,HPC Case,ESN700001,2020-05-31,2020-12-10,CENTER,NEW,ACTIVE
INV0000016,CSN900016,CMP020,Combustor Liner,ESN700001,2018-11-07,2021-02-21,CENTER,NEW,ACTIVE
INV0000017,CSN900017,CMP022,Dome Assembly,ESN700001,2020-03-12,2020-12-19,CENTER,NEW,ACTIVE
INV0000018,CSN900018,CMP024,HPT Stage 1 Disk,ESN700001,2020-08-05,2020-12-28,STAGE1,NEW,ACTIVE
INV0000019,CSN900019,CMP025,HPT Stage 2 Disk,ESN700001,2019-05-21,2021-03-14,STAGE2,NEW,ACTIVE
INV0000020,CSN900020,CMP028,HPT Shroud,ESN700001,2020-08-04,2020-10-13,CENTER,NEW,ACTIVE
INV0000021,CSN900021,CMP029,LPT Shaft,ESN700001,2020-04-05,2020-11-22,CENTER,NEW,ACTIVE
INV0000022,CSN900022,CMP030,LPT Stage 1 Disk,ESN700001,2019-05-10,2020-12-13,STAGE1,NEW,ACTIVE
INV0000023,CSN900023,CMP031,LPT Stage 2 Disk,ESN700001,2020-01-01,2020-12-14,STAGE2,NEW,ACTIVE
INV0000024,CSN900024,CMP034,Turbine Rear Frame,ESN700001,2020-03-11,2020-12-26,CENTER,NEW,ACTIVE
INV0000025,CSN900025,CMP035,Fuel Pump,ESN700001,2019-09-19,2020-11-05,CENTER,NEW,ACTIVE
INV0000026,CSN900026,CMP036,Hydromechanical Unit (HMU),ESN700001,2019-10-03,2021-03-11,CENTER,NEW,ACTIVE
INV0000027,CSN900027,CMP037,Fuel Filter,ESN700001,2019-08-29,2020-11-26,CENTER,NEW,ACTIVE
INV0000028,CSN900028,CMP038,Fuel Shutoff Valve,ESN700001,2020-02-16,2020-12-09,CENTER,NEW,ACTIVE
INV0000029,CSN900029,CMP039,Fuel Manifold,ESN700001,2019-10-01,2020-12-14,CENTER,NEW,ACTIVE
INV0000030,CSN900030,CMP040,Ignition Exciter,ESN700001,2018-12-30,2021-01-02,CENTER,NEW,ACTIVE
INV0000031,CSN900031,CMP041,Igniter Plug A,ESN700001,2019-02-19,2020-10-13,A,NEW,ACTIVE
INV0000032,CSN900032,CMP042,Igniter Plug B,ESN700001,2020-01-15,2021-02-16,B,NEW,ACTIVE
INV0000033,CSN900033,CMP043,Variable Bleed Valve (VBV),ESN700001,2018-11-11,2020-12-22,CENTER,NEW,ACTIVE
INV0000034,CSN900034,CMP044,VBV Actuator,ESN700001,2019-05-05,2020-12-02,CENTER,NEW,ACTIVE
INV0000035,CSN900035,CMP045,High Stage Bleed Valve,ESN700001,2020-03-10,2021-04-01,CENTER,NEW,ACTIVE
INV0000036,CSN900036,CMP046,Start Valve,ESN700001,2019-07-13,2021-03-13,CENTER,NEW,ACTIVE
INV0000037,CSN900037,CMP047,Exhaust Nozzle,ESN700001,2020-09-01,2021-02-13,CENTER,NEW,ACTIVE
INV0000038,CSN900038,CMP048,Exhaust Mixer,ESN700001,2020-04-11,2020-12-26,CENTER,NEW,ACTIVE
INV0000039,CSN900039,CMP049,Oil Pump,ESN700001,2019-09-20,2021-03-15,CENTER,NEW,ACTIVE
INV0000040,CSN900040,CMP050,Scavenge Pump,ESN700001,2019-10-20,2021-01-06,CENTER,NEW,ACTIVE
INV0000041,CSN900041,CMP051,Oil Filter,ESN700001,2018-10-29,2020-12-09,CENTER,NEW,ACTIVE
INV0000042,CSN900042,CMP052,Oil Pressure Transmitter,ESN700001,2019-01-19,2021-02-20,CENTER,NEW,ACTIVE
INV0000043,CSN900043,CMP053,Oil Temperature Sensor,ESN700001,2019-07-12,2021-03-29,CENTER,NEW,ACTIVE
INV0000044,CSN900044,CMP054,EGT Thermocouple Harness,ESN700001,2018-11-04,2020-11-15,CENTER,NEW,ACTIVE
INV0000045,CSN900045,CMP055,N1 Speed Sensor,ESN700001,2019-02-26,2021-01-26,CENTER,NEW,ACTIVE
INV0000046,CSN900046,CMP056,N2 Speed Sensor,ESN700001,2019-05-14,2020-12-29,CENTER,NEW,ACTIVE
INV0000047,CSN900047,CMP057,Vibration Sensor,ESN700001,2020-04-17,2021-01-25,CENTER,NEW,ACTIVE
INV0000048,CSN900048,CMP058,Chip Detector,ESN700001,2019-08-14,2020-10-29,CENTER,NEW,ACTIVE
INV0000049,CSN900049,CMP059,Accessory Gearbox,ESN700001,2019-03-17,2021-03-29,CENTER,NEW,ACTIVE
INV0000050,CSN900050,CMP060,Starter,ESN700001,2020-08-24,2020-12-20,CENTER,NEW,ACTIVE
INV0000051,CSN900051,CMP061,Integrated Drive Generator (IDG) Drive Pad,ESN700001,2019-02-19,2021-01-15,CENTER,NEW,ACTIVE
INV0000052,CSN900052,CMP062,Hydraulic Pump Drive Pad,ESN700001,2020-03-11,2020-11-13,CENTER,NEW,ACTIVE
INV0000053,CSN900053,CMP001,Fan Disk,ESN700002,2020-07-29,2021-12-15,CENTER,NEW,ACTIVE
INV0000054,CSN900054,CMP002,Fan Shaft,ESN700002,2019-12-05,2022-02-07,CENTER,NEW,ACTIVE
INV0000055,CSN900055,CMP005,Fan Case,ESN700002,2019-12-21,2022-01-20,CENTER,NEW,ACTIVE
INV0000056,CSN900056,CMP006,Spinner Cone,ESN700002,2021-03-16,2021-12-15,CENTER,NEW,ACTIVE
INV0000057,CSN900057,CMP007,Booster Rotor,ESN700002,2021-01-07,2022-04-22,CENTER,NEW,ACTIVE
INV0000058,CSN900058,CMP009,Booster Stator Assembly,ESN700002,2020-04-20,2022-01-14,CENTER,NEW,ACTIVE
INV0000059,CSN900059,CMP010,Booster Case,ESN700002,2021-08-13,2021-12-13,CENTER,NEW,ACTIVE
INV0000060,CSN900060,CMP011,HPC Stage 1 Disk,ESN700002,2020-01-12,2022-01-26,STAGE1,NEW,ACTIVE
INV0000061,CSN900061,CMP012,HPC Stage 2 Disk,ESN700002,2020-07-11,2022-04-05,STAGE2,NEW,ACTIVE
INV0000062,CSN900062,CMP013,HPC Stage 3 Disk,ESN700002,2020-04-26,2021-12-24,STAGE3,NEW,ACTIVE
INV0000063,CSN900063,CMP014,HPC Stage 4 Disk,ESN700002,2021-09-03,2022-03-16,STAGE4,NEW,ACTIVE
INV0000064,CSN900064,CMP015,HPC Stage 5 Disk,ESN700002,2021-07-28,2022-02-27,STAGE5,NEW,ACTIVE
INV0000065,CSN900065,CMP016,HPC Rotor Shaft,ESN700002,2020-07-16,2022-01-26,CENTER,NEW,ACTIVE
INV0000066,CSN900066,CMP018,Variable Stator Vane Assembly,ESN700002,2019-11-18,2021-12-24,CENTER,NEW,ACTIVE
INV0000067,CSN900067,CMP019,HPC Case,ESN700002,2021-07-12,2022-02-17,CENTER,NEW,ACTIVE
INV0000068,CSN900068,CMP020,Combustor Liner,ESN700002,2021-07-10,2022-03-02,CENTER,NEW,ACTIVE
INV0000069,CSN900069,CMP022,Dome Assembly,ESN700002,2021-02-14,2022-01-27,CENTER,NEW,ACTIVE
INV0000070,CSN900070,CMP024,HPT Stage 1 Disk,ESN700002,2020-10-10,2022-04-08,STAGE1,NEW,ACTIVE
INV0000071,CSN900071,CMP025,HPT Stage 2 Disk,ESN700002,2021-06-21,2022-01-08,STAGE2,NEW,ACTIVE
INV0000072,CSN900072,CMP028,HPT Shroud,ESN700002,2020-04-12,2022-05-10,CENTER,NEW,ACTIVE
INV0000073,CSN900073,CMP029,LPT Shaft,ESN700002,2020-01-30,2022-04-06,CENTER,NEW,ACTIVE
INV0000074,CSN900074,CMP030,LPT Stage 1 Disk,ESN700002,2020-12-31,2021-12-20,STAGE1,NEW,ACTIVE
INV0000075,CSN900075,CMP031,LPT Stage 2 Disk,ESN700002,2020-11-28,2022-03-25,STAGE2,NEW,ACTIVE
INV0000076,CSN900076,CMP034,Turbine Rear Frame,ESN700002,2020-09-04,2022-04-10,CENTER,NEW,ACTIVE
INV0000077,CSN900077,CMP035,Fuel Pump,ESN700002,2020-05-18,2022-05-08,CENTER,NEW,ACTIVE
INV0000078,CSN900078,CMP036,Hydromechanical Unit (HMU),ESN700002,2019-12-24,2022-05-04,CENTER,NEW,ACTIVE
INV0000079,CSN900079,CMP037,Fuel Filter,ESN700002,2020-08-29,2022-01-14,CENTER,NEW,ACTIVE
INV0000080,CSN900080,CMP038,Fuel Shutoff Valve,ESN700002,2020-07-19,2021-11-21,CENTER,NEW,ACTIVE
INV0000081,CSN900081,CMP039,Fuel Manifold,ESN700002,2021-11-01,2021-12-09,CENTER,NEW,ACTIVE
INV0000082,CSN900082,CMP040,Ignition Exciter,ESN700002,2021-07-16,2022-05-06,CENTER,NEW,ACTIVE
INV0000083,CSN900083,CMP041,Igniter Plug A,ESN700002,2021-06-01,2021-12-03,A,NEW,ACTIVE
INV0000084,CSN900084,CMP042,Igniter Plug B,ESN700002,2021-07-09,2022-02-25,B,NEW,ACTIVE
INV0000085,CSN900085,CMP043,Variable Bleed Valve (VBV),ESN700002,2020-07-01,2022-02-25,CENTER,NEW,ACTIVE
INV0000086,CSN900086,CMP044,VBV Actuator,ESN700002,2021-01-08,2022-01-28,CENTER,NEW,ACTIVE
INV0000087,CSN900087,CMP045,High Stage Bleed Valve,ESN700002,2020-06-11,2022-04-16,CENTER,NEW,ACTIVE
INV0000088,CSN900088,CMP046,Start Valve,ESN700002,2021-01-31,2022-01-01,CENTER,NEW,ACTIVE
INV0000089,CSN900089,CMP047,Exhaust Nozzle,ESN700002,2021-05-30,2021-12-02,CENTER,NEW,ACTIVE
INV0000090,CSN900090,CMP048,Exhaust Mixer,ESN700002,2020-12-26,2021-11-30,CENTER,NEW,ACTIVE
INV0000091,CSN900091,CMP049,Oil Pump,ESN700002,2019-12-28,2022-01-25,CENTER,NEW,ACTIVE
INV0000092,CSN900092,CMP050,Scavenge Pump,ESN700002,2020-01-19,2022-04-28,CENTER,NEW,ACTIVE
INV0000093,CSN900093,CMP051,Oil Filter,ESN700002,2021-08-18,2021-12-29,CENTER,NEW,ACTIVE
INV0000094,CSN900094,CMP052,Oil Pressure Transmitter,ESN700002,2020-08-22,2021-12-11,CENTER,NEW,ACTIVE
INV0000095,CSN900095,CMP053,Oil Temperature Sensor,ESN700002,2020-06-16,2022-04-28,CENTER,NEW,ACTIVE
INV0000096,CSN900096,CMP054,EGT Thermocouple Harness,ESN700002,2021-08-04,2021-12-15,CENTER,NEW,ACTIVE
INV0000097,CSN900097,CMP055,N1 Speed Sensor,ESN700002,2021-05-05,2021-12-25,CENTER,NEW,ACTIVE
INV0000098,CSN900098,CMP056,N2 Speed Sensor,ESN700002,2020-08-06,2022-04-11,CENTER,NEW,ACTIVE
INV0000099,CSN900099,CMP057,Vibration Sensor,ESN700002,2021-06-01,2022-01-27,CENTER,NEW,ACTIVE
INV0000100,CSN900100,CMP058,Chip Detector,ESN700002,2020-06-15,2022-02-27,CENTER,NEW,ACTIVE
INV0000101,CSN900101,CMP059,Accessory Gearbox,ESN700002,2020-05-03,2022-02-01,CENTER,NEW,ACTIVE
INV0000102,CSN900102,CMP060,Starter,ESN700002,2019-12-23,2021-12-25,CENTER,NEW,ACTIVE
INV0000103,CSN900103,CMP061,Integrated Drive Generator (IDG) Drive Pad,ESN700002,2020-02-17,2021-11-21,CENTER,NEW,ACTIVE
INV0000104,CSN900104,CMP062,Hydraulic Pump Drive Pad,ESN700002,2019-11-22,2022-05-04,CENTER,NEW,ACTIVE
INV0000105,CSN900105,CMP001,Fan Disk,ESN700003,2021-01-09,2022-10-26,CENTER,NEW,ACTIVE
INV0000106,CSN900106,CMP002,Fan Shaft,ESN700003,2022-07-29,2023-01-01,CENTER,NEW,ACTIVE
INV0000107,CSN900107,CMP005,Fan Case,ESN700003,2021-12-30,2022-09-02,CENTER,NEW,ACTIVE
INV0000108,CSN900108,CMP006,Spinner Cone,ESN700003,2021-12-07,2022-11-28,CENTER,NEW,ACTIVE
INV0000109,CSN900109,CMP007,Booster Rotor,ESN700003,2021-02-11,2023-01-13,CENTER,NEW,ACTIVE
INV0000110,CSN900110,CMP009,Booster Stator Assembly,ESN700003,2022-02-13,2022-09-05,CENTER,NEW,ACTIVE
INV0000111,CSN900111,CMP010,Booster Case,ESN700003,2022-07-20,2023-01-14,CENTER,NEW,ACTIVE
INV0000112,CSN900112,CMP011,HPC Stage 1 Disk,ESN700003,2022-07-06,2022-11-10,STAGE1,NEW,ACTIVE
INV0000113,CSN900113,CMP012,HPC Stage 2 Disk,ESN700003,2020-10-26,2022-08-06,STAGE2,NEW,ACTIVE
INV0000114,CSN900114,CMP013,HPC Stage 3 Disk,ESN700003,2021-10-30,2023-01-15,STAGE3,NEW,ACTIVE
INV0000115,CSN900115,CMP014,HPC Stage 4 Disk,ESN700003,2021-02-28,2022-11-10,STAGE4,NEW,ACTIVE
INV0000116,CSN900116,CMP015,HPC Stage 5 Disk,ESN700003,2020-12-05,2022-09-21,STAGE5,NEW,ACTIVE
INV0000117,CSN900117,CMP016,HPC Rotor Shaft,ESN700003,2021-01-27,2022-11-25,CENTER,NEW,ACTIVE
INV0000118,CSN900118,CMP018,Variable Stator Vane Assembly,ESN700003,2022-05-01,2022-10-28,CENTER,NEW,ACTIVE
INV0000119,CSN900119,CMP019,HPC Case,ESN700003,2022-06-14,2022-09-22,CENTER,NEW,ACTIVE
INV0000120,CSN900120,CMP020,Combustor Liner,ESN700003,2020-11-08,2022-12-13,CENTER,NEW,ACTIVE
INV0000121,CSN900121,CMP022,Dome Assembly,ESN700003,2022-01-28,2022-11-24,CENTER,NEW,ACTIVE
INV0000122,CSN900122,CMP024,HPT Stage 1 Disk,ESN700003,2021-04-15,2022-08-05,STAGE1,NEW,ACTIVE
INV0000123,CSN900123,CMP025,HPT Stage 2 Disk,ESN700003,2021-03-01,2022-12-23,STAGE2,NEW,ACTIVE
INV0000124,CSN900124,CMP028,HPT Shroud,ESN700003,2022-04-19,2022-09-04,CENTER,NEW,ACTIVE
INV0000125,CSN900125,CMP029,LPT Shaft,ESN700003,2021-10-08,2023-01-03,CENTER,NEW,ACTIVE
INV0000126,CSN900126,CMP030,LPT Stage 1 Disk,ESN700003,2020-10-20,2022-10-17,STAGE1,NEW,ACTIVE
INV0000127,CSN900127,CMP031,LPT Stage 2 Disk,ESN700003,2021-06-09,2022-09-06,STAGE2,NEW,ACTIVE
INV0000128,CSN900128,CMP034,Turbine Rear Frame,ESN700003,2022-01-11,2022-09-14,CENTER,NEW,ACTIVE
INV0000129,CSN900129,CMP035,Fuel Pump,ESN700003,2021-01-01,2022-08-27,CENTER,NEW,ACTIVE
INV0000130,CSN900130,CMP036,Hydromechanical Unit (HMU),ESN700003,2022-07-22,2022-08-29,CENTER,NEW,ACTIVE
INV0000131,CSN900131,CMP037,Fuel Filter,ESN700003,2021-10-10,2022-10-14,CENTER,NEW,ACTIVE
INV0000132,CSN900132,CMP038,Fuel Shutoff Valve,ESN700003,2021-06-17,2023-01-16,CENTER,NEW,ACTIVE
INV0000133,CSN900133,CMP039,Fuel Manifold,ESN700003,2021-01-22,2023-01-22,CENTER,NEW,ACTIVE
INV0000134,CSN900134,CMP040,Ignition Exciter,ESN700003,2022-01-22,2022-09-29,CENTER,NEW,ACTIVE
INV0000135,CSN900135,CMP041,Igniter Plug A,ESN700003,2021-07-23,2022-10-18,A,NEW,ACTIVE
INV0000136,CSN900136,CMP042,Igniter Plug B,ESN700003,2021-01-20,2022-11-08,B,NEW,ACTIVE
INV0000137,CSN900137,CMP043,Variable Bleed Valve (VBV),ESN700003,2020-11-04,2022-09-23,CENTER,NEW,ACTIVE
INV0000138,CSN900138,CMP044,VBV Actuator,ESN700003,2021-05-05,2022-11-29,CENTER,NEW,ACTIVE
INV0000139,CSN900139,CMP045,High Stage Bleed Valve,ESN700003,2021-07-25,2022-12-24,CENTER,NEW,ACTIVE
INV0000140,CSN900140,CMP046,Start Valve,ESN700003,2020-12-28,2022-08-09,CENTER,NEW,ACTIVE
INV0000141,CSN900141,CMP047,Exhaust Nozzle,ESN700003,2022-02-13,2023-01-27,CENTER,NEW,ACTIVE
INV0000142,CSN900142,CMP048,Exhaust Mixer,ESN700003,2022-01-08,2022-08-31,CENTER,NEW,ACTIVE
INV0000143,CSN900143,CMP049,Oil Pump,ESN700003,2020-11-16,2023-01-26,CENTER,NEW,ACTIVE
INV0000144,CSN900144,CMP050,Scavenge Pump,ESN700003,2020-10-11,2022-11-10,CENTER,NEW,ACTIVE
INV0000145,CSN900145,CMP051,Oil Filter,ESN700003,2021-10-01,2022-11-03,CENTER,NEW,ACTIVE
INV0000146,CSN900146,CMP052,Oil Pressure Transmitter,ESN700003,2021-02-19,2022-09-11,CENTER,NEW,ACTIVE
INV0000147,CSN900147,CMP053,Oil Temperature Sensor,ESN700003,2021-06-19,2022-12-27,CENTER,NEW,ACTIVE
INV0000148,CSN900148,CMP054,EGT Thermocouple Harness,ESN700003,2022-06-23,2022-08-24,CENTER,NEW,ACTIVE
INV0000149,CSN900149,CMP055,N1 Speed Sensor,ESN700003,2020-08-27,2022-11-13,CENTER,NEW,ACTIVE
INV0000150,CSN900150,CMP056,N2 Speed Sensor,ESN700003,2021-11-20,2022-10-06,CENTER,NEW,ACTIVE
INV0000151,CSN900151,CMP057,Vibration Sensor,ESN700003,2021-12-28,2022-09-18,CENTER,NEW,ACTIVE
INV0000152,CSN900152,CMP058,Chip Detector,ESN700003,2021-04-08,2022-12-23,CENTER,NEW,ACTIVE
INV0000153,CSN900153,CMP059,Accessory Gearbox,ESN700003,2022-04-15,2022-12-13,CENTER,NEW,ACTIVE
INV0000154,CSN900154,CMP060,Starter,ESN700003,2022-07-28,2022-12-29,CENTER,NEW,ACTIVE
INV0000155,CSN900155,CMP061,Integrated Drive Generator (IDG) Drive Pad,ESN700003,2021-11-08,2022-09-21,CENTER,NEW,ACTIVE
INV0000156,CSN900156,CMP062,Hydraulic Pump Drive Pad,ESN700003,2021-09-05,2022-10-29,CENTER,NEW,ACTIVE
INV0000157,CSN900157,CMP001,Fan Disk,ESN700004,2021-08-08,2022-11-27,CENTER,NEW,ACTIVE
INV0000158,CSN900158,CMP002,Fan Shaft,ESN700004,2021-10-24,2023-03-15,CENTER,NEW,ACTIVE
INV0000159,CSN900159,CMP005,Fan Case,ESN700004,2022-08-07,2023-02-07,CENTER,NEW,ACTIVE
INV0000160,CSN900160,CMP006,Spinner Cone,ESN700004,2021-12-06,2023-01-24,CENTER,NEW,ACTIVE
INV0000161,CSN900161,CMP007,Booster Rotor,ESN700004,2021-06-14,2022-11-19,CENTER,NEW,ACTIVE
INV0000162,CSN900162,CMP009,Booster Stator Assembly,ESN700004,2022-04-30,2022-11-20,CENTER,NEW,ACTIVE
INV0000163,CSN900163,CMP010,Booster Case,ESN700004,2021-03-14,2023-04-14,CENTER,NEW,ACTIVE
INV0000164,CSN900164,CMP011,HPC Stage 1 Disk,ESN700004,2021-01-26,2022-11-16,STAGE1,NEW,ACTIVE
INV0000165,CSN900165,CMP012,HPC Stage 2 Disk,ESN700004,2021-12-04,2023-01-17,STAGE2,NEW,ACTIVE
INV0000166,CSN900166,CMP013,HPC Stage 3 Disk,ESN700004,2021-05-02,2023-01-24,STAGE3,NEW,ACTIVE
INV0000167,CSN900167,CMP014,HPC Stage 4 Disk,ESN700004,2021-08-01,2023-02-11,STAGE4,NEW,ACTIVE
INV0000168,CSN900168,CMP015,HPC Stage 5 Disk,ESN700004,2021-03-28,2023-01-11,STAGE5,NEW,ACTIVE
INV0000169,CSN900169,CMP016,HPC Rotor Shaft,ESN700004,2021-09-04,2023-01-06,CENTER,NEW,ACTIVE
INV0000170,CSN900170,CMP018,Variable Stator Vane Assembly,ESN700004,2022-09-01,2022-11-04,CENTER,NEW,ACTIVE
INV0000171,CSN900171,CMP019,HPC Case,ESN700004,2022-09-20,2022-12-13,CENTER,NEW,ACTIVE
INV0000172,CSN900172,CMP020,Combustor Liner,ESN700004,2022-02-22,2022-12-04,CENTER,NEW,ACTIVE
INV0000173,CSN900173,CMP022,Dome Assembly,ESN700004,2022-02-27,2023-04-07,CENTER,NEW,ACTIVE
INV0000174,CSN900174,CMP024,HPT Stage 1 Disk,ESN700004,2020-11-24,2022-11-24,STAGE1,NEW,ACTIVE
INV0000175,CSN900175,CMP025,HPT Stage 2 Disk,ESN700004,2021-12-15,2023-03-25,STAGE2,NEW,ACTIVE
INV0000176,CSN900176,CMP028,HPT Shroud,ESN700004,2022-04-01,2023-02-06,CENTER,NEW,ACTIVE
INV0000177,CSN900177,CMP029,LPT Shaft,ESN700004,2022-07-25,2023-03-30,CENTER,NEW,ACTIVE
INV0000178,CSN900178,CMP030,LPT Stage 1 Disk,ESN700004,2022-04-22,2022-10-30,STAGE1,NEW,ACTIVE
INV0000179,CSN900179,CMP031,LPT Stage 2 Disk,ESN700004,2021-09-12,2023-04-15,STAGE2,NEW,ACTIVE
INV0000180,CSN900180,CMP034,Turbine Rear Frame,ESN700004,2021-07-11,2023-03-20,CENTER,NEW,ACTIVE
INV0000181,CSN900181,CMP035,Fuel Pump,ESN700004,2022-07-28,2022-12-20,CENTER,NEW,ACTIVE
INV0000182,CSN900182,CMP036,Hydromechanical Unit (HMU),ESN700004,2021-05-15,2023-03-17,CENTER,NEW,ACTIVE
INV0000183,CSN900183,CMP037,Fuel Filter,ESN700004,2021-03-29,2023-02-17,CENTER,NEW,ACTIVE
INV0000184,CSN900184,CMP038,Fuel Shutoff Valve,ESN700004,2022-05-21,2023-03-18,CENTER,NEW,ACTIVE
INV0000185,CSN900185,CMP039,Fuel Manifold,ESN700004,2022-07-07,2022-11-02,CENTER,NEW,ACTIVE
INV0000186,CSN900186,CMP040,Ignition Exciter,ESN700004,2021-03-19,2023-01-27,CENTER,NEW,ACTIVE
INV0000187,CSN900187,CMP041,Igniter Plug A,ESN700004,2022-04-29,2022-11-12,A,NEW,ACTIVE
INV0000188,CSN900188,CMP042,Igniter Plug B,ESN700004,2020-11-26,2022-11-10,B,NEW,ACTIVE
INV0000189,CSN900189,CMP043,Variable Bleed Valve (VBV),ESN700004,2021-08-23,2023-03-06,CENTER,NEW,ACTIVE
INV0000190,CSN900190,CMP044,VBV Actuator,ESN700004,2022-05-02,2023-02-14,CENTER,NEW,ACTIVE
INV0000191,CSN900191,CMP045,High Stage Bleed Valve,ESN700004,2021-08-15,2023-01-13,CENTER,NEW,ACTIVE
INV0000192,CSN900192,CMP046,Start Valve,ESN700004,2020-11-02,2022-12-15,CENTER,NEW,ACTIVE
INV0000193,CSN900193,CMP047,Exhaust Nozzle,ESN700004,2022-08-28,2023-03-02,CENTER,NEW,ACTIVE
INV0000194,CSN900194,CMP048,Exhaust Mixer,ESN700004,2022-10-09,2022-10-29,CENTER,NEW,ACTIVE
INV0000195,CSN900195,CMP049,Oil Pump,ESN700004,2021-02-11,2023-01-31,CENTER,NEW,ACTIVE
INV0000196,CSN900196,CMP050,Scavenge Pump,ESN700004,2021-04-12,2022-12-24,CENTER,NEW,ACTIVE
INV0000197,CSN900197,CMP051,Oil Filter,ESN700004,2022-09-02,2023-04-05,CENTER,NEW,ACTIVE
INV0000198,CSN900198,CMP052,Oil Pressure Transmitter,ESN700004,2021-09-30,2023-04-13,CENTER,NEW,ACTIVE
INV0000199,CSN900199,CMP053,Oil Temperature Sensor,ESN700004,2021-08-29,2023-03-08,CENTER,NEW,ACTIVE
INV0000200,CSN900200,CMP054,EGT Thermocouple Harness,ESN700004,2021-04-15,2022-11-01,CENTER,NEW,ACTIVE
INV0000201,CSN900201,CMP055,N1 Speed Sensor,ESN700004,2022-05-27,2022-11-11,CENTER,NEW,ACTIVE
INV0000202,CSN900202,CMP056,N2 Speed Sensor,ESN700004,2021-07-21,2023-02-18,CENTER,NEW,ACTIVE
INV0000203,CSN900203,CMP057,Vibration Sensor,ESN700004,2020-10-24,2022-12-05,CENTER,NEW,ACTIVE
INV0000204,CSN900204,CMP058,Chip Detector,ESN700004,2022-09-13,2023-02-06,CENTER,NEW,ACTIVE
INV0000205,CSN900205,CMP059,Accessory Gearbox,ESN700004,2021-05-28,2023-04-08,CENTER,NEW,ACTIVE
INV0000206,CSN900206,CMP060,Starter,ESN700004,2022-05-27,2023-01-29,CENTER,NEW,ACTIVE
INV0000207,CSN900207,CMP061,Integrated Drive Generator (IDG) Drive Pad,ESN700004,2021-04-25,2022-11-27,CENTER,NEW,ACTIVE
INV0000208,CSN900208,CMP062,Hydraulic Pump Drive Pad,ESN700004,2021-02-18,2023-01-19,CENTER,NEW,ACTIVE
INV0000209,CSN900209,CMP001,Fan Disk,ESN700005,2021-03-08,2022-11-24,CENTER,NEW,ACTIVE
INV0000210,CSN900210,CMP002,Fan Shaft,ESN700005,2021-06-03,2023-03-28,CENTER,NEW,ACTIVE
INV0000211,CSN900211,CMP005,Fan Case,ESN700005,2021-05-29,2023-02-17,CENTER,NEW,ACTIVE
INV0000212,CSN900212,CMP006,Spinner Cone,ESN700005,2021-06-01,2023-04-11,CENTER,NEW,ACTIVE
INV0000213,CSN900213,CMP007,Booster Rotor,ESN700005,2022-09-02,2023-04-15,CENTER,NEW,ACTIVE
INV0000214,CSN900214,CMP009,Booster Stator Assembly,ESN700005,2021-03-09,2023-04-24,CENTER,NEW,ACTIVE
INV0000215,CSN900215,CMP010,Booster Case,ESN700005,2021-12-07,2022-11-11,CENTER,NEW,ACTIVE
INV0000216,CSN900216,CMP011,HPC Stage 1 Disk,ESN700005,2021-01-09,2022-12-21,STAGE1,NEW,ACTIVE
INV0000217,CSN900217,CMP012,HPC Stage 2 Disk,ESN700005,2021-04-12,2022-11-10,STAGE2,NEW,ACTIVE
INV0000218,CSN900218,CMP013,HPC Stage 3 Disk,ESN700005,2022-08-08,2022-11-06,STAGE3,NEW,ACTIVE
INV0000219,CSN900219,CMP014,HPC Stage 4 Disk,ESN700005,2021-03-11,2023-01-20,STAGE4,NEW,ACTIVE
INV0000220,CSN900220,CMP015,HPC Stage 5 Disk,ESN700005,2022-03-30,2022-11-09,STAGE5,NEW,ACTIVE
INV0000221,CSN900221,CMP016,HPC Rotor Shaft,ESN700005,2021-03-01,2022-12-26,CENTER,NEW,ACTIVE
INV0000222,CSN900222,CMP018,Variable Stator Vane Assembly,ESN700005,2021-06-26,2023-01-15,CENTER,NEW,ACTIVE
INV0000223,CSN900223,CMP019,HPC Case,ESN700005,2021-08-08,2022-12-08,CENTER,NEW,ACTIVE
INV0000224,CSN900224,CMP020,Combustor Liner,ESN700005,2022-06-30,2023-04-26,CENTER,NEW,ACTIVE
INV0000225,CSN900225,CMP022,Dome Assembly,ESN700005,2022-07-27,2022-11-12,CENTER,NEW,ACTIVE
INV0000226,CSN900226,CMP024,HPT Stage 1 Disk,ESN700005,2021-10-06,2023-01-20,STAGE1,NEW,ACTIVE
INV0000227,CSN900227,CMP025,HPT Stage 2 Disk,ESN700005,2021-08-01,2023-02-18,STAGE2,NEW,ACTIVE
INV0000228,CSN900228,CMP028,HPT Shroud,ESN700005,2021-01-02,2023-02-04,CENTER,NEW,ACTIVE
INV0000229,CSN900229,CMP029,LPT Shaft,ESN700005,2021-07-13,2023-01-24,CENTER,NEW,ACTIVE
INV0000230,CSN900230,CMP030,LPT Stage 1 Disk,ESN700005,2022-07-07,2022-12-27,STAGE1,NEW,ACTIVE
INV0000231,CSN900231,CMP031,LPT Stage 2 Disk,ESN700005,2021-12-11,2023-03-22,STAGE2,NEW,ACTIVE
INV0000232,CSN900232,CMP034,Turbine Rear Frame,ESN700005,2022-03-30,2022-11-01,CENTER,NEW,ACTIVE
INV0000233,CSN900233,CMP035,Fuel Pump,ESN700005,2022-07-24,2023-02-26,CENTER,NEW,ACTIVE
INV0000234,CSN900234,CMP036,Hydromechanical Unit (HMU),ESN700005,2021-10-27,2022-11-22,CENTER,NEW,ACTIVE
INV0000235,CSN900235,CMP037,Fuel Filter,ESN700005,2022-03-25,2023-01-30,CENTER,NEW,ACTIVE
INV0000236,CSN900236,CMP038,Fuel Shutoff Valve,ESN700005,2022-10-05,2022-11-22,CENTER,NEW,ACTIVE
INV0000237,CSN900237,CMP039,Fuel Manifold,ESN700005,2021-12-19,2023-03-24,CENTER,NEW,ACTIVE
INV0000238,CSN900238,CMP040,Ignition Exciter,ESN700005,2022-04-05,2023-03-15,CENTER,NEW,ACTIVE
INV0000239,CSN900239,CMP041,Igniter Plug A,ESN700005,2021-06-20,2022-12-21,A,NEW,ACTIVE
INV0000240,CSN900240,CMP042,Igniter Plug B,ESN700005,2022-05-01,2023-01-28,B,NEW,ACTIVE
INV0000241,CSN900241,CMP043,Variable Bleed Valve (VBV),ESN700005,2022-09-23,2022-11-16,CENTER,NEW,ACTIVE
INV0000242,CSN900242,CMP044,VBV Actuator,ESN700005,2021-11-17,2022-11-05,CENTER,NEW,ACTIVE
INV0000243,CSN900243,CMP045,High Stage Bleed Valve,ESN700005,2021-08-24,2023-04-17,CENTER,NEW,ACTIVE
INV0000244,CSN900244,CMP046,Start Valve,ESN700005,2022-03-29,2023-02-25,CENTER,NEW,ACTIVE
INV0000245,CSN900245,CMP047,Exhaust Nozzle,ESN700005,2020-12-29,2023-02-20,CENTER,NEW,ACTIVE
INV0000246,CSN900246,CMP048,Exhaust Mixer,ESN700005,2022-07-21,2022-12-06,CENTER,NEW,ACTIVE
INV0000247,CSN900247,CMP049,Oil Pump,ESN700005,2022-01-19,2023-04-09,CENTER,NEW,ACTIVE
INV0000248,CSN900248,CMP050,Scavenge Pump,ESN700005,2021-05-17,2022-11-03,CENTER,NEW,ACTIVE
INV0000249,CSN900249,CMP051,Oil Filter,ESN700005,2021-12-29,2022-12-23,CENTER,NEW,ACTIVE
INV0000250,CSN900250,CMP052,Oil Pressure Transmitter,ESN700005,2021-01-15,2022-11-20,CENTER,NEW,ACTIVE
INV0000251,CSN900251,CMP053,Oil Temperature Sensor,ESN700005,2021-08-28,2022-12-17,CENTER,NEW,ACTIVE
INV0000252,CSN900252,CMP054,EGT Thermocouple Harness,ESN700005,2021-03-06,2023-02-15,CENTER,NEW,ACTIVE
INV0000253,CSN900253,CMP055,N1 Speed Sensor,ESN700005,2021-01-04,2022-12-04,CENTER,NEW,ACTIVE
INV0000254,CSN900254,CMP056,N2 Speed Sensor,ESN700005,2021-06-10,2022-12-12,CENTER,NEW,ACTIVE
INV0000255,CSN900255,CMP057,Vibration Sensor,ESN700005,2022-07-05,2022-11-04,CENTER,NEW,ACTIVE
INV0000256,CSN900256,CMP058,Chip Detector,ESN700005,2021-12-02,2022-11-28,CENTER,NEW,ACTIVE
INV0000257,CSN900257,CMP059,Accessory Gearbox,ESN700005,2021-11-15,2023-02-28,CENTER,NEW,ACTIVE
INV0000258,CSN900258,CMP060,Starter,ESN700005,2021-05-09,2022-12-20,CENTER,NEW,ACTIVE
INV0000259,CSN900259,CMP061,Integrated Drive Generator (IDG) Drive Pad,ESN700005,2021-12-02,2023-02-11,CENTER,NEW,ACTIVE
INV0000260,CSN900260,CMP062,Hydraulic Pump Drive Pad,ESN700005,2022-07-25,2022-12-08,CENTER,NEW,ACTIVE
INV0000261,CSN900261,CMP001,Fan Disk,ESN700006,2021-12-12,2023-01-28,CENTER,NEW,ACTIVE
INV0000262,CSN900262,CMP002,Fan Shaft,ESN700006,2022-02-12,2023-04-05,CENTER,NEW,ACTIVE
INV0000263,CSN900263,CMP005,Fan Case,ESN700006,2021-03-05,2023-02-04,CENTER,NEW,ACTIVE
INV0000264,CSN900264,CMP006,Spinner Cone,ESN700006,2021-08-02,2023-04-06,CENTER,NEW,ACTIVE
INV0000265,CSN900265,CMP007,Booster Rotor,ESN700006,2021-12-08,2023-01-13,CENTER,NEW,ACTIVE
INV0000266,CSN900266,CMP009,Booster Stator Assembly,ESN700006,2021-05-02,2023-02-26,CENTER,NEW,ACTIVE
INV0000267,CSN900267,CMP010,Booster Case,ESN700006,2021-05-25,2022-12-20,CENTER,NEW,ACTIVE
INV0000268,CSN900268,CMP011,HPC Stage 1 Disk,ESN700006,2021-03-22,2023-05-08,STAGE1,NEW,ACTIVE
INV0000269,CSN900269,CMP012,HPC Stage 2 Disk,ESN700006,2021-09-15,2023-02-10,STAGE2,NEW,ACTIVE
INV0000270,CSN900270,CMP013,HPC Stage 3 Disk,ESN700006,2022-06-22,2023-04-18,STAGE3,NEW,ACTIVE
INV0000271,CSN900271,CMP014,HPC Stage 4 Disk,ESN700006,2021-04-17,2023-01-18,STAGE4,NEW,ACTIVE
INV0000272,CSN900272,CMP015,HPC Stage 5 Disk,ESN700006,2022-09-21,2022-12-11,STAGE5,NEW,ACTIVE
INV0000273,CSN900273,CMP016,HPC Rotor Shaft,ESN700006,2020-12-22,2023-01-31,CENTER,NEW,ACTIVE
INV0000274,CSN900274,CMP018,Variable Stator Vane Assembly,ESN700006,2021-12-14,2023-05-25,CENTER,NEW,ACTIVE
INV0000275,CSN900275,CMP019,HPC Case,ESN700006,2021-12-04,2023-04-03,CENTER,NEW,ACTIVE
INV0000276,CSN900276,CMP020,Combustor Liner,ESN700006,2021-06-04,2023-02-05,CENTER,NEW,ACTIVE
INV0000277,CSN900277,CMP022,Dome Assembly,ESN700006,2022-05-10,2022-12-14,CENTER,NEW,ACTIVE
INV0000278,CSN900278,CMP024,HPT Stage 1 Disk,ESN700006,2022-06-28,2023-04-04,STAGE1,NEW,ACTIVE
INV0000279,CSN900279,CMP025,HPT Stage 2 Disk,ESN700006,2022-04-21,2022-12-27,STAGE2,NEW,ACTIVE
INV0000280,CSN900280,CMP028,HPT Shroud,ESN700006,2021-05-28,2023-02-16,CENTER,NEW,ACTIVE
INV0000281,CSN900281,CMP029,LPT Shaft,ESN700006,2022-05-08,2023-04-24,CENTER,NEW,ACTIVE
INV0000282,CSN900282,CMP030,LPT Stage 1 Disk,ESN700006,2021-08-02,2022-12-29,STAGE1,NEW,ACTIVE
INV0000283,CSN900283,CMP031,LPT Stage 2 Disk,ESN700006,2022-03-09,2023-02-01,STAGE2,NEW,ACTIVE
INV0000284,CSN900284,CMP034,Turbine Rear Frame,ESN700006,2022-05-28,2023-01-19,CENTER,NEW,ACTIVE
INV0000285,CSN900285,CMP035,Fuel Pump,ESN700006,2021-12-06,2023-01-22,CENTER,NEW,ACTIVE
INV0000286,CSN900286,CMP036,Hydromechanical Unit (HMU),ESN700006,2021-03-21,2022-12-15,CENTER,NEW,ACTIVE
INV0000287,CSN900287,CMP037,Fuel Filter,ESN700006,2021-06-01,2023-03-28,CENTER,NEW,ACTIVE
INV0000288,CSN900288,CMP038,Fuel Shutoff Valve,ESN700006,2022-07-10,2023-05-31,CENTER,NEW,ACTIVE
INV0000289,CSN900289,CMP039,Fuel Manifold,ESN700006,2022-05-11,2022-12-31,CENTER,NEW,ACTIVE
INV0000290,CSN900290,CMP040,Ignition Exciter,ESN700006,2021-02-11,2023-01-12,CENTER,NEW,ACTIVE
INV0000291,CSN900291,CMP041,Igniter Plug A,ESN700006,2022-06-16,2023-01-05,A,NEW,ACTIVE
INV0000292,CSN900292,CMP042,Igniter Plug B,ESN700006,2022-02-27,2023-02-12,B,NEW,ACTIVE
INV0000293,CSN900293,CMP043,Variable Bleed Valve (VBV),ESN700006,2022-08-02,2023-03-23,CENTER,NEW,ACTIVE
INV0000294,CSN900294,CMP044,VBV Actuator,ESN700006,2021-03-18,2023-05-15,CENTER,NEW,ACTIVE
INV0000295,CSN900295,CMP045,High Stage Bleed Valve,ESN700006,2022-10-08,2023-04-21,CENTER,NEW,ACTIVE
INV0000296,CSN900296,CMP046,Start Valve,ESN700006,2021-12-17,2023-03-09,CENTER,NEW,ACTIVE
INV0000297,CSN900297,CMP047,Exhaust Nozzle,ESN700006,2021-10-04,2022-12-12,CENTER,NEW,ACTIVE
INV0000298,CSN900298,CMP048,Exhaust Mixer,ESN700006,2021-12-31,2023-06-05,CENTER,NEW,ACTIVE
INV0000299,CSN900299,CMP049,Oil Pump,ESN700006,2022-02-07,2023-05-22,CENTER,NEW,ACTIVE
INV0000300,CSN900300,CMP050,Scavenge Pump,ESN700006,2022-04-10,2023-01-02,CENTER,NEW,ACTIVE
INV0000301,CSN900301,CMP051,Oil Filter,ESN700006,2022-08-31,2023-01-24,CENTER,NEW,ACTIVE
INV0000302,CSN900302,CMP052,Oil Pressure Transmitter,ESN700006,2022-07-25,2022-12-30,CENTER,NEW,ACTIVE
INV0000303,CSN900303,CMP053,Oil Temperature Sensor,ESN700006,2022-10-15,2022-12-20,CENTER,NEW,ACTIVE
INV0000304,CSN900304,CMP054,EGT Thermocouple Harness,ESN700006,2022-08-04,2023-04-11,CENTER,NEW,ACTIVE
INV0000305,CSN900305,CMP055,N1 Speed Sensor,ESN700006,2021-01-09,2023-06-01,CENTER,NEW,ACTIVE
INV0000306,CSN900306,CMP056,N2 Speed Sensor,ESN700006,2021-05-21,2023-03-31,CENTER,NEW,ACTIVE
INV0000307,CSN900307,CMP057,Vibration Sensor,ESN700006,2022-01-30,2023-03-08,CENTER,NEW,ACTIVE
INV0000308,CSN900308,CMP058,Chip Detector,ESN700006,2021-04-17,2023-05-18,CENTER,NEW,ACTIVE
INV0000309,CSN900309,CMP059,Accessory Gearbox,ESN700006,2022-10-16,2023-01-06,CENTER,NEW,ACTIVE
INV0000310,CSN900310,CMP060,Starter,ESN700006,2022-12-06,2023-02-11,CENTER,NEW,ACTIVE
INV0000311,CSN900311,CMP061,Integrated Drive Generator (IDG) Drive Pad,ESN700006,2021-05-02,2022-12-31,CENTER,NEW,ACTIVE
INV0000312,CSN900312,CMP062,Hydraulic Pump Drive Pad,ESN700006,2022-11-10,2023-03-17,CENTER,NEW,ACTIVE
INV0000313,CSN900313,CMP001,Fan Disk,ESN700007,2021-01-01,2023-03-21,CENTER,NEW,ACTIVE
INV0000314,CSN900314,CMP002,Fan Shaft,ESN700007,2021-04-10,2023-05-01,CENTER,NEW,ACTIVE
INV0000315,CSN900315,CMP005,Fan Case,ESN700007,2021-10-30,2023-01-03,CENTER,NEW,ACTIVE
INV0000316,CSN900316,CMP006,Spinner Cone,ESN700007,2022-12-19,2023-02-27,CENTER,NEW,ACTIVE
INV0000317,CSN900317,CMP007,Booster Rotor,ESN700007,2022-04-09,2023-02-10,CENTER,NEW,ACTIVE
INV0000318,CSN900318,CMP009,Booster Stator Assembly,ESN700007,2021-02-17,2023-04-28,CENTER,NEW,ACTIVE
INV0000319,CSN900319,CMP010,Booster Case,ESN700007,2022-05-04,2023-03-09,CENTER,NEW,ACTIVE
INV0000320,CSN900320,CMP011,HPC Stage 1 Disk,ESN700007,2022-04-28,2022-12-29,STAGE1,NEW,ACTIVE
INV0000321,CSN900321,CMP012,HPC Stage 2 Disk,ESN700007,2021-01-19,2023-03-30,STAGE2,NEW,ACTIVE
INV0000322,CSN900322,CMP013,HPC Stage 3 Disk,ESN700007,2022-03-09,2023-05-14,STAGE3,NEW,ACTIVE
INV0000323,CSN900323,CMP014,HPC Stage 4 Disk,ESN700007,2021-06-29,2023-04-28,STAGE4,NEW,ACTIVE
INV0000324,CSN900324,CMP015,HPC Stage 5 Disk,ESN700007,2022-04-09,2023-02-19,STAGE5,NEW,ACTIVE
INV0000325,CSN900325,CMP016,HPC Rotor Shaft,ESN700007,2021-08-05,2023-03-20,CENTER,NEW,ACTIVE
INV0000326,CSN900326,CMP018,Variable Stator Vane Assembly,ESN700007,2021-07-06,2023-01-16,CENTER,NEW,ACTIVE
INV0000327,CSN900327,CMP019,HPC Case,ESN700007,2021-11-21,2023-06-15,CENTER,NEW,ACTIVE
INV0000328,CSN900328,CMP020,Combustor Liner,ESN700007,2022-10-29,2023-04-13,CENTER,NEW,ACTIVE
INV0000329,CSN900329,CMP022,Dome Assembly,ESN700007,2022-07-12,2023-05-08,CENTER,NEW,ACTIVE
INV0000330,CSN900330,CMP024,HPT Stage 1 Disk,ESN700007,2022-09-05,2023-01-26,STAGE1,NEW,ACTIVE
INV0000331,CSN900331,CMP025,HPT Stage 2 Disk,ESN700007,2022-01-29,2023-01-27,STAGE2,NEW,ACTIVE
INV0000332,CSN900332,CMP028,HPT Shroud,ESN700007,2022-02-09,2023-05-30,CENTER,NEW,ACTIVE
INV0000333,CSN900333,CMP029,LPT Shaft,ESN700007,2022-06-11,2023-04-22,CENTER,NEW,ACTIVE
INV0000334,CSN900334,CMP030,LPT Stage 1 Disk,ESN700007,2022-10-29,2023-05-03,STAGE1,NEW,ACTIVE
INV0000335,CSN900335,CMP031,LPT Stage 2 Disk,ESN700007,2022-08-24,2023-02-26,STAGE2,NEW,ACTIVE
INV0000336,CSN900336,CMP034,Turbine Rear Frame,ESN700007,2022-11-22,2023-02-23,CENTER,NEW,ACTIVE
INV0000337,CSN900337,CMP035,Fuel Pump,ESN700007,2022-03-08,2023-06-13,CENTER,NEW,ACTIVE
INV0000338,CSN900338,CMP036,Hydromechanical Unit (HMU),ESN700007,2021-07-04,2023-04-26,CENTER,NEW,ACTIVE
INV0000339,CSN900339,CMP037,Fuel Filter,ESN700007,2022-05-15,2023-03-06,CENTER,NEW,ACTIVE
INV0000340,CSN900340,CMP038,Fuel Shutoff Valve,ESN700007,2022-10-26,2023-01-23,CENTER,NEW,ACTIVE
INV0000341,CSN900341,CMP039,Fuel Manifold,ESN700007,2022-02-13,2023-05-03,CENTER,NEW,ACTIVE
INV0000342,CSN900342,CMP040,Ignition Exciter,ESN700007,2021-01-29,2023-06-15,CENTER,NEW,ACTIVE
INV0000343,CSN900343,CMP041,Igniter Plug A,ESN700007,2022-01-10,2023-05-27,A,NEW,ACTIVE
INV0000344,CSN900344,CMP042,Igniter Plug B,ESN700007,2022-02-08,2023-03-12,B,NEW,ACTIVE
INV0000345,CSN900345,CMP043,Variable Bleed Valve (VBV),ESN700007,2022-11-24,2023-01-16,CENTER,NEW,ACTIVE
INV0000346,CSN900346,CMP044,VBV Actuator,ESN700007,2021-09-08,2023-05-31,CENTER,NEW,ACTIVE
INV0000347,CSN900347,CMP045,High Stage Bleed Valve,ESN700007,2021-09-12,2023-02-16,CENTER,NEW,ACTIVE
INV0000348,CSN900348,CMP046,Start Valve,ESN700007,2021-12-17,2023-04-20,CENTER,NEW,ACTIVE
INV0000349,CSN900349,CMP047,Exhaust Nozzle,ESN700007,2022-09-13,2023-03-27,CENTER,NEW,ACTIVE
INV0000350,CSN900350,CMP048,Exhaust Mixer,ESN700007,2021-07-16,2023-02-15,CENTER,NEW,ACTIVE
INV0000351,CSN900351,CMP049,Oil Pump,ESN700007,2021-09-08,2023-05-03,CENTER,NEW,ACTIVE
INV0000352,CSN900352,CMP050,Scavenge Pump,ESN700007,2022-06-02,2023-01-26,CENTER,NEW,ACTIVE
INV0000353,CSN900353,CMP051,Oil Filter,ESN700007,2021-10-21,2023-01-15,CENTER,NEW,ACTIVE
INV0000354,CSN900354,CMP052,Oil Pressure Transmitter,ESN700007,2021-05-20,2023-04-19,CENTER,NEW,ACTIVE
INV0000355,CSN900355,CMP053,Oil Temperature Sensor,ESN700007,2022-03-24,2023-02-07,CENTER,NEW,ACTIVE
INV0000356,CSN900356,CMP054,EGT Thermocouple Harness,ESN700007,2021-04-21,2023-02-14,CENTER,NEW,ACTIVE
INV0000357,CSN900357,CMP055,N1 Speed Sensor,ESN700007,2022-08-19,2023-05-17,CENTER,NEW,ACTIVE
INV0000358,CSN900358,CMP056,N2 Speed Sensor,ESN700007,2021-12-26,2023-04-27,CENTER,NEW,ACTIVE
INV0000359,CSN900359,CMP057,Vibration Sensor,ESN700007,2021-09-15,2023-05-06,CENTER,NEW,ACTIVE
INV0000360,CSN900360,CMP058,Chip Detector,ESN700007,2022-05-05,2023-01-05,CENTER,NEW,ACTIVE
INV0000361,CSN900361,CMP059,Accessory Gearbox,ESN700007,2022-08-21,2023-02-27,CENTER,NEW,ACTIVE
INV0000362,CSN900362,CMP060,Starter,ESN700007,2021-03-27,2023-03-26,CENTER,NEW,ACTIVE
INV0000363,CSN900363,CMP061,Integrated Drive Generator (IDG) Drive Pad,ESN700007,2022-03-01,2023-05-13,CENTER,NEW,ACTIVE
INV0000364,CSN900364,CMP062,Hydraulic Pump Drive Pad,ESN700007,2022-06-30,2023-05-18,CENTER,NEW,ACTIVE
INV0000365,CSN900365,CMP001,Fan Disk,ESN700008,2022-02-22,2023-05-21,CENTER,NEW,ACTIVE
INV0000366,CSN900366,CMP002,Fan Shaft,ESN700008,2022-11-06,2023-03-26,CENTER,NEW,ACTIVE
INV0000367,CSN900367,CMP005,Fan Case,ESN700008,2022-03-06,2023-04-09,CENTER,NEW,ACTIVE
INV0000368,CSN900368,CMP006,Spinner Cone,ESN700008,2021-09-16,2023-03-24,CENTER,NEW,ACTIVE
INV0000369,CSN900369,CMP007,Booster Rotor,ESN700008,2021-08-31,2023-03-21,CENTER,NEW,ACTIVE
INV0000370,CSN900370,CMP009,Booster Stator Assembly,ESN700008,2021-02-25,2023-05-11,CENTER,NEW,ACTIVE
INV0000371,CSN900371,CMP010,Booster Case,ESN700008,2021-04-12,2023-01-28,CENTER,NEW,ACTIVE
INV0000372,CSN900372,CMP011,HPC Stage 1 Disk,ESN700008,2021-02-20,2023-04-24,STAGE1,NEW,ACTIVE
INV0000373,CSN900373,CMP012,HPC Stage 2 Disk,ESN700008,2022-08-19,2023-03-28,STAGE2,NEW,ACTIVE
INV0000374,CSN900374,CMP013,HPC Stage 3 Disk,ESN700008,2021-01-11,2023-01-11,STAGE3,NEW,ACTIVE
INV0000375,CSN900375,CMP014,HPC Stage 4 Disk,ESN700008,2021-10-12,2023-02-14,STAGE4,NEW,ACTIVE
INV0000376,CSN900376,CMP015,HPC Stage 5 Disk,ESN700008,2021-10-03,2023-01-26,STAGE5,NEW,ACTIVE
INV0000377,CSN900377,CMP016,HPC Rotor Shaft,ESN700008,2021-10-07,2023-04-08,CENTER,NEW,ACTIVE
INV0000378,CSN900378,CMP018,Variable Stator Vane Assembly,ESN700008,2021-06-28,2023-05-04,CENTER,NEW,ACTIVE
INV0000379,CSN900379,CMP019,HPC Case,ESN700008,2021-09-21,2023-05-24,CENTER,NEW,ACTIVE
INV0000380,CSN900380,CMP020,Combustor Liner,ESN700008,2022-05-08,2023-05-11,CENTER,NEW,ACTIVE
INV0000381,CSN900381,CMP022,Dome Assembly,ESN700008,2022-06-13,2023-03-06,CENTER,NEW,ACTIVE
INV0000382,CSN900382,CMP024,HPT Stage 1 Disk,ESN700008,2022-05-04,2023-05-28,STAGE1,NEW,ACTIVE
INV0000383,CSN900383,CMP025,HPT Stage 2 Disk,ESN700008,2022-11-10,2023-03-09,STAGE2,NEW,ACTIVE
INV0000384,CSN900384,CMP028,HPT Shroud,ESN700008,2021-11-13,2023-06-13,CENTER,NEW,ACTIVE
INV0000385,CSN900385,CMP029,LPT Shaft,ESN700008,2022-05-13,2023-05-02,CENTER,NEW,ACTIVE
INV0000386,CSN900386,CMP030,LPT Stage 1 Disk,ESN700008,2022-08-07,2023-03-10,STAGE1,NEW,ACTIVE
INV0000387,CSN900387,CMP031,LPT Stage 2 Disk,ESN700008,2021-10-27,2023-05-22,STAGE2,NEW,ACTIVE
INV0000388,CSN900388,CMP034,Turbine Rear Frame,ESN700008,2021-09-29,2023-06-27,CENTER,NEW,ACTIVE
INV0000389,CSN900389,CMP035,Fuel Pump,ESN700008,2022-10-18,2023-05-21,CENTER,NEW,ACTIVE
INV0000390,CSN900390,CMP036,Hydromechanical Unit (HMU),ESN700008,2021-04-28,2023-02-16,CENTER,NEW,ACTIVE
INV0000391,CSN900391,CMP037,Fuel Filter,ESN700008,2021-04-28,2023-05-16,CENTER,NEW,ACTIVE
INV0000392,CSN900392,CMP038,Fuel Shutoff Valve,ESN700008,2022-12-29,2023-03-09,CENTER,NEW,ACTIVE
INV0000393,CSN900393,CMP039,Fuel Manifold,ESN700008,2022-08-18,2023-02-07,CENTER,NEW,ACTIVE
INV0000394,CSN900394,CMP040,Ignition Exciter,ESN700008,2021-03-01,2023-02-06,CENTER,NEW,ACTIVE
INV0000395,CSN900395,CMP041,Igniter Plug A,ESN700008,2022-07-11,2023-03-26,A,NEW,ACTIVE
INV0000396,CSN900396,CMP042,Igniter Plug B,ESN700008,2021-01-30,2023-04-09,B,NEW,ACTIVE
INV0000397,CSN900397,CMP043,Variable Bleed Valve (VBV),ESN700008,2021-09-28,2023-01-14,CENTER,NEW,ACTIVE
INV0000398,CSN900398,CMP044,VBV Actuator,ESN700008,2021-09-18,2023-03-06,CENTER,NEW,ACTIVE
INV0000399,CSN900399,CMP045,High Stage Bleed Valve,ESN700008,2022-10-15,2023-06-19,CENTER,NEW,ACTIVE
INV0000400,CSN900400,CMP046,Start Valve,ESN700008,2022-08-19,2023-04-04,CENTER,NEW,ACTIVE
INV0000401,CSN900401,CMP047,Exhaust Nozzle,ESN700008,2021-07-16,2022-12-30,CENTER,NEW,ACTIVE
INV0000402,CSN900402,CMP048,Exhaust Mixer,ESN700008,2022-07-27,2023-05-03,CENTER,NEW,ACTIVE
INV0000403,CSN900403,CMP049,Oil Pump,ESN700008,2021-03-21,2023-02-03,CENTER,NEW,ACTIVE
INV0000404,CSN900404,CMP050,Scavenge Pump,ESN700008,2021-11-29,2023-03-10,CENTER,NEW,ACTIVE
INV0000405,CSN900405,CMP051,Oil Filter,ESN700008,2022-03-21,2023-03-30,CENTER,NEW,ACTIVE
INV0000406,CSN900406,CMP052,Oil Pressure Transmitter,ESN700008,2022-06-15,2023-03-04,CENTER,NEW,ACTIVE
INV0000407,CSN900407,CMP053,Oil Temperature Sensor,ESN700008,2021-10-01,2023-05-24,CENTER,NEW,ACTIVE
INV0000408,CSN900408,CMP054,EGT Thermocouple Harness,ESN700008,2022-11-09,2023-04-06,CENTER,NEW,ACTIVE
INV0000409,CSN900409,CMP055,N1 Speed Sensor,ESN700008,2022-11-29,2023-01-12,CENTER,NEW,ACTIVE
INV0000410,CSN900410,CMP056,N2 Speed Sensor,ESN700008,2022-04-11,2023-01-24,CENTER,NEW,ACTIVE
INV0000411,CSN900411,CMP057,Vibration Sensor,ESN700008,2021-06-06,2023-06-04,CENTER,NEW,ACTIVE
INV0000412,CSN900412,CMP058,Chip Detector,ESN700008,2022-03-14,2023-05-16,CENTER,NEW,ACTIVE
INV0000413,CSN900413,CMP059,Accessory Gearbox,ESN700008,2021-02-09,2023-01-26,CENTER,NEW,ACTIVE
INV0000414,CSN900414,CMP060,Starter,ESN700008,2021-03-02,2023-05-25,CENTER,NEW,ACTIVE
INV0000415,CSN900415,CMP061,Integrated Drive Generator (IDG) Drive Pad,ESN700008,2022-05-27,2023-06-07,CENTER,NEW,ACTIVE
INV0000416,CSN900416,CMP062,Hydraulic Pump Drive Pad,ESN700008,2021-07-15,2023-06-01,CENTER,NEW,ACTIVE
INV0000417,CSN900417,CMP001,Fan Disk,ESN700009,2021-05-02,2023-04-26,CENTER,NEW,ACTIVE
INV0000418,CSN900418,CMP002,Fan Shaft,ESN700009,2021-03-22,2023-05-09,CENTER,NEW,ACTIVE
INV0000419,CSN900419,CMP005,Fan Case,ESN700009,2021-04-02,2023-05-26,CENTER,NEW,ACTIVE
INV0000420,CSN900420,CMP006,Spinner Cone,ESN700009,2021-01-31,2023-06-17,CENTER,NEW,ACTIVE
INV0000421,CSN900421,CMP007,Booster Rotor,ESN700009,2021-04-17,2023-02-16,CENTER,NEW,ACTIVE
INV0000422,CSN900422,CMP009,Booster Stator Assembly,ESN700009,2021-05-31,2023-02-21,CENTER,NEW,ACTIVE
INV0000423,CSN900423,CMP010,Booster Case,ESN700009,2021-02-12,2023-03-31,CENTER,NEW,ACTIVE
INV0000424,CSN900424,CMP011,HPC Stage 1 Disk,ESN700009,2022-03-03,2023-03-16,STAGE1,NEW,ACTIVE
INV0000425,CSN900425,CMP012,HPC Stage 2 Disk,ESN700009,2021-01-09,2023-02-07,STAGE2,NEW,ACTIVE
INV0000426,CSN900426,CMP013,HPC Stage 3 Disk,ESN700009,2021-01-09,2023-01-03,STAGE3,NEW,ACTIVE
INV0000427,CSN900427,CMP014,HPC Stage 4 Disk,ESN700009,2021-08-05,2023-02-21,STAGE4,NEW,ACTIVE
INV0000428,CSN900428,CMP015,HPC Stage 5 Disk,ESN700009,2021-12-04,2023-03-14,STAGE5,NEW,ACTIVE
INV0000429,CSN900429,CMP016,HPC Rotor Shaft,ESN700009,2022-11-24,2023-04-27,CENTER,NEW,ACTIVE
INV0000430,CSN900430,CMP018,Variable Stator Vane Assembly,ESN700009,2022-04-26,2023-06-01,CENTER,NEW,ACTIVE
INV0000431,CSN900431,CMP019,HPC Case,ESN700009,2022-01-22,2023-02-03,CENTER,NEW,ACTIVE
INV0000432,CSN900432,CMP020,Combustor Liner,ESN700009,2021-04-08,2023-03-31,CENTER,NEW,ACTIVE
INV0000433,CSN900433,CMP022,Dome Assembly,ESN700009,2022-11-26,2023-06-24,CENTER,NEW,ACTIVE
INV0000434,CSN900434,CMP024,HPT Stage 1 Disk,ESN700009,2021-08-09,2023-05-03,STAGE1,NEW,ACTIVE
INV0000435,CSN900435,CMP025,HPT Stage 2 Disk,ESN700009,2021-05-03,2023-03-31,STAGE2,NEW,ACTIVE
INV0000436,CSN900436,CMP028,HPT Shroud,ESN700009,2021-02-08,2023-02-06,CENTER,NEW,ACTIVE
INV0000437,CSN900437,CMP029,LPT Shaft,ESN700009,2021-09-14,2023-04-28,CENTER,NEW,ACTIVE
INV0000438,CSN900438,CMP030,LPT Stage 1 Disk,ESN700009,2021-04-17,2023-06-14,STAGE1,NEW,ACTIVE
INV0000439,CSN900439,CMP031,LPT Stage 2 Disk,ESN700009,2021-08-16,2023-05-02,STAGE2,NEW,ACTIVE
INV0000440,CSN900440,CMP034,Turbine Rear Frame,ESN700009,2021-11-19,2023-03-22,CENTER,NEW,ACTIVE
INV0000441,CSN900441,CMP035,Fuel Pump,ESN700009,2021-05-28,2023-04-23,CENTER,NEW,ACTIVE
INV0000442,CSN900442,CMP036,Hydromechanical Unit (HMU),ESN700009,2021-07-05,2023-05-16,CENTER,NEW,ACTIVE
INV0000443,CSN900443,CMP037,Fuel Filter,ESN700009,2022-05-13,2023-04-23,CENTER,NEW,ACTIVE
INV0000444,CSN900444,CMP038,Fuel Shutoff Valve,ESN700009,2021-09-04,2023-04-13,CENTER,NEW,ACTIVE
INV0000445,CSN900445,CMP039,Fuel Manifold,ESN700009,2022-09-07,2023-06-02,CENTER,NEW,ACTIVE
INV0000446,CSN900446,CMP040,Ignition Exciter,ESN700009,2022-10-03,2023-02-25,CENTER,NEW,ACTIVE
INV0000447,CSN900447,CMP041,Igniter Plug A,ESN700009,2022-05-19,2023-04-05,A,NEW,ACTIVE
INV0000448,CSN900448,CMP042,Igniter Plug B,ESN700009,2022-06-22,2023-01-07,B,NEW,ACTIVE
INV0000449,CSN900449,CMP043,Variable Bleed Valve (VBV),ESN700009,2022-01-27,2023-04-17,CENTER,NEW,ACTIVE
INV0000450,CSN900450,CMP044,VBV Actuator,ESN700009,2021-12-28,2023-06-09,CENTER,NEW,ACTIVE
INV0000451,CSN900451,CMP045,High Stage Bleed Valve,ESN700009,2021-08-14,2023-03-13,CENTER,NEW,ACTIVE
INV0000452,CSN900452,CMP046,Start Valve,ESN700009,2022-04-10,2023-06-10,CENTER,NEW,ACTIVE
INV0000453,CSN900453,CMP047,Exhaust Nozzle,ESN700009,2021-04-14,2023-06-17,CENTER,NEW,ACTIVE
INV0000454,CSN900454,CMP048,Exhaust Mixer,ESN700009,2021-09-26,2023-03-11,CENTER,NEW,ACTIVE
INV0000455,CSN900455,CMP049,Oil Pump,ESN700009,2022-07-22,2023-03-29,CENTER,NEW,ACTIVE
INV0000456,CSN900456,CMP050,Scavenge Pump,ESN700009,2022-03-19,2023-02-28,CENTER,NEW,ACTIVE
INV0000457,CSN900457,CMP051,Oil Filter,ESN700009,2022-03-07,2023-02-08,CENTER,NEW,ACTIVE
INV0000458,CSN900458,CMP052,Oil Pressure Transmitter,ESN700009,2022-10-13,2023-03-29,CENTER,NEW,ACTIVE
INV0000459,CSN900459,CMP053,Oil Temperature Sensor,ESN700009,2021-03-27,2023-02-22,CENTER,NEW,ACTIVE
INV0000460,CSN900460,CMP054,EGT Thermocouple Harness,ESN700009,2022-01-02,2023-02-07,CENTER,NEW,ACTIVE
INV0000461,CSN900461,CMP055,N1 Speed Sensor,ESN700009,2022-03-25,2023-05-13,CENTER,NEW,ACTIVE
INV0000462,CSN900462,CMP056,N2 Speed Sensor,ESN700009,2021-04-29,2023-06-19,CENTER,NEW,ACTIVE
INV0000463,CSN900463,CMP057,Vibration Sensor,ESN700009,2021-07-03,2023-01-26,CENTER,NEW,ACTIVE
INV0000464,CSN900464,CMP058,Chip Detector,ESN700009,2022-06-13,2023-03-11,CENTER,NEW,ACTIVE
INV0000465,CSN900465,CMP059,Accessory Gearbox,ESN700009,2022-08-16,2023-04-10,CENTER,NEW,ACTIVE
INV0000466,CSN900466,CMP060,Starter,ESN700009,2022-05-09,2023-02-09,CENTER,NEW,ACTIVE
INV0000467,CSN900467,CMP061,Integrated Drive Generator (IDG) Drive Pad,ESN700009,2022-01-05,2023-04-01,CENTER,NEW,ACTIVE
INV0000468,CSN900468,CMP062,Hydraulic Pump Drive Pad,ESN700009,2022-07-15,2023-01-20,CENTER,NEW,ACTIVE
INV0000469,CSN900469,CMP001,Fan Disk,ESN700010,2021-05-31,2023-02-06,CENTER,NEW,ACTIVE
INV0000470,CSN900470,CMP002,Fan Shaft,ESN700010,2022-06-29,2023-06-05,CENTER,NEW,ACTIVE
INV0000471,CSN900471,CMP005,Fan Case,ESN700010,2021-10-25,2023-05-17,CENTER,NEW,ACTIVE
INV0000472,CSN900472,CMP006,Spinner Cone,ESN700010,2021-09-18,2023-06-28,CENTER,NEW,ACTIVE
INV0000473,CSN900473,CMP007,Booster Rotor,ESN700010,2021-09-28,2023-02-24,CENTER,NEW,ACTIVE
INV0000474,CSN900474,CMP009,Booster Stator Assembly,ESN700010,2022-08-04,2023-02-24,CENTER,NEW,ACTIVE
INV0000475,CSN900475,CMP010,Booster Case,ESN700010,2021-12-27,2023-05-07,CENTER,NEW,ACTIVE
INV0000476,CSN900476,CMP011,HPC Stage 1 Disk,ESN700010,2022-06-21,2023-01-31,STAGE1,NEW,ACTIVE
INV0000477,CSN900477,CMP012,HPC Stage 2 Disk,ESN700010,2021-10-19,2023-04-07,STAGE2,NEW,ACTIVE
INV0000478,CSN900478,CMP013,HPC Stage 3 Disk,ESN700010,2022-02-15,2023-01-29,STAGE3,NEW,ACTIVE
INV0000479,CSN900479,CMP014,HPC Stage 4 Disk,ESN700010,2021-04-01,2023-06-13,STAGE4,NEW,ACTIVE
INV0000480,CSN900480,CMP015,HPC Stage 5 Disk,ESN700010,2021-11-11,2023-06-02,STAGE5,NEW,ACTIVE
INV0000481,CSN900481,CMP016,HPC Rotor Shaft,ESN700010,2022-08-24,2023-05-25,CENTER,NEW,ACTIVE
INV0000482,CSN900482,CMP018,Variable Stator Vane Assembly,ESN700010,2022-02-24,2023-03-09,CENTER,NEW,ACTIVE
INV0000483,CSN900483,CMP019,HPC Case,ESN700010,2022-07-13,2023-03-17,CENTER,NEW,ACTIVE
INV0000484,CSN900484,CMP020,Combustor Liner,ESN700010,2022-01-04,2023-05-05,CENTER,NEW,ACTIVE
INV0000485,CSN900485,CMP022,Dome Assembly,ESN700010,2022-11-30,2023-05-30,CENTER,NEW,ACTIVE
INV0000486,CSN900486,CMP024,HPT Stage 1 Disk,ESN700010,2021-04-13,2023-03-07,STAGE1,NEW,ACTIVE
INV0000487,CSN900487,CMP025,HPT Stage 2 Disk,ESN700010,2022-08-30,2023-03-21,STAGE2,NEW,ACTIVE
INV0000488,CSN900488,CMP028,HPT Shroud,ESN700010,2021-11-17,2023-03-09,CENTER,NEW,ACTIVE
INV0000489,CSN900489,CMP029,LPT Shaft,ESN700010,2022-07-24,2023-01-03,CENTER,NEW,ACTIVE
INV0000490,CSN900490,CMP030,LPT Stage 1 Disk,ESN700010,2022-01-30,2023-03-14,STAGE1,NEW,ACTIVE
INV0000491,CSN900491,CMP031,LPT Stage 2 Disk,ESN700010,2022-06-29,2023-06-10,STAGE2,NEW,ACTIVE
INV0000492,CSN900492,CMP034,Turbine Rear Frame,ESN700010,2021-06-22,2023-03-17,CENTER,NEW,ACTIVE
INV0000493,CSN900493,CMP035,Fuel Pump,ESN700010,2021-03-31,2023-02-28,CENTER,NEW,ACTIVE
INV0000494,CSN900494,CMP036,Hydromechanical Unit (HMU),ESN700010,2022-01-26,2023-01-23,CENTER,NEW,ACTIVE
INV0000495,CSN900495,CMP037,Fuel Filter,ESN700010,2022-09-16,2023-04-05,CENTER,NEW,ACTIVE
INV0000496,CSN900496,CMP038,Fuel Shutoff Valve,ESN700010,2022-11-15,2023-06-27,CENTER,NEW,ACTIVE
INV0000497,CSN900497,CMP039,Fuel Manifold,ESN700010,2022-03-14,2023-01-14,CENTER,NEW,ACTIVE
INV0000498,CSN900498,CMP040,Ignition Exciter,ESN700010,2021-12-07,2023-06-02,CENTER,NEW,ACTIVE
INV0000499,CSN900499,CMP041,Igniter Plug A,ESN700010,2021-07-18,2023-03-14,A,NEW,ACTIVE
INV0000500,CSN900500,CMP042,Igniter Plug B,ESN700010,2021-06-07,2023-04-28,B,NEW,ACTIVE
INV0000501,CSN900501,CMP043,Variable Bleed Valve (VBV),ESN700010,2021-09-07,2023-03-02,CENTER,NEW,ACTIVE
INV0000502,CSN900502,CMP044,VBV Actuator,ESN700010,2021-04-09,2023-04-07,CENTER,NEW,ACTIVE
INV0000503,CSN900503,CMP045,High Stage Bleed Valve,ESN700010,2021-08-19,2023-01-08,CENTER,NEW,ACTIVE
INV0000504,CSN900504,CMP046,Start Valve,ESN700010,2022-09-09,2023-02-05,CENTER,NEW,ACTIVE
INV0000505,CSN900505,CMP047,Exhaust Nozzle,ESN700010,2022-05-23,2023-02-09,CENTER,NEW,ACTIVE
INV0000506,CSN900506,CMP048,Exhaust Mixer,ESN700010,2022-10-11,2023-03-02,CENTER,NEW,ACTIVE
INV0000507,CSN900507,CMP049,Oil Pump,ESN700010,2022-11-05,2023-05-16,CENTER,NEW,ACTIVE
INV0000508,CSN900508,CMP050,Scavenge Pump,ESN700010,2021-07-04,2023-03-19,CENTER,NEW,ACTIVE
INV0000509,CSN900509,CMP051,Oil Filter,ESN700010,2022-07-29,2023-06-09,CENTER,NEW,ACTIVE
INV0000510,CSN900510,CMP052,Oil Pressure Transmitter,ESN700010,2022-06-06,2023-05-07,CENTER,NEW,ACTIVE
INV0000511,CSN900511,CMP053,Oil Temperature Sensor,ESN700010,2021-09-12,2023-06-09,CENTER,NEW,ACTIVE
INV0000512,CSN900512,CMP054,EGT Thermocouple Harness,ESN700010,2022-05-28,2023-05-10,CENTER,NEW,ACTIVE
INV0000513,CSN900513,CMP055,N1 Speed Sensor,ESN700010,2022-03-03,2023-05-21,CENTER,NEW,ACTIVE
INV0000514,CSN900514,CMP056,N2 Speed Sensor,ESN700010,2021-03-30,2023-03-17,CENTER,NEW,ACTIVE
INV0000515,CSN900515,CMP057,Vibration Sensor,ESN700010,2022-05-25,2023-03-12,CENTER,NEW,ACTIVE
INV0000516,CSN900516,CMP058,Chip Detector,ESN700010,2021-03-07,2023-04-11,CENTER,NEW,ACTIVE
INV0000517,CSN900517,CMP059,Accessory Gearbox,ESN700010,2021-09-07,2023-02-08,CENTER,NEW,ACTIVE
INV0000518,CSN900518,CMP060,Starter,ESN700010,2022-09-14,2023-04-09,CENTER,NEW,ACTIVE
INV0000519,CSN900519,CMP061,Integrated Drive Generator (IDG) Drive Pad,ESN700010,2022-05-26,2023-03-21,CENTER,NEW,ACTIVE
INV0000520,CSN900520,CMP062,Hydraulic Pump Drive Pad,ESN700010,2022-04-16,2023-04-14,CENTER,NEW,ACTIVE
INV0000521,CSN900521,CMP001,Fan Disk,ESN700011,2022-05-21,2023-06-09,CENTER,NEW,ACTIVE
INV0000522,CSN900522,CMP002,Fan Shaft,ESN700011,2021-10-26,2023-01-05,CENTER,NEW,ACTIVE
INV0000523,CSN900523,CMP005,Fan Case,ESN700011,2022-03-27,2023-06-16,CENTER,NEW,ACTIVE
INV0000524,CSN900524,CMP006,Spinner Cone,ESN700011,2022-04-12,2023-04-14,CENTER,NEW,ACTIVE
INV0000525,CSN900525,CMP007,Booster Rotor,ESN700011,2021-08-09,2023-06-20,CENTER,NEW,ACTIVE
INV0000526,CSN900526,CMP009,Booster Stator Assembly,ESN700011,2022-08-22,2023-06-21,CENTER,NEW,ACTIVE
INV0000527,CSN900527,CMP010,Booster Case,ESN700011,2021-04-07,2023-03-30,CENTER,NEW,ACTIVE
INV0000528,CSN900528,CMP011,HPC Stage 1 Disk,ESN700011,2021-12-29,2023-03-20,STAGE1,NEW,ACTIVE
INV0000529,CSN900529,CMP012,HPC Stage 2 Disk,ESN700011,2021-12-09,2023-03-25,STAGE2,NEW,ACTIVE
INV0000530,CSN900530,CMP013,HPC Stage 3 Disk,ESN700011,2022-01-20,2023-04-19,STAGE3,NEW,ACTIVE
INV0000531,CSN900531,CMP014,HPC Stage 4 Disk,ESN700011,2022-09-18,2023-05-08,STAGE4,NEW,ACTIVE
INV0000532,CSN900532,CMP015,HPC Stage 5 Disk,ESN700011,2021-01-29,2023-03-21,STAGE5,NEW,ACTIVE
INV0000533,CSN900533,CMP016,HPC Rotor Shaft,ESN700011,2021-10-03,2023-06-03,CENTER,NEW,ACTIVE
INV0000534,CSN900534,CMP018,Variable Stator Vane Assembly,ESN700011,2021-11-12,2023-06-16,CENTER,NEW,ACTIVE
INV0000535,CSN900535,CMP019,HPC Case,ESN700011,2022-12-17,2023-03-06,CENTER,NEW,ACTIVE
INV0000536,CSN900536,CMP020,Combustor Liner,ESN700011,2021-05-14,2023-01-03,CENTER,NEW,ACTIVE
INV0000537,CSN900537,CMP022,Dome Assembly,ESN700011,2022-05-16,2023-03-30,CENTER,NEW,ACTIVE
INV0000538,CSN900538,CMP024,HPT Stage 1 Disk,ESN700011,2021-09-04,2023-03-05,STAGE1,NEW,ACTIVE
INV0000539,CSN900539,CMP025,HPT Stage 2 Disk,ESN700011,2022-06-04,2023-01-21,STAGE2,NEW,ACTIVE
INV0000540,CSN900540,CMP028,HPT Shroud,ESN700011,2022-09-20,2023-06-25,CENTER,NEW,ACTIVE
INV0000541,CSN900541,CMP029,LPT Shaft,ESN700011,2021-12-26,2023-04-28,CENTER,NEW,ACTIVE
INV0000542,CSN900542,CMP030,LPT Stage 1 Disk,ESN700011,2022-04-23,2023-05-27,STAGE1,NEW,ACTIVE
INV0000543,CSN900543,CMP031,LPT Stage 2 Disk,ESN700011,2022-09-01,2023-03-25,STAGE2,NEW,ACTIVE
INV0000544,CSN900544,CMP034,Turbine Rear Frame,ESN700011,2022-02-24,2023-04-09,CENTER,NEW,ACTIVE
INV0000545,CSN900545,CMP035,Fuel Pump,ESN700011,2022-07-27,2023-06-11,CENTER,NEW,ACTIVE
INV0000546,CSN900546,CMP036,Hydromechanical Unit (HMU),ESN700011,2022-10-20,2023-04-30,CENTER,NEW,ACTIVE
INV0000547,CSN900547,CMP037,Fuel Filter,ESN700011,2021-07-18,2023-02-14,CENTER,NEW,ACTIVE
INV0000548,CSN900548,CMP038,Fuel Shutoff Valve,ESN700011,2022-04-07,2023-05-14,CENTER,NEW,ACTIVE
INV0000549,CSN900549,CMP039,Fuel Manifold,ESN700011,2021-12-05,2023-02-09,CENTER,NEW,ACTIVE
INV0000550,CSN900550,CMP040,Ignition Exciter,ESN700011,2022-06-29,2023-06-14,CENTER,NEW,ACTIVE
INV0000551,CSN900551,CMP041,Igniter Plug A,ESN700011,2022-03-06,2023-06-25,A,NEW,ACTIVE
INV0000552,CSN900552,CMP042,Igniter Plug B,ESN700011,2022-02-28,2023-03-30,B,NEW,ACTIVE
INV0000553,CSN900553,CMP043,Variable Bleed Valve (VBV),ESN700011,2021-08-07,2023-02-17,CENTER,NEW,ACTIVE
INV0000554,CSN900554,CMP044,VBV Actuator,ESN700011,2022-01-24,2023-04-25,CENTER,NEW,ACTIVE
INV0000555,CSN900555,CMP045,High Stage Bleed Valve,ESN700011,2021-02-14,2023-03-18,CENTER,NEW,ACTIVE
INV0000556,CSN900556,CMP046,Start Valve,ESN700011,2022-12-27,2023-03-29,CENTER,NEW,ACTIVE
INV0000557,CSN900557,CMP047,Exhaust Nozzle,ESN700011,2022-03-27,2023-01-29,CENTER,NEW,ACTIVE
INV0000558,CSN900558,CMP048,Exhaust Mixer,ESN700011,2022-11-20,2023-04-03,CENTER,NEW,ACTIVE
INV0000559,CSN900559,CMP049,Oil Pump,ESN700011,2022-04-20,2023-04-01,CENTER,NEW,ACTIVE
INV0000560,CSN900560,CMP050,Scavenge Pump,ESN700011,2022-07-01,2023-06-21,CENTER,NEW,ACTIVE
INV0000561,CSN900561,CMP051,Oil Filter,ESN700011,2022-11-04,2023-04-20,CENTER,NEW,ACTIVE
INV0000562,CSN900562,CMP052,Oil Pressure Transmitter,ESN700011,2022-05-22,2023-04-25,CENTER,NEW,ACTIVE
INV0000563,CSN900563,CMP053,Oil Temperature Sensor,ESN700011,2021-10-16,2023-01-13,CENTER,NEW,ACTIVE
INV0000564,CSN900564,CMP054,EGT Thermocouple Harness,ESN700011,2021-07-17,2023-05-27,CENTER,NEW,ACTIVE
INV0000565,CSN900565,CMP055,N1 Speed Sensor,ESN700011,2022-07-05,2023-03-25,CENTER,NEW,ACTIVE
INV0000566,CSN900566,CMP056,N2 Speed Sensor,ESN700011,2021-07-16,2023-05-26,CENTER,NEW,ACTIVE
INV0000567,CSN900567,CMP057,Vibration Sensor,ESN700011,2021-07-15,2023-06-14,CENTER,NEW,ACTIVE
INV0000568,CSN900568,CMP058,Chip Detector,ESN700011,2021-10-09,2023-03-05,CENTER,NEW,ACTIVE
INV0000569,CSN900569,CMP059,Accessory Gearbox,ESN700011,2021-10-08,2023-01-02,CENTER,NEW,ACTIVE
INV0000570,CSN900570,CMP060,Starter,ESN700011,2021-12-24,2023-01-17,CENTER,NEW,ACTIVE
INV0000571,CSN900571,CMP061,Integrated Drive Generator (IDG) Drive Pad,ESN700011,2022-02-12,2023-01-14,CENTER,NEW,ACTIVE
INV0000572,CSN900572,CMP062,Hydraulic Pump Drive Pad,ESN700011,2021-11-06,2023-02-05,CENTER,NEW,ACTIVE
INV0000573,CSN900573,CMP001,Fan Disk,ESN700012,2021-02-03,2023-05-15,CENTER,NEW,ACTIVE
INV0000574,CSN900574,CMP002,Fan Shaft,ESN700012,2021-04-06,2023-05-03,CENTER,NEW,ACTIVE
INV0000575,CSN900575,CMP005,Fan Case,ESN700012,2021-08-12,2023-04-28,CENTER,NEW,ACTIVE
INV0000576,CSN900576,CMP006,Spinner Cone,ESN700012,2022-04-19,2023-06-19,CENTER,NEW,ACTIVE
INV0000577,CSN900577,CMP007,Booster Rotor,ESN700012,2022-04-07,2023-05-20,CENTER,NEW,ACTIVE
INV0000578,CSN900578,CMP009,Booster Stator Assembly,ESN700012,2022-06-04,2023-02-17,CENTER,NEW,ACTIVE
INV0000579,CSN900579,CMP010,Booster Case,ESN700012,2021-05-21,2023-05-11,CENTER,NEW,ACTIVE
INV0000580,CSN900580,CMP011,HPC Stage 1 Disk,ESN700012,2022-10-03,2023-04-20,STAGE1,NEW,ACTIVE
INV0000581,CSN900581,CMP012,HPC Stage 2 Disk,ESN700012,2021-10-01,2023-03-18,STAGE2,NEW,ACTIVE
INV0000582,CSN900582,CMP013,HPC Stage 3 Disk,ESN700012,2022-09-24,2023-04-17,STAGE3,NEW,ACTIVE
INV0000583,CSN900583,CMP014,HPC Stage 4 Disk,ESN700012,2021-09-01,2023-01-28,STAGE4,NEW,ACTIVE
INV0000584,CSN900584,CMP015,HPC Stage 5 Disk,ESN700012,2021-07-22,2023-06-26,STAGE5,NEW,ACTIVE
INV0000585,CSN900585,CMP016,HPC Rotor Shaft,ESN700012,2021-05-20,2023-06-28,CENTER,NEW,ACTIVE
INV0000586,CSN900586,CMP018,Variable Stator Vane Assembly,ESN700012,2022-02-02,2023-05-08,CENTER,NEW,ACTIVE
INV0000587,CSN900587,CMP019,HPC Case,ESN700012,2022-08-18,2023-01-19,CENTER,NEW,ACTIVE
INV0000588,CSN900588,CMP020,Combustor Liner,ESN700012,2022-05-07,2022-12-31,CENTER,NEW,ACTIVE
INV0000589,CSN900589,CMP022,Dome Assembly,ESN700012,2021-02-18,2023-01-07,CENTER,NEW,ACTIVE
INV0000590,CSN900590,CMP024,HPT Stage 1 Disk,ESN700012,2022-09-30,2023-02-15,STAGE1,NEW,ACTIVE
INV0000591,CSN900591,CMP025,HPT Stage 2 Disk,ESN700012,2022-05-13,2023-05-29,STAGE2,NEW,ACTIVE
INV0000592,CSN900592,CMP028,HPT Shroud,ESN700012,2022-10-03,2023-06-04,CENTER,NEW,ACTIVE
INV0000593,CSN900593,CMP029,LPT Shaft,ESN700012,2022-06-21,2023-03-01,CENTER,NEW,ACTIVE
INV0000594,CSN900594,CMP030,LPT Stage 1 Disk,ESN700012,2021-12-17,2023-02-21,STAGE1,NEW,ACTIVE
INV0000595,CSN900595,CMP031,LPT Stage 2 Disk,ESN700012,2022-08-19,2023-01-07,STAGE2,NEW,ACTIVE
INV0000596,CSN900596,CMP034,Turbine Rear Frame,ESN700012,2022-04-09,2023-04-27,CENTER,NEW,ACTIVE
INV0000597,CSN900597,CMP035,Fuel Pump,ESN700012,2021-03-27,2023-03-11,CENTER,NEW,ACTIVE
INV0000598,CSN900598,CMP036,Hydromechanical Unit (HMU),ESN700012,2022-05-15,2023-06-12,CENTER,NEW,ACTIVE
INV0000599,CSN900599,CMP037,Fuel Filter,ESN700012,2022-03-23,2023-02-14,CENTER,NEW,ACTIVE
INV0000600,CSN900600,CMP038,Fuel Shutoff Valve,ESN700012,2021-05-17,2023-03-13,CENTER,NEW,ACTIVE
INV0000601,CSN900601,CMP039,Fuel Manifold,ESN700012,2021-11-01,2023-03-06,CENTER,NEW,ACTIVE
INV0000602,CSN900602,CMP040,Ignition Exciter,ESN700012,2021-08-18,2023-03-21,CENTER,NEW,ACTIVE
INV0000603,CSN900603,CMP041,Igniter Plug A,ESN700012,2021-03-12,2023-01-12,A,NEW,ACTIVE
INV0000604,CSN900604,CMP042,Igniter Plug B,ESN700012,2022-02-16,2023-03-04,B,NEW,ACTIVE
INV0000605,CSN900605,CMP043,Variable Bleed Valve (VBV),ESN700012,2022-05-04,2023-03-26,CENTER,NEW,ACTIVE
INV0000606,CSN900606,CMP044,VBV Actuator,ESN700012,2022-01-07,2023-05-23,CENTER,NEW,ACTIVE
INV0000607,CSN900607,CMP045,High Stage Bleed Valve,ESN700012,2021-10-29,2023-04-15,CENTER,NEW,ACTIVE
INV0000608,CSN900608,CMP046,Start Valve,ESN700012,2021-06-24,2023-05-12,CENTER,NEW,ACTIVE
INV0000609,CSN900609,CMP047,Exhaust Nozzle,ESN700012,2021-10-21,2023-01-21,CENTER,NEW,ACTIVE
INV0000610,CSN900610,CMP048,Exhaust Mixer,ESN700012,2022-02-12,2023-05-11,CENTER,NEW,ACTIVE
INV0000611,CSN900611,CMP049,Oil Pump,ESN700012,2022-08-28,2023-02-22,CENTER,NEW,ACTIVE
INV0000612,CSN900612,CMP050,Scavenge Pump,ESN700012,2022-08-05,2023-06-13,CENTER,NEW,ACTIVE
INV0000613,CSN900613,CMP051,Oil Filter,ESN700012,2022-06-06,2023-04-14,CENTER,NEW,ACTIVE
INV0000614,CSN900614,CMP052,Oil Pressure Transmitter,ESN700012,2022-04-10,2023-06-21,CENTER,NEW,ACTIVE
INV0000615,CSN900615,CMP053,Oil Temperature Sensor,ESN700012,2021-07-21,2023-04-21,CENTER,NEW,ACTIVE
INV0000616,CSN900616,CMP054,EGT Thermocouple Harness,ESN700012,2021-03-01,2023-03-17,CENTER,NEW,ACTIVE
INV0000617,CSN900617,CMP055,N1 Speed Sensor,ESN700012,2021-04-04,2023-05-15,CENTER,NEW,ACTIVE
INV0000618,CSN900618,CMP056,N2 Speed Sensor,ESN700012,2021-09-10,2023-04-08,CENTER,NEW,ACTIVE
INV0000619,CSN900619,CMP057,Vibration Sensor,ESN700012,2021-08-15,2023-02-06,CENTER,NEW,ACTIVE
INV0000620,CSN900620,CMP058,Chip Detector,ESN700012,2021-05-29,2023-06-25,CENTER,NEW,ACTIVE
INV0000621,CSN900621,CMP059,Accessory Gearbox,ESN700012,2022-10-01,2023-03-25,CENTER,NEW,ACTIVE
INV0000622,CSN900622,CMP060,Starter,ESN700012,2021-08-24,2023-05-20,CENTER,NEW,ACTIVE
INV0000623,CSN900623,CMP061,Integrated Drive Generator (IDG) Drive Pad,ESN700012,2022-04-03,2023-03-10,CENTER,NEW,ACTIVE
INV0000624,CSN900624,CMP062,Hydraulic Pump Drive Pad,ESN700012,2021-03-19,2023-03-06,CENTER,NEW,ACTIVE
INV0000625,CSN900625,CMP001,Fan Disk,ESN700013,2021-08-01,2023-04-27,CENTER,NEW,ACTIVE
INV0000626,CSN900626,CMP002,Fan Shaft,ESN700013,2022-01-06,2023-03-22,CENTER,NEW,ACTIVE
INV0000627,CSN900627,CMP005,Fan Case,ESN700013,2022-05-17,2023-01-20,CENTER,NEW,ACTIVE
INV0000628,CSN900628,CMP006,Spinner Cone,ESN700013,2022-06-04,2023-03-13,CENTER,NEW,ACTIVE
INV0000629,CSN900629,CMP007,Booster Rotor,ESN700013,2021-07-13,2023-05-10,CENTER,NEW,ACTIVE
INV0000630,CSN900630,CMP009,Booster Stator Assembly,ESN700013,2021-08-03,2023-03-21,CENTER,NEW,ACTIVE
INV0000631,CSN900631,CMP010,Booster Case,ESN700013,2021-01-29,2023-04-28,CENTER,NEW,ACTIVE
INV0000632,CSN900632,CMP011,HPC Stage 1 Disk,ESN700013,2021-10-31,2023-06-08,STAGE1,NEW,ACTIVE
INV0000633,CSN900633,CMP012,HPC Stage 2 Disk,ESN700013,2022-10-30,2023-06-28,STAGE2,NEW,ACTIVE
INV0000634,CSN900634,CMP013,HPC Stage 3 Disk,ESN700013,2021-04-10,2023-04-02,STAGE3,NEW,ACTIVE
INV0000635,CSN900635,CMP014,HPC Stage 4 Disk,ESN700013,2021-02-03,2023-01-30,STAGE4,NEW,ACTIVE
INV0000636,CSN900636,CMP015,HPC Stage 5 Disk,ESN700013,2022-12-20,2023-02-14,STAGE5,NEW,ACTIVE
INV0000637,CSN900637,CMP016,HPC Rotor Shaft,ESN700013,2021-11-09,2023-02-12,CENTER,NEW,ACTIVE
INV0000638,CSN900638,CMP018,Variable Stator Vane Assembly,ESN700013,2021-09-09,2023-06-08,CENTER,NEW,ACTIVE
INV0000639,CSN900639,CMP019,HPC Case,ESN700013,2022-03-07,2023-03-01,CENTER,NEW,ACTIVE
INV0000640,CSN900640,CMP020,Combustor Liner,ESN700013,2022-09-04,2023-02-07,CENTER,NEW,ACTIVE
INV0000641,CSN900641,CMP022,Dome Assembly,ESN700013,2022-07-12,2023-06-20,CENTER,NEW,ACTIVE
INV0000642,CSN900642,CMP024,HPT Stage 1 Disk,ESN700013,2022-08-15,2023-05-25,STAGE1,NEW,ACTIVE
INV0000643,CSN900643,CMP025,HPT Stage 2 Disk,ESN700013,2022-09-07,2023-06-25,STAGE2,NEW,ACTIVE
INV0000644,CSN900644,CMP028,HPT Shroud,ESN700013,2021-11-05,2023-01-09,CENTER,NEW,ACTIVE
INV0000645,CSN900645,CMP029,LPT Shaft,ESN700013,2021-08-23,2023-02-04,CENTER,NEW,ACTIVE
INV0000646,CSN900646,CMP030,LPT Stage 1 Disk,ESN700013,2022-10-02,2023-01-17,STAGE1,NEW,ACTIVE
INV0000647,CSN900647,CMP031,LPT Stage 2 Disk,ESN700013,2021-05-02,2023-02-14,STAGE2,NEW,ACTIVE
INV0000648,CSN900648,CMP034,Turbine Rear Frame,ESN700013,2022-11-18,2023-01-09,CENTER,NEW,ACTIVE
INV0000649,CSN900649,CMP035,Fuel Pump,ESN700013,2021-05-06,2023-02-23,CENTER,NEW,ACTIVE
INV0000650,CSN900650,CMP036,Hydromechanical Unit (HMU),ESN700013,2021-01-27,2023-03-12,CENTER,NEW,ACTIVE
INV0000651,CSN900651,CMP037,Fuel Filter,ESN700013,2021-09-28,2023-02-22,CENTER,NEW,ACTIVE
INV0000652,CSN900652,CMP038,Fuel Shutoff Valve,ESN700013,2021-09-16,2023-03-15,CENTER,NEW,ACTIVE
INV0000653,CSN900653,CMP039,Fuel Manifold,ESN700013,2022-09-11,2023-02-25,CENTER,NEW,ACTIVE
INV0000654,CSN900654,CMP040,Ignition Exciter,ESN700013,2022-04-21,2023-01-12,CENTER,NEW,ACTIVE
INV0000655,CSN900655,CMP041,Igniter Plug A,ESN700013,2021-09-04,2023-05-29,A,NEW,ACTIVE
INV0000656,CSN900656,CMP042,Igniter Plug B,ESN700013,2021-03-04,2023-06-04,B,NEW,ACTIVE
INV0000657,CSN900657,CMP043,Variable Bleed Valve (VBV),ESN700013,2022-05-11,2023-01-28,CENTER,NEW,ACTIVE
INV0000658,CSN900658,CMP044,VBV Actuator,ESN700013,2021-07-17,2023-01-15,CENTER,NEW,ACTIVE
INV0000659,CSN900659,CMP045,High Stage Bleed Valve,ESN700013,2021-07-19,2023-04-23,CENTER,NEW,ACTIVE
INV0000660,CSN900660,CMP046,Start Valve,ESN700013,2022-09-02,2023-04-11,CENTER,NEW,ACTIVE
INV0000661,CSN900661,CMP047,Exhaust Nozzle,ESN700013,2021-05-11,2023-02-28,CENTER,NEW,ACTIVE
INV0000662,CSN900662,CMP048,Exhaust Mixer,ESN700013,2021-06-26,2023-05-30,CENTER,NEW,ACTIVE
INV0000663,CSN900663,CMP049,Oil Pump,ESN700013,2021-07-15,2023-04-21,CENTER,NEW,ACTIVE
INV0000664,CSN900664,CMP050,Scavenge Pump,ESN700013,2022-06-01,2023-03-02,CENTER,NEW,ACTIVE
INV0000665,CSN900665,CMP051,Oil Filter,ESN700013,2021-03-08,2023-03-25,CENTER,NEW,ACTIVE
INV0000666,CSN900666,CMP052,Oil Pressure Transmitter,ESN700013,2022-05-08,2023-05-05,CENTER,NEW,ACTIVE
INV0000667,CSN900667,CMP053,Oil Temperature Sensor,ESN700013,2022-12-05,2023-01-11,CENTER,NEW,ACTIVE
INV0000668,CSN900668,CMP054,EGT Thermocouple Harness,ESN700013,2022-11-19,2023-03-18,CENTER,NEW,ACTIVE
INV0000669,CSN900669,CMP055,N1 Speed Sensor,ESN700013,2022-11-06,2023-01-27,CENTER,NEW,ACTIVE
INV0000670,CSN900670,CMP056,N2 Speed Sensor,ESN700013,2022-10-03,2023-01-26,CENTER,NEW,ACTIVE
INV0000671,CSN900671,CMP057,Vibration Sensor,ESN700013,2021-08-26,2023-04-21,CENTER,NEW,ACTIVE
INV0000672,CSN900672,CMP058,Chip Detector,ESN700013,2022-10-24,2023-03-15,CENTER,NEW,ACTIVE
INV0000673,CSN900673,CMP059,Accessory Gearbox,ESN700013,2021-02-24,2023-06-25,CENTER,NEW,ACTIVE
INV0000674,CSN900674,CMP060,Starter,ESN700013,2021-04-22,2023-03-18,CENTER,NEW,ACTIVE
INV0000675,CSN900675,CMP061,Integrated Drive Generator (IDG) Drive Pad,ESN700013,2022-09-28,2023-06-23,CENTER,NEW,ACTIVE
INV0000676,CSN900676,CMP062,Hydraulic Pump Drive Pad,ESN700013,2022-04-10,2023-03-02,CENTER,NEW,ACTIVE
INV0000677,CSN900677,CMP001,Fan Disk,ESN700014,2022-03-05,2023-03-09,CENTER,NEW,ACTIVE
INV0000678,CSN900678,CMP002,Fan Shaft,ESN700014,2022-03-14,2023-03-21,CENTER,NEW,ACTIVE
INV0000679,CSN900679,CMP005,Fan Case,ESN700014,2022-03-16,2023-02-09,CENTER,NEW,ACTIVE
INV0000680,CSN900680,CMP006,Spinner Cone,ESN700014,2022-02-01,2023-01-12,CENTER,NEW,ACTIVE
INV0000681,CSN900681,CMP007,Booster Rotor,ESN700014,2021-07-13,2023-06-28,CENTER,NEW,ACTIVE
INV0000682,CSN900682,CMP009,Booster Stator Assembly,ESN700014,2022-07-23,2023-06-06,CENTER,NEW,ACTIVE
INV0000683,CSN900683,CMP010,Booster Case,ESN700014,2021-02-26,2023-05-28,CENTER,NEW,ACTIVE
INV0000684,CSN900684,CMP011,HPC Stage 1 Disk,ESN700014,2022-06-21,2023-01-20,STAGE1,NEW,ACTIVE
INV0000685,CSN900685,CMP012,HPC Stage 2 Disk,ESN700014,2022-04-14,2023-05-15,STAGE2,NEW,ACTIVE
INV0000686,CSN900686,CMP013,HPC Stage 3 Disk,ESN700014,2021-01-21,2023-06-24,STAGE3,NEW,ACTIVE
INV0000687,CSN900687,CMP014,HPC Stage 4 Disk,ESN700014,2022-08-17,2023-04-23,STAGE4,NEW,ACTIVE
INV0000688,CSN900688,CMP015,HPC Stage 5 Disk,ESN700014,2021-09-16,2023-02-02,STAGE5,NEW,ACTIVE
INV0000689,CSN900689,CMP016,HPC Rotor Shaft,ESN700014,2022-11-15,2023-06-13,CENTER,NEW,ACTIVE
INV0000690,CSN900690,CMP018,Variable Stator Vane Assembly,ESN700014,2021-10-09,2023-06-27,CENTER,NEW,ACTIVE
INV0000691,CSN900691,CMP019,HPC Case,ESN700014,2022-05-24,2023-05-06,CENTER,NEW,ACTIVE
INV0000692,CSN900692,CMP020,Combustor Liner,ESN700014,2022-09-01,2023-04-26,CENTER,NEW,ACTIVE
INV0000693,CSN900693,CMP022,Dome Assembly,ESN700014,2022-07-24,2023-03-13,CENTER,NEW,ACTIVE
INV0000694,CSN900694,CMP024,HPT Stage 1 Disk,ESN700014,2022-07-05,2023-01-19,STAGE1,NEW,ACTIVE
INV0000695,CSN900695,CMP025,HPT Stage 2 Disk,ESN700014,2022-08-18,2023-02-12,STAGE2,NEW,ACTIVE
INV0000696,CSN900696,CMP028,HPT Shroud,ESN700014,2021-02-17,2023-02-23,CENTER,NEW,ACTIVE
INV0000697,CSN900697,CMP029,LPT Shaft,ESN700014,2021-01-28,2023-03-03,CENTER,NEW,ACTIVE
INV0000698,CSN900698,CMP030,LPT Stage 1 Disk,ESN700014,2021-05-31,2023-03-28,STAGE1,NEW,ACTIVE
INV0000699,CSN900699,CMP031,LPT Stage 2 Disk,ESN700014,2021-07-02,2023-02-03,STAGE2,NEW,ACTIVE
INV0000700,CSN900700,CMP034,Turbine Rear Frame,ESN700014,2021-05-16,2023-02-20,CENTER,NEW,ACTIVE
INV0000701,CSN900701,CMP035,Fuel Pump,ESN700014,2021-01-30,2023-03-06,CENTER,NEW,ACTIVE
INV0000702,CSN900702,CMP036,Hydromechanical Unit (HMU),ESN700014,2022-09-01,2023-02-23,CENTER,NEW,ACTIVE
INV0000703,CSN900703,CMP037,Fuel Filter,ESN700014,2022-04-03,2023-01-17,CENTER,NEW,ACTIVE
INV0000704,CSN900704,CMP038,Fuel Shutoff Valve,ESN700014,2022-04-11,2023-05-11,CENTER,NEW,ACTIVE
INV0000705,CSN900705,CMP039,Fuel Manifold,ESN700014,2021-06-25,2023-04-25,CENTER,NEW,ACTIVE
INV0000706,CSN900706,CMP040,Ignition Exciter,ESN700014,2022-07-07,2023-03-04,CENTER,NEW,ACTIVE
INV0000707,CSN900707,CMP041,Igniter Plug A,ESN700014,2022-07-23,2023-05-26,A,NEW,ACTIVE
INV0000708,CSN900708,CMP042,Igniter Plug B,ESN700014,2021-02-12,2023-05-23,B,NEW,ACTIVE
INV0000709,CSN900709,CMP043,Variable Bleed Valve (VBV),ESN700014,2021-03-22,2023-02-20,CENTER,NEW,ACTIVE
INV0000710,CSN900710,CMP044,VBV Actuator,ESN700014,2021-10-17,2022-12-31,CENTER,NEW,ACTIVE
INV0000711,CSN900711,CMP045,High Stage Bleed Valve,ESN700014,2022-02-08,2023-01-05,CENTER,NEW,ACTIVE
INV0000712,CSN900712,CMP046,Start Valve,ESN700014,2021-01-17,2023-03-23,CENTER,NEW,ACTIVE
INV0000713,CSN900713,CMP047,Exhaust Nozzle,ESN700014,2022-03-26,2023-05-26,CENTER,NEW,ACTIVE
INV0000714,CSN900714,CMP048,Exhaust Mixer,ESN700014,2021-09-19,2023-05-04,CENTER,NEW,ACTIVE
INV0000715,CSN900715,CMP049,Oil Pump,ESN700014,2021-07-01,2023-02-12,CENTER,NEW,ACTIVE
INV0000716,CSN900716,CMP050,Scavenge Pump,ESN700014,2022-11-30,2023-05-04,CENTER,NEW,ACTIVE
INV0000717,CSN900717,CMP051,Oil Filter,ESN700014,2022-09-24,2023-04-29,CENTER,NEW,ACTIVE
INV0000718,CSN900718,CMP052,Oil Pressure Transmitter,ESN700014,2022-03-13,2023-04-16,CENTER,NEW,ACTIVE
INV0000719,CSN900719,CMP053,Oil Temperature Sensor,ESN700014,2021-09-14,2023-04-16,CENTER,NEW,ACTIVE
INV0000720,CSN900720,CMP054,EGT Thermocouple Harness,ESN700014,2021-04-15,2023-03-21,CENTER,NEW,ACTIVE
INV0000721,CSN900721,CMP055,N1 Speed Sensor,ESN700014,2021-08-06,2023-05-12,CENTER,NEW,ACTIVE
INV0000722,CSN900722,CMP056,N2 Speed Sensor,ESN700014,2022-07-28,2023-05-11,CENTER,NEW,ACTIVE
INV0000723,CSN900723,CMP057,Vibration Sensor,ESN700014,2022-02-12,2023-01-01,CENTER,NEW,ACTIVE
INV0000724,CSN900724,CMP058,Chip Detector,ESN700014,2022-01-29,2023-04-17,CENTER,NEW,ACTIVE
INV0000725,CSN900725,CMP059,Accessory Gearbox,ESN700014,2022-10-30,2023-04-28,CENTER,NEW,ACTIVE
INV0000726,CSN900726,CMP060,Starter,ESN700014,2022-07-07,2023-03-03,CENTER,NEW,ACTIVE
INV0000727,CSN900727,CMP061,Integrated Drive Generator (IDG) Drive Pad,ESN700014,2022-12-21,2023-03-30,CENTER,NEW,ACTIVE
INV0000728,CSN900728,CMP062,Hydraulic Pump Drive Pad,ESN700014,2021-09-18,2023-06-05,CENTER,NEW,ACTIVE
INV0000729,CSN900729,CMP001,Fan Disk,ESN700015,2022-02-03,2023-02-09,CENTER,NEW,ACTIVE
INV0000730,CSN900730,CMP002,Fan Shaft,ESN700015,2021-06-16,2023-02-05,CENTER,NEW,ACTIVE
INV0000731,CSN900731,CMP005,Fan Case,ESN700015,2021-04-04,2023-04-10,CENTER,NEW,ACTIVE
INV0000732,CSN900732,CMP006,Spinner Cone,ESN700015,2022-05-16,2023-02-03,CENTER,NEW,ACTIVE
INV0000733,CSN900733,CMP007,Booster Rotor,ESN700015,2021-10-13,2023-05-09,CENTER,NEW,ACTIVE
INV0000734,CSN900734,CMP009,Booster Stator Assembly,ESN700015,2022-09-05,2023-04-01,CENTER,NEW,ACTIVE
INV0000735,CSN900735,CMP010,Booster Case,ESN700015,2021-11-30,2023-03-27,CENTER,NEW,ACTIVE
INV0000736,CSN900736,CMP011,HPC Stage 1 Disk,ESN700015,2022-04-12,2023-04-10,STAGE1,NEW,ACTIVE
INV0000737,CSN900737,CMP012,HPC Stage 2 Disk,ESN700015,2022-07-25,2023-03-04,STAGE2,NEW,ACTIVE
INV0000738,CSN900738,CMP013,HPC Stage 3 Disk,ESN700015,2022-05-02,2023-06-17,STAGE3,NEW,ACTIVE
INV0000739,CSN900739,CMP014,HPC Stage 4 Disk,ESN700015,2021-11-04,2023-01-16,STAGE4,NEW,ACTIVE
INV0000740,CSN900740,CMP015,HPC Stage 5 Disk,ESN700015,2022-02-01,2023-03-13,STAGE5,NEW,ACTIVE
INV0000741,CSN900741,CMP016,HPC Rotor Shaft,ESN700015,2021-08-31,2023-03-08,CENTER,NEW,ACTIVE
INV0000742,CSN900742,CMP018,Variable Stator Vane Assembly,ESN700015,2021-08-07,2023-06-21,CENTER,NEW,ACTIVE
INV0000743,CSN900743,CMP019,HPC Case,ESN700015,2021-10-25,2023-02-25,CENTER,NEW,ACTIVE
INV0000744,CSN900744,CMP020,Combustor Liner,ESN700015,2022-05-25,2023-05-20,CENTER,NEW,ACTIVE
INV0000745,CSN900745,CMP022,Dome Assembly,ESN700015,2022-08-19,2023-05-22,CENTER,NEW,ACTIVE
INV0000746,CSN900746,CMP024,HPT Stage 1 Disk,ESN700015,2022-02-19,2023-06-01,STAGE1,NEW,ACTIVE
INV0000747,CSN900747,CMP025,HPT Stage 2 Disk,ESN700015,2022-06-06,2023-01-30,STAGE2,NEW,ACTIVE
INV0000748,CSN900748,CMP028,HPT Shroud,ESN700015,2021-03-14,2023-06-01,CENTER,NEW,ACTIVE
INV0000749,CSN900749,CMP029,LPT Shaft,ESN700015,2021-05-09,2023-03-16,CENTER,NEW,ACTIVE
INV0000750,CSN900750,CMP030,LPT Stage 1 Disk,ESN700015,2021-04-12,2023-05-20,STAGE1,NEW,ACTIVE
INV0000751,CSN900751,CMP031,LPT Stage 2 Disk,ESN700015,2022-04-07,2023-03-28,STAGE2,NEW,ACTIVE
INV0000752,CSN900752,CMP034,Turbine Rear Frame,ESN700015,2021-06-03,2023-05-09,CENTER,NEW,ACTIVE
INV0000753,CSN900753,CMP035,Fuel Pump,ESN700015,2021-07-11,2023-02-18,CENTER,NEW,ACTIVE
INV0000754,CSN900754,CMP036,Hydromechanical Unit (HMU),ESN700015,2022-08-26,2023-06-17,CENTER,NEW,ACTIVE
INV0000755,CSN900755,CMP037,Fuel Filter,ESN700015,2021-01-24,2023-02-27,CENTER,NEW,ACTIVE
INV0000756,CSN900756,CMP038,Fuel Shutoff Valve,ESN700015,2021-02-06,2023-03-15,CENTER,NEW,ACTIVE
INV0000757,CSN900757,CMP039,Fuel Manifold,ESN700015,2022-12-21,2023-03-17,CENTER,NEW,ACTIVE
INV0000758,CSN900758,CMP040,Ignition Exciter,ESN700015,2022-12-20,2023-02-04,CENTER,NEW,ACTIVE
INV0000759,CSN900759,CMP041,Igniter Plug A,ESN700015,2021-07-20,2023-04-01,A,NEW,ACTIVE
INV0000760,CSN900760,CMP042,Igniter Plug B,ESN700015,2021-05-18,2023-06-18,B,NEW,ACTIVE
INV0000761,CSN900761,CMP043,Variable Bleed Valve (VBV),ESN700015,2022-04-05,2023-03-25,CENTER,NEW,ACTIVE
INV0000762,CSN900762,CMP044,VBV Actuator,ESN700015,2021-01-17,2023-02-27,CENTER,NEW,ACTIVE
INV0000763,CSN900763,CMP045,High Stage Bleed Valve,ESN700015,2021-07-17,2023-01-03,CENTER,NEW,ACTIVE
INV0000764,CSN900764,CMP046,Start Valve,ESN700015,2022-07-03,2023-03-30,CENTER,NEW,ACTIVE
INV0000765,CSN900765,CMP047,Exhaust Nozzle,ESN700015,2022-02-16,2023-02-09,CENTER,NEW,ACTIVE
INV0000766,CSN900766,CMP048,Exhaust Mixer,ESN700015,2022-08-07,2023-05-02,CENTER,NEW,ACTIVE
INV0000767,CSN900767,CMP049,Oil Pump,ESN700015,2021-09-03,2023-06-02,CENTER,NEW,ACTIVE
INV0000768,CSN900768,CMP050,Scavenge Pump,ESN700015,2020-12-31,2023-05-29,CENTER,NEW,ACTIVE
INV0000769,CSN900769,CMP051,Oil Filter,ESN700015,2021-02-21,2023-05-18,CENTER,NEW,ACTIVE
INV0000770,CSN900770,CMP052,Oil Pressure Transmitter,ESN700015,2021-07-03,2023-02-28,CENTER,NEW,ACTIVE
INV0000771,CSN900771,CMP053,Oil Temperature Sensor,ESN700015,2022-08-30,2023-06-01,CENTER,NEW,ACTIVE
INV0000772,CSN900772,CMP054,EGT Thermocouple Harness,ESN700015,2022-04-08,2023-03-25,CENTER,NEW,ACTIVE
INV0000773,CSN900773,CMP055,N1 Speed Sensor,ESN700015,2022-09-29,2023-02-01,CENTER,NEW,ACTIVE
INV0000774,CSN900774,CMP056,N2 Speed Sensor,ESN700015,2021-10-26,2023-06-14,CENTER,NEW,ACTIVE
INV0000775,CSN900775,CMP057,Vibration Sensor,ESN700015,2022-05-07,2023-04-11,CENTER,NEW,ACTIVE
INV0000776,CSN900776,CMP058,Chip Detector,ESN700015,2021-05-17,2022-12-31,CENTER,NEW,ACTIVE
INV0000777,CSN900777,CMP059,Accessory Gearbox,ESN700015,2021-10-16,2023-05-26,CENTER,NEW,ACTIVE
INV0000778,CSN900778,CMP060,Starter,ESN700015,2022-08-28,2023-01-18,CENTER,NEW,ACTIVE
INV0000779,CSN900779,CMP061,Integrated Drive Generator (IDG) Drive Pad,ESN700015,2022-10-22,2023-04-01,CENTER,NEW,ACTIVE
INV0000780,CSN900780,CMP062,Hydraulic Pump Drive Pad,ESN700015,2022-10-04,2023-06-08,CENTER,NEW,ACTIVE
INV0000781,CSN900781,CMP001,Fan Disk,ESN700016,2021-04-14,2023-06-22,CENTER,NEW,ACTIVE
INV0000782,CSN900782,CMP002,Fan Shaft,ESN700016,2021-04-20,2023-06-05,CENTER,NEW,ACTIVE
INV0000783,CSN900783,CMP005,Fan Case,ESN700016,2021-02-17,2023-02-07,CENTER,NEW,ACTIVE
INV0000784,CSN900784,CMP006,Spinner Cone,ESN700016,2022-02-23,2023-06-28,CENTER,NEW,ACTIVE
INV0000785,CSN900785,CMP007,Booster Rotor,ESN700016,2022-02-23,2023-03-14,CENTER,NEW,ACTIVE
INV0000786,CSN900786,CMP009,Booster Stator Assembly,ESN700016,2021-09-01,2023-05-13,CENTER,NEW,ACTIVE
INV0000787,CSN900787,CMP010,Booster Case,ESN700016,2022-02-11,2023-03-08,CENTER,NEW,ACTIVE
INV0000788,CSN900788,CMP011,HPC Stage 1 Disk,ESN700016,2022-11-25,2023-04-05,STAGE1,NEW,ACTIVE
INV0000789,CSN900789,CMP012,HPC Stage 2 Disk,ESN700016,2021-02-27,2023-01-03,STAGE2,NEW,ACTIVE
INV0000790,CSN900790,CMP013,HPC Stage 3 Disk,ESN700016,2022-12-04,2023-04-06,STAGE3,NEW,ACTIVE
INV0000791,CSN900791,CMP014,HPC Stage 4 Disk,ESN700016,2022-06-22,2023-03-16,STAGE4,NEW,ACTIVE
INV0000792,CSN900792,CMP015,HPC Stage 5 Disk,ESN700016,2022-06-10,2023-06-04,STAGE5,NEW,ACTIVE
INV0000793,CSN900793,CMP016,HPC Rotor Shaft,ESN700016,2022-03-23,2023-01-28,CENTER,NEW,ACTIVE
INV0000794,CSN900794,CMP018,Variable Stator Vane Assembly,ESN700016,2021-02-20,2023-05-19,CENTER,NEW,ACTIVE
INV0000795,CSN900795,CMP019,HPC Case,ESN700016,2021-07-16,2023-05-10,CENTER,NEW,ACTIVE
INV0000796,CSN900796,CMP020,Combustor Liner,ESN700016,2021-09-24,2023-01-10,CENTER,NEW,ACTIVE
INV0000797,CSN900797,CMP022,Dome Assembly,ESN700016,2022-07-25,2023-03-14,CENTER,NEW,ACTIVE
INV0000798,CSN900798,CMP024,HPT Stage 1 Disk,ESN700016,2022-02-08,2023-01-13,STAGE1,NEW,ACTIVE
INV0000799,CSN900799,CMP025,HPT Stage 2 Disk,ESN700016,2022-12-17,2023-05-24,STAGE2,NEW,ACTIVE
INV0000800,CSN900800,CMP028,HPT Shroud,ESN700016,2022-07-01,2023-02-24,CENTER,NEW,ACTIVE
INV0000801,CSN900801,CMP029,LPT Shaft,ESN700016,2021-11-24,2023-02-09,CENTER,NEW,ACTIVE
INV0000802,CSN900802,CMP030,LPT Stage 1 Disk,ESN700016,2021-09-01,2023-04-07,STAGE1,NEW,ACTIVE
INV0000803,CSN900803,CMP031,LPT Stage 2 Disk,ESN700016,2022-12-06,2023-02-27,STAGE2,NEW,ACTIVE
INV0000804,CSN900804,CMP034,Turbine Rear Frame,ESN700016,2021-12-23,2023-03-19,CENTER,NEW,ACTIVE
INV0000805,CSN900805,CMP035,Fuel Pump,ESN700016,2021-02-10,2023-03-09,CENTER,NEW,ACTIVE
INV0000806,CSN900806,CMP036,Hydromechanical Unit (HMU),ESN700016,2022-10-21,2023-05-06,CENTER,NEW,ACTIVE
INV0000807,CSN900807,CMP037,Fuel Filter,ESN700016,2022-10-04,2023-03-06,CENTER,NEW,ACTIVE
INV0000808,CSN900808,CMP038,Fuel Shutoff Valve,ESN700016,2021-12-16,2023-01-14,CENTER,NEW,ACTIVE
INV0000809,CSN900809,CMP039,Fuel Manifold,ESN700016,2021-12-12,2023-02-28,CENTER,NEW,ACTIVE
INV0000810,CSN900810,CMP040,Ignition Exciter,ESN700016,2022-02-17,2023-04-22,CENTER,NEW,ACTIVE
INV0000811,CSN900811,CMP041,Igniter Plug A,ESN700016,2022-09-14,2023-02-24,A,NEW,ACTIVE
INV0000812,CSN900812,CMP042,Igniter Plug B,ESN700016,2022-09-21,2023-05-12,B,NEW,ACTIVE
INV0000813,CSN900813,CMP043,Variable Bleed Valve (VBV),ESN700016,2022-07-27,2023-02-15,CENTER,NEW,ACTIVE
INV0000814,CSN900814,CMP044,VBV Actuator,ESN700016,2021-10-14,2023-02-05,CENTER,NEW,ACTIVE
INV0000815,CSN900815,CMP045,High Stage Bleed Valve,ESN700016,2022-09-28,2023-01-29,CENTER,NEW,ACTIVE
INV0000816,CSN900816,CMP046,Start Valve,ESN700016,2022-06-28,2023-04-14,CENTER,NEW,ACTIVE
INV0000817,CSN900817,CMP047,Exhaust Nozzle,ESN700016,2022-07-29,2023-02-24,CENTER,NEW,ACTIVE
INV0000818,CSN900818,CMP048,Exhaust Mixer,ESN700016,2022-01-22,2023-05-16,CENTER,NEW,ACTIVE
INV0000819,CSN900819,CMP049,Oil Pump,ESN700016,2021-06-11,2023-06-22,CENTER,NEW,ACTIVE
INV0000820,CSN900820,CMP050,Scavenge Pump,ESN700016,2022-12-19,2023-02-23,CENTER,NEW,ACTIVE
INV0000821,CSN900821,CMP051,Oil Filter,ESN700016,2022-10-21,2023-01-16,CENTER,NEW,ACTIVE
INV0000822,CSN900822,CMP052,Oil Pressure Transmitter,ESN700016,2022-05-27,2023-06-23,CENTER,NEW,ACTIVE
INV0000823,CSN900823,CMP053,Oil Temperature Sensor,ESN700016,2021-02-12,2023-05-30,CENTER,NEW,ACTIVE
INV0000824,CSN900824,CMP054,EGT Thermocouple Harness,ESN700016,2021-08-31,2023-04-12,CENTER,NEW,ACTIVE
INV0000825,CSN900825,CMP055,N1 Speed Sensor,ESN700016,2022-12-03,2023-03-12,CENTER,NEW,ACTIVE
INV0000826,CSN900826,CMP056,N2 Speed Sensor,ESN700016,2021-09-16,2023-06-20,CENTER,NEW,ACTIVE
INV0000827,CSN900827,CMP057,Vibration Sensor,ESN700016,2022-02-24,2023-04-01,CENTER,NEW,ACTIVE
INV0000828,CSN900828,CMP058,Chip Detector,ESN700016,2022-08-24,2023-03-01,CENTER,NEW,ACTIVE
INV0000829,CSN900829,CMP059,Accessory Gearbox,ESN700016,2022-03-14,2023-03-24,CENTER,NEW,ACTIVE
INV0000830,CSN900830,CMP060,Starter,ESN700016,2022-04-15,2023-06-07,CENTER,NEW,ACTIVE
INV0000831,CSN900831,CMP061,Integrated Drive Generator (IDG) Drive Pad,ESN700016,2021-06-08,2023-03-05,CENTER,NEW,ACTIVE
INV0000832,CSN900832,CMP062,Hydraulic Pump Drive Pad,ESN700016,2021-02-16,2023-02-07,CENTER,NEW,ACTIVE
INV0000833,CSN900833,CMP001,Fan Disk,ESN700017,2021-10-29,2023-03-27,CENTER,NEW,ACTIVE
INV0000834,CSN900834,CMP002,Fan Shaft,ESN700017,2022-10-09,2023-04-24,CENTER,NEW,ACTIVE
INV0000835,CSN900835,CMP005,Fan Case,ESN700017,2021-07-23,2023-02-24,CENTER,NEW,ACTIVE
INV0000836,CSN900836,CMP006,Spinner Cone,ESN700017,2022-03-28,2023-06-15,CENTER,NEW,ACTIVE
INV0000837,CSN900837,CMP007,Booster Rotor,ESN700017,2022-01-15,2023-01-21,CENTER,NEW,ACTIVE
INV0000838,CSN900838,CMP009,Booster Stator Assembly,ESN700017,2022-08-28,2023-02-15,CENTER,NEW,ACTIVE
INV0000839,CSN900839,CMP010,Booster Case,ESN700017,2022-07-14,2023-02-09,CENTER,NEW,ACTIVE
INV0000840,CSN900840,CMP011,HPC Stage 1 Disk,ESN700017,2022-12-09,2023-06-10,STAGE1,NEW,ACTIVE
INV0000841,CSN900841,CMP012,HPC Stage 2 Disk,ESN700017,2022-09-27,2023-01-24,STAGE2,NEW,ACTIVE
INV0000842,CSN900842,CMP013,HPC Stage 3 Disk,ESN700017,2021-03-10,2023-03-21,STAGE3,NEW,ACTIVE
INV0000843,CSN900843,CMP014,HPC Stage 4 Disk,ESN700017,2021-09-29,2023-05-02,STAGE4,NEW,ACTIVE
INV0000844,CSN900844,CMP015,HPC Stage 5 Disk,ESN700017,2022-06-04,2023-05-20,STAGE5,NEW,ACTIVE
INV0000845,CSN900845,CMP016,HPC Rotor Shaft,ESN700017,2022-08-15,2023-03-09,CENTER,NEW,ACTIVE
INV0000846,CSN900846,CMP018,Variable Stator Vane Assembly,ESN700017,2021-06-04,2023-02-12,CENTER,NEW,ACTIVE
INV0000847,CSN900847,CMP019,HPC Case,ESN700017,2021-11-06,2023-04-14,CENTER,NEW,ACTIVE
INV0000848,CSN900848,CMP020,Combustor Liner,ESN700017,2022-07-16,2023-01-01,CENTER,NEW,ACTIVE
INV0000849,CSN900849,CMP022,Dome Assembly,ESN700017,2021-07-25,2023-01-19,CENTER,NEW,ACTIVE
INV0000850,CSN900850,CMP024,HPT Stage 1 Disk,ESN700017,2021-08-03,2023-03-03,STAGE1,NEW,ACTIVE
INV0000851,CSN900851,CMP025,HPT Stage 2 Disk,ESN700017,2021-02-13,2023-04-01,STAGE2,NEW,ACTIVE
INV0000852,CSN900852,CMP028,HPT Shroud,ESN700017,2022-06-11,2023-05-12,CENTER,NEW,ACTIVE
INV0000853,CSN900853,CMP029,LPT Shaft,ESN700017,2022-12-30,2023-04-22,CENTER,NEW,ACTIVE
INV0000854,CSN900854,CMP030,LPT Stage 1 Disk,ESN700017,2021-10-04,2023-01-18,STAGE1,NEW,ACTIVE
INV0000855,CSN900855,CMP031,LPT Stage 2 Disk,ESN700017,2022-02-19,2023-06-05,STAGE2,NEW,ACTIVE
INV0000856,CSN900856,CMP034,Turbine Rear Frame,ESN700017,2022-06-06,2023-03-15,CENTER,NEW,ACTIVE
INV0000857,CSN900857,CMP035,Fuel Pump,ESN700017,2021-08-03,2023-04-15,CENTER,NEW,ACTIVE
INV0000858,CSN900858,CMP036,Hydromechanical Unit (HMU),ESN700017,2022-11-22,2023-02-10,CENTER,NEW,ACTIVE
INV0000859,CSN900859,CMP037,Fuel Filter,ESN700017,2022-08-31,2023-06-05,CENTER,NEW,ACTIVE
INV0000860,CSN900860,CMP038,Fuel Shutoff Valve,ESN700017,2021-01-19,2023-01-28,CENTER,NEW,ACTIVE
INV0000861,CSN900861,CMP039,Fuel Manifold,ESN700017,2022-08-23,2023-01-03,CENTER,NEW,ACTIVE
INV0000862,CSN900862,CMP040,Ignition Exciter,ESN700017,2021-01-21,2023-02-27,CENTER,NEW,ACTIVE
INV0000863,CSN900863,CMP041,Igniter Plug A,ESN700017,2022-03-07,2023-04-09,A,NEW,ACTIVE
INV0000864,CSN900864,CMP042,Igniter Plug B,ESN700017,2022-06-12,2023-01-18,B,NEW,ACTIVE
INV0000865,CSN900865,CMP043,Variable Bleed Valve (VBV),ESN700017,2022-12-24,2023-02-21,CENTER,NEW,ACTIVE
INV0000866,CSN900866,CMP044,VBV Actuator,ESN700017,2021-01-05,2023-04-17,CENTER,NEW,ACTIVE
INV0000867,CSN900867,CMP045,High Stage Bleed Valve,ESN700017,2021-07-22,2023-05-17,CENTER,NEW,ACTIVE
INV0000868,CSN900868,CMP046,Start Valve,ESN700017,2022-04-29,2023-02-11,CENTER,NEW,ACTIVE
INV0000869,CSN900869,CMP047,Exhaust Nozzle,ESN700017,2022-10-02,2023-03-15,CENTER,NEW,ACTIVE
INV0000870,CSN900870,CMP048,Exhaust Mixer,ESN700017,2021-02-10,2022-12-30,CENTER,NEW,ACTIVE
INV0000871,CSN900871,CMP049,Oil Pump,ESN700017,2022-06-13,2023-03-14,CENTER,NEW,ACTIVE
INV0000872,CSN900872,CMP050,Scavenge Pump,ESN700017,2021-08-10,2023-02-04,CENTER,NEW,ACTIVE
INV0000873,CSN900873,CMP051,Oil Filter,ESN700017,2022-04-13,2023-03-23,CENTER,NEW,ACTIVE
INV0000874,CSN900874,CMP052,Oil Pressure Transmitter,ESN700017,2022-02-22,2023-01-22,CENTER,NEW,ACTIVE
INV0000875,CSN900875,CMP053,Oil Temperature Sensor,ESN700017,2021-11-20,2023-05-12,CENTER,NEW,ACTIVE
INV0000876,CSN900876,CMP054,EGT Thermocouple Harness,ESN700017,2022-09-21,2023-04-08,CENTER,NEW,ACTIVE
INV0000877,CSN900877,CMP055,N1 Speed Sensor,ESN700017,2022-11-13,2023-05-16,CENTER,NEW,ACTIVE
INV0000878,CSN900878,CMP056,N2 Speed Sensor,ESN700017,2021-01-21,2023-05-01,CENTER,NEW,ACTIVE
INV0000879,CSN900879,CMP057,Vibration Sensor,ESN700017,2021-10-18,2023-04-21,CENTER,NEW,ACTIVE
INV0000880,CSN900880,CMP058,Chip Detector,ESN700017,2022-10-19,2023-05-20,CENTER,NEW,ACTIVE
INV0000881,CSN900881,CMP059,Accessory Gearbox,ESN700017,2021-07-04,2023-03-13,CENTER,NEW,ACTIVE
INV0000882,CSN900882,CMP060,Starter,ESN700017,2021-07-18,2023-03-18,CENTER,NEW,ACTIVE
INV0000883,CSN900883,CMP061,Integrated Drive Generator (IDG) Drive Pad,ESN700017,2022-08-17,2023-05-08,CENTER,NEW,ACTIVE
INV0000884,CSN900884,CMP062,Hydraulic Pump Drive Pad,ESN700017,2021-03-12,2023-06-13,CENTER,NEW,ACTIVE
INV0000885,CSN900885,CMP001,Fan Disk,ESN700018,2021-07-30,2023-01-10,CENTER,NEW,ACTIVE
INV0000886,CSN900886,CMP002,Fan Shaft,ESN700018,2021-04-28,2023-01-09,CENTER,NEW,ACTIVE
INV0000887,CSN900887,CMP005,Fan Case,ESN700018,2022-04-22,2023-04-04,CENTER,NEW,ACTIVE
INV0000888,CSN900888,CMP006,Spinner Cone,ESN700018,2022-10-22,2023-02-17,CENTER,NEW,ACTIVE
INV0000889,CSN900889,CMP007,Booster Rotor,ESN700018,2021-01-28,2023-05-14,CENTER,NEW,ACTIVE
INV0000890,CSN900890,CMP009,Booster Stator Assembly,ESN700018,2021-07-15,2023-02-12,CENTER,NEW,ACTIVE
INV0000891,CSN900891,CMP010,Booster Case,ESN700018,2022-08-14,2023-01-16,CENTER,NEW,ACTIVE
INV0000892,CSN900892,CMP011,HPC Stage 1 Disk,ESN700018,2021-04-27,2023-04-09,STAGE1,NEW,ACTIVE
INV0000893,CSN900893,CMP012,HPC Stage 2 Disk,ESN700018,2021-11-13,2023-04-30,STAGE2,NEW,ACTIVE
INV0000894,CSN900894,CMP013,HPC Stage 3 Disk,ESN700018,2022-06-05,2023-05-06,STAGE3,NEW,ACTIVE
INV0000895,CSN900895,CMP014,HPC Stage 4 Disk,ESN700018,2021-01-12,2023-02-17,STAGE4,NEW,ACTIVE
INV0000896,CSN900896,CMP015,HPC Stage 5 Disk,ESN700018,2021-03-24,2023-01-19,STAGE5,NEW,ACTIVE
INV0000897,CSN900897,CMP016,HPC Rotor Shaft,ESN700018,2022-08-02,2023-02-15,CENTER,NEW,ACTIVE
INV0000898,CSN900898,CMP018,Variable Stator Vane Assembly,ESN700018,2021-01-09,2023-05-19,CENTER,NEW,ACTIVE
INV0000899,CSN900899,CMP019,HPC Case,ESN700018,2022-12-19,2023-04-10,CENTER,NEW,ACTIVE
INV0000900,CSN900900,CMP020,Combustor Liner,ESN700018,2022-05-06,2023-03-04,CENTER,NEW,ACTIVE
INV0000901,CSN900901,CMP022,Dome Assembly,ESN700018,2022-06-04,2023-02-14,CENTER,NEW,ACTIVE
INV0000902,CSN900902,CMP024,HPT Stage 1 Disk,ESN700018,2021-01-24,2023-05-10,STAGE1,NEW,ACTIVE
INV0000903,CSN900903,CMP025,HPT Stage 2 Disk,ESN700018,2022-06-10,2023-03-29,STAGE2,NEW,ACTIVE
INV0000904,CSN900904,CMP028,HPT Shroud,ESN700018,2021-07-12,2023-04-20,CENTER,NEW,ACTIVE
INV0000905,CSN900905,CMP029,LPT Shaft,ESN700018,2022-02-09,2023-02-26,CENTER,NEW,ACTIVE
INV0000906,CSN900906,CMP030,LPT Stage 1 Disk,ESN700018,2022-11-18,2023-05-02,STAGE1,NEW,ACTIVE
INV0000907,CSN900907,CMP031,LPT Stage 2 Disk,ESN700018,2022-11-26,2023-05-06,STAGE2,NEW,ACTIVE
INV0000908,CSN900908,CMP034,Turbine Rear Frame,ESN700018,2021-02-10,2023-06-01,CENTER,NEW,ACTIVE
INV0000909,CSN900909,CMP035,Fuel Pump,ESN700018,2022-12-18,2023-03-03,CENTER,NEW,ACTIVE
INV0000910,CSN900910,CMP036,Hydromechanical Unit (HMU),ESN700018,2022-02-09,2023-04-10,CENTER,NEW,ACTIVE
INV0000911,CSN900911,CMP037,Fuel Filter,ESN700018,2022-02-13,2023-02-03,CENTER,NEW,ACTIVE
INV0000912,CSN900912,CMP038,Fuel Shutoff Valve,ESN700018,2022-01-26,2023-03-18,CENTER,NEW,ACTIVE
INV0000913,CSN900913,CMP039,Fuel Manifold,ESN700018,2022-07-13,2023-02-25,CENTER,NEW,ACTIVE
INV0000914,CSN900914,CMP040,Ignition Exciter,ESN700018,2021-05-27,2023-05-22,CENTER,NEW,ACTIVE
INV0000915,CSN900915,CMP041,Igniter Plug A,ESN700018,2021-08-26,2023-03-05,A,NEW,ACTIVE
INV0000916,CSN900916,CMP042,Igniter Plug B,ESN700018,2022-03-30,2023-02-26,B,NEW,ACTIVE
INV0000917,CSN900917,CMP043,Variable Bleed Valve (VBV),ESN700018,2022-10-15,2023-05-20,CENTER,NEW,ACTIVE
INV0000918,CSN900918,CMP044,VBV Actuator,ESN700018,2021-08-14,2022-12-31,CENTER,NEW,ACTIVE
INV0000919,CSN900919,CMP045,High Stage Bleed Valve,ESN700018,2021-07-08,2023-01-31,CENTER,NEW,ACTIVE
INV0000920,CSN900920,CMP046,Start Valve,ESN700018,2022-10-27,2023-06-14,CENTER,NEW,ACTIVE
INV0000921,CSN900921,CMP047,Exhaust Nozzle,ESN700018,2021-12-05,2023-01-11,CENTER,NEW,ACTIVE
INV0000922,CSN900922,CMP048,Exhaust Mixer,ESN700018,2021-09-23,2023-02-05,CENTER,NEW,ACTIVE
INV0000923,CSN900923,CMP049,Oil Pump,ESN700018,2022-10-12,2023-03-15,CENTER,NEW,ACTIVE
INV0000924,CSN900924,CMP050,Scavenge Pump,ESN700018,2021-02-19,2023-05-02,CENTER,NEW,ACTIVE
INV0000925,CSN900925,CMP051,Oil Filter,ESN700018,2021-01-30,2023-05-19,CENTER,NEW,ACTIVE
INV0000926,CSN900926,CMP052,Oil Pressure Transmitter,ESN700018,2022-08-19,2023-01-06,CENTER,NEW,ACTIVE
INV0000927,CSN900927,CMP053,Oil Temperature Sensor,ESN700018,2021-12-13,2023-02-04,CENTER,NEW,ACTIVE
INV0000928,CSN900928,CMP054,EGT Thermocouple Harness,ESN700018,2021-06-12,2023-03-04,CENTER,NEW,ACTIVE
INV0000929,CSN900929,CMP055,N1 Speed Sensor,ESN700018,2021-10-31,2023-06-04,CENTER,NEW,ACTIVE
INV0000930,CSN900930,CMP056,N2 Speed Sensor,ESN700018,2021-05-29,2023-05-13,CENTER,NEW,ACTIVE
INV0000931,CSN900931,CMP057,Vibration Sensor,ESN700018,2022-02-14,2023-01-02,CENTER,NEW,ACTIVE
INV0000932,CSN900932,CMP058,Chip Detector,ESN700018,2021-11-26,2023-04-04,CENTER,NEW,ACTIVE
INV0000933,CSN900933,CMP059,Accessory Gearbox,ESN700018,2021-04-26,2023-01-02,CENTER,NEW,ACTIVE
INV0000934,CSN900934,CMP060,Starter,ESN700018,2021-03-05,2023-06-12,CENTER,NEW,ACTIVE
INV0000935,CSN900935,CMP061,Integrated Drive Generator (IDG) Drive Pad,ESN700018,2022-08-14,2023-05-07,CENTER,NEW,ACTIVE
INV0000936,CSN900936,CMP062,Hydraulic Pump Drive Pad,ESN700018,2022-05-05,2023-02-11,CENTER,NEW,ACTIVE
INV0000937,CSN900937,CMP001,Fan Disk,ESN700019,2022-10-07,2023-02-17,CENTER,NEW,ACTIVE
INV0000938,CSN900938,CMP002,Fan Shaft,ESN700019,2022-03-15,2023-04-12,CENTER,NEW,ACTIVE
INV0000939,CSN900939,CMP005,Fan Case,ESN700019,2021-11-02,2023-03-20,CENTER,NEW,ACTIVE
INV0000940,CSN900940,CMP006,Spinner Cone,ESN700019,2022-04-11,2023-04-02,CENTER,NEW,ACTIVE
INV0000941,CSN900941,CMP007,Booster Rotor,ESN700019,2022-03-12,2023-01-12,CENTER,NEW,ACTIVE
INV0000942,CSN900942,CMP009,Booster Stator Assembly,ESN700019,2022-09-03,2023-01-13,CENTER,NEW,ACTIVE
INV0000943,CSN900943,CMP010,Booster Case,ESN700019,2021-09-22,2023-05-30,CENTER,NEW,ACTIVE
INV0000944,CSN900944,CMP011,HPC Stage 1 Disk,ESN700019,2022-03-02,2023-06-08,STAGE1,NEW,ACTIVE
INV0000945,CSN900945,CMP012,HPC Stage 2 Disk,ESN700019,2022-05-23,2023-02-07,STAGE2,NEW,ACTIVE
INV0000946,CSN900946,CMP013,HPC Stage 3 Disk,ESN700019,2021-06-07,2023-05-11,STAGE3,NEW,ACTIVE
INV0000947,CSN900947,CMP014,HPC Stage 4 Disk,ESN700019,2022-08-25,2023-03-20,STAGE4,NEW,ACTIVE
INV0000948,CSN900948,CMP015,HPC Stage 5 Disk,ESN700019,2021-01-11,2023-04-04,STAGE5,NEW,ACTIVE
INV0000949,CSN900949,CMP016,HPC Rotor Shaft,ESN700019,2021-04-02,2023-04-30,CENTER,NEW,ACTIVE
INV0000950,CSN900950,CMP018,Variable Stator Vane Assembly,ESN700019,2022-11-26,2023-05-02,CENTER,NEW,ACTIVE
INV0000951,CSN900951,CMP019,HPC Case,ESN700019,2022-03-19,2023-05-07,CENTER,NEW,ACTIVE
INV0000952,CSN900952,CMP020,Combustor Liner,ESN700019,2021-02-24,2023-05-29,CENTER,NEW,ACTIVE
INV0000953,CSN900953,CMP022,Dome Assembly,ESN700019,2021-07-11,2023-05-11,CENTER,NEW,ACTIVE
INV0000954,CSN900954,CMP024,HPT Stage 1 Disk,ESN700019,2022-09-04,2023-02-09,STAGE1,NEW,ACTIVE
INV0000955,CSN900955,CMP025,HPT Stage 2 Disk,ESN700019,2021-05-16,2023-06-10,STAGE2,NEW,ACTIVE
INV0000956,CSN900956,CMP028,HPT Shroud,ESN700019,2022-12-29,2023-01-03,CENTER,NEW,ACTIVE
INV0000957,CSN900957,CMP029,LPT Shaft,ESN700019,2022-03-03,2023-04-22,CENTER,NEW,ACTIVE
INV0000958,CSN900958,CMP030,LPT Stage 1 Disk,ESN700019,2022-03-16,2023-03-27,STAGE1,NEW,ACTIVE
INV0000959,CSN900959,CMP031,LPT Stage 2 Disk,ESN700019,2021-11-11,2023-01-29,STAGE2,NEW,ACTIVE
INV0000960,CSN900960,CMP034,Turbine Rear Frame,ESN700019,2022-04-09,2023-05-08,CENTER,NEW,ACTIVE
INV0000961,CSN900961,CMP035,Fuel Pump,ESN700019,2022-03-07,2023-04-06,CENTER,NEW,ACTIVE
INV0000962,CSN900962,CMP036,Hydromechanical Unit (HMU),ESN700019,2021-11-29,2023-04-17,CENTER,NEW,ACTIVE
INV0000963,CSN900963,CMP037,Fuel Filter,ESN700019,2022-01-14,2023-03-12,CENTER,NEW,ACTIVE
INV0000964,CSN900964,CMP038,Fuel Shutoff Valve,ESN700019,2021-04-27,2023-03-21,CENTER,NEW,ACTIVE
INV0000965,CSN900965,CMP039,Fuel Manifold,ESN700019,2022-05-12,2023-05-20,CENTER,NEW,ACTIVE
INV0000966,CSN900966,CMP040,Ignition Exciter,ESN700019,2022-08-04,2023-04-24,CENTER,NEW,ACTIVE
INV0000967,CSN900967,CMP041,Igniter Plug A,ESN700019,2021-07-20,2023-04-17,A,NEW,ACTIVE
INV0000968,CSN900968,CMP042,Igniter Plug B,ESN700019,2021-01-23,2023-04-01,B,NEW,ACTIVE
INV0000969,CSN900969,CMP043,Variable Bleed Valve (VBV),ESN700019,2021-04-20,2023-05-13,CENTER,NEW,ACTIVE
INV0000970,CSN900970,CMP044,VBV Actuator,ESN700019,2021-09-30,2023-05-25,CENTER,NEW,ACTIVE
INV0000971,CSN900971,CMP045,High Stage Bleed Valve,ESN700019,2022-09-09,2023-05-26,CENTER,NEW,ACTIVE
INV0000972,CSN900972,CMP046,Start Valve,ESN700019,2022-12-05,2023-06-01,CENTER,NEW,ACTIVE
INV0000973,CSN900973,CMP047,Exhaust Nozzle,ESN700019,2022-10-29,2023-04-13,CENTER,NEW,ACTIVE
INV0000974,CSN900974,CMP048,Exhaust Mixer,ESN700019,2022-09-19,2023-06-06,CENTER,NEW,ACTIVE
INV0000975,CSN900975,CMP049,Oil Pump,ESN700019,2021-12-01,2023-02-14,CENTER,NEW,ACTIVE
INV0000976,CSN900976,CMP050,Scavenge Pump,ESN700019,2021-12-15,2023-01-29,CENTER,NEW,ACTIVE
INV0000977,CSN900977,CMP051,Oil Filter,ESN700019,2022-03-31,2023-06-04,CENTER,NEW,ACTIVE
INV0000978,CSN900978,CMP052,Oil Pressure Transmitter,ESN700019,2022-08-18,2023-04-22,CENTER,NEW,ACTIVE
INV0000979,CSN900979,CMP053,Oil Temperature Sensor,ESN700019,2022-01-30,2023-02-14,CENTER,NEW,ACTIVE
INV0000980,CSN900980,CMP054,EGT Thermocouple Harness,ESN700019,2021-12-30,2023-01-21,CENTER,NEW,ACTIVE
INV0000981,CSN900981,CMP055,N1 Speed Sensor,ESN700019,2022-09-03,2023-01-26,CENTER,NEW,ACTIVE
INV0000982,CSN900982,CMP056,N2 Speed Sensor,ESN700019,2021-04-07,2023-01-04,CENTER,NEW,ACTIVE
INV0000983,CSN900983,CMP057,Vibration Sensor,ESN700019,2022-05-21,2023-05-16,CENTER,NEW,ACTIVE
INV0000984,CSN900984,CMP058,Chip Detector,ESN700019,2022-10-18,2023-06-24,CENTER,NEW,ACTIVE
INV0000985,CSN900985,CMP059,Accessory Gearbox,ESN700019,2021-04-07,2023-05-01,CENTER,NEW,ACTIVE
INV0000986,CSN900986,CMP060,Starter,ESN700019,2021-12-13,2023-01-08,CENTER,NEW,ACTIVE
INV0000987,CSN900987,CMP061,Integrated Drive Generator (IDG) Drive Pad,ESN700019,2022-12-29,2023-06-20,CENTER,NEW,ACTIVE
INV0000988,CSN900988,CMP062,Hydraulic Pump Drive Pad,ESN700019,2022-02-10,2023-03-23,CENTER,NEW,ACTIVE
INV0000989,CSN900989,CMP001,Fan Disk,ESN700020,2022-10-17,2023-06-13,CENTER,NEW,ACTIVE
INV0000990,CSN900990,CMP002,Fan Shaft,ESN700020,2022-10-06,2023-04-20,CENTER,NEW,ACTIVE
INV0000991,CSN900991,CMP005,Fan Case,ESN700020,2022-11-15,2023-03-12,CENTER,NEW,ACTIVE
INV0000992,CSN900992,CMP006,Spinner Cone,ESN700020,2021-03-11,2023-06-11,CENTER,NEW,ACTIVE
INV0000993,CSN900993,CMP007,Booster Rotor,ESN700020,2022-02-24,2023-04-23,CENTER,NEW,ACTIVE
INV0000994,CSN900994,CMP009,Booster Stator Assembly,ESN700020,2022-07-22,2023-02-04,CENTER,NEW,ACTIVE
INV0000995,CSN900995,CMP010,Booster Case,ESN700020,2021-05-29,2023-02-19,CENTER,NEW,ACTIVE
INV0000996,CSN900996,CMP011,HPC Stage 1 Disk,ESN700020,2021-11-03,2023-05-26,STAGE1,NEW,ACTIVE
INV0000997,CSN900997,CMP012,HPC Stage 2 Disk,ESN700020,2022-03-05,2023-05-29,STAGE2,NEW,ACTIVE
INV0000998,CSN900998,CMP013,HPC Stage 3 Disk,ESN700020,2022-04-10,2023-03-08,STAGE3,NEW,ACTIVE
INV0000999,CSN900999,CMP014,HPC Stage 4 Disk,ESN700020,2022-02-06,2023-05-27,STAGE4,NEW,ACTIVE
INV0001000,CSN901000,CMP015,HPC Stage 5 Disk,ESN700020,2021-08-09,2023-06-06,STAGE5,NEW,ACTIVE
INV0001001,CSN901001,CMP016,HPC Rotor Shaft,ESN700020,2022-08-10,2023-05-04,CENTER,NEW,ACTIVE
INV0001002,CSN901002,CMP018,Variable Stator Vane Assembly,ESN700020,2021-07-31,2023-02-21,CENTER,NEW,ACTIVE
INV0001003,CSN901003,CMP019,HPC Case,ESN700020,2022-03-24,2023-04-18,CENTER,NEW,ACTIVE
INV0001004,CSN901004,CMP020,Combustor Liner,ESN700020,2021-05-07,2023-04-29,CENTER,NEW,ACTIVE
INV0001005,CSN901005,CMP022,Dome Assembly,ESN700020,2021-11-06,2023-03-21,CENTER,NEW,ACTIVE
INV0001006,CSN901006,CMP024,HPT Stage 1 Disk,ESN700020,2022-10-07,2023-06-07,STAGE1,NEW,ACTIVE
INV0001007,CSN901007,CMP025,HPT Stage 2 Disk,ESN700020,2021-09-28,2023-04-22,STAGE2,NEW,ACTIVE
INV0001008,CSN901008,CMP028,HPT Shroud,ESN700020,2021-02-07,2023-04-03,CENTER,NEW,ACTIVE
INV0001009,CSN901009,CMP029,LPT Shaft,ESN700020,2021-06-24,2023-04-28,CENTER,NEW,ACTIVE
INV0001010,CSN901010,CMP030,LPT Stage 1 Disk,ESN700020,2021-08-26,2023-06-04,STAGE1,NEW,ACTIVE
INV0001011,CSN901011,CMP031,LPT Stage 2 Disk,ESN700020,2022-01-06,2023-05-22,STAGE2,NEW,ACTIVE
INV0001012,CSN901012,CMP034,Turbine Rear Frame,ESN700020,2021-05-28,2023-01-29,CENTER,NEW,ACTIVE
INV0001013,CSN901013,CMP035,Fuel Pump,ESN700020,2021-11-25,2023-02-06,CENTER,NEW,ACTIVE
INV0001014,CSN901014,CMP036,Hydromechanical Unit (HMU),ESN700020,2021-05-27,2023-04-07,CENTER,NEW,ACTIVE
INV0001015,CSN901015,CMP037,Fuel Filter,ESN700020,2022-06-27,2023-01-07,CENTER,NEW,ACTIVE
INV0001016,CSN901016,CMP038,Fuel Shutoff Valve,ESN700020,2021-03-08,2023-06-07,CENTER,NEW,ACTIVE
INV0001017,CSN901017,CMP039,Fuel Manifold,ESN700020,2021-01-23,2023-06-24,CENTER,NEW,ACTIVE
INV0001018,CSN901018,CMP040,Ignition Exciter,ESN700020,2022-11-23,2023-03-15,CENTER,NEW,ACTIVE
INV0001019,CSN901019,CMP041,Igniter Plug A,ESN700020,2022-10-06,2023-01-24,A,NEW,ACTIVE
INV0001020,CSN901020,CMP042,Igniter Plug B,ESN700020,2021-11-02,2023-06-24,B,NEW,ACTIVE
INV0001021,CSN901021,CMP043,Variable Bleed Valve (VBV),ESN700020,2022-04-05,2023-01-30,CENTER,NEW,ACTIVE
INV0001022,CSN901022,CMP044,VBV Actuator,ESN700020,2022-08-28,2023-01-22,CENTER,NEW,ACTIVE
INV0001023,CSN901023,CMP045,High Stage Bleed Valve,ESN700020,2022-05-03,2023-05-07,CENTER,NEW,ACTIVE
INV0001024,CSN901024,CMP046,Start Valve,ESN700020,2022-09-13,2023-03-30,CENTER,NEW,ACTIVE
INV0001025,CSN901025,CMP047,Exhaust Nozzle,ESN700020,2021-06-19,2023-05-10,CENTER,NEW,ACTIVE
INV0001026,CSN901026,CMP048,Exhaust Mixer,ESN700020,2022-10-02,2023-04-01,CENTER,NEW,ACTIVE
INV0001027,CSN901027,CMP049,Oil Pump,ESN700020,2022-04-03,2023-05-18,CENTER,NEW,ACTIVE
INV0001028,CSN901028,CMP050,Scavenge Pump,ESN700020,2022-03-15,2023-04-28,CENTER,NEW,ACTIVE
INV0001029,CSN901029,CMP051,Oil Filter,ESN700020,2022-01-23,2023-01-19,CENTER,NEW,ACTIVE
INV0001030,CSN901030,CMP052,Oil Pressure Transmitter,ESN700020,2022-04-24,2023-05-06,CENTER,NEW,ACTIVE
INV0001031,CSN901031,CMP053,Oil Temperature Sensor,ESN700020,2021-12-24,2023-04-19,CENTER,NEW,ACTIVE
INV0001032,CSN901032,CMP054,EGT Thermocouple Harness,ESN700020,2022-02-09,2023-05-13,CENTER,NEW,ACTIVE
INV0001033,CSN901033,CMP055,N1 Speed Sensor,ESN700020,2022-12-04,2023-05-12,CENTER,NEW,ACTIVE
INV0001034,CSN901034,CMP056,N2 Speed Sensor,ESN700020,2021-07-04,2023-01-06,CENTER,NEW,ACTIVE
INV0001035,CSN901035,CMP057,Vibration Sensor,ESN700020,2021-07-17,2023-04-26,CENTER,NEW,ACTIVE
INV0001036,CSN901036,CMP058,Chip Detector,ESN700020,2021-04-03,2023-01-24,CENTER,NEW,ACTIVE
INV0001037,CSN901037,CMP059,Accessory Gearbox,ESN700020,2022-09-20,2023-04-03,CENTER,NEW,ACTIVE
INV0001038,CSN901038,CMP060,Starter,ESN700020,2021-07-13,2023-02-10,CENTER,NEW,ACTIVE
INV0001039,CSN901039,CMP061,Integrated Drive Generator (IDG) Drive Pad,ESN700020,2022-05-27,2023-02-22,CENTER,NEW,ACTIVE
INV0001040,CSN901040,CMP062,Hydraulic Pump Drive Pad,ESN700020,2022-03-27,2023-03-16,CENTER,NEW,ACTIVE
INV0001041,CSN901041,CMP001,Fan Disk,ESN700021,2021-01-27,2023-04-26,CENTER,NEW,ACTIVE
INV0001042,CSN901042,CMP002,Fan Shaft,ESN700021,2021-01-26,2023-01-06,CENTER,NEW,ACTIVE
INV0001043,CSN901043,CMP005,Fan Case,ESN700021,2021-01-27,2023-01-27,CENTER,NEW,ACTIVE
INV0001044,CSN901044,CMP006,Spinner Cone,ESN700021,2021-06-17,2023-06-22,CENTER,NEW,ACTIVE
INV0001045,CSN901045,CMP007,Booster Rotor,ESN700021,2021-03-07,2023-03-28,CENTER,NEW,ACTIVE
INV0001046,CSN901046,CMP009,Booster Stator Assembly,ESN700021,2021-06-12,2023-03-02,CENTER,NEW,ACTIVE
INV0001047,CSN901047,CMP010,Booster Case,ESN700021,2022-08-26,2023-01-19,CENTER,NEW,ACTIVE
INV0001048,CSN901048,CMP011,HPC Stage 1 Disk,ESN700021,2022-02-10,2023-02-10,STAGE1,NEW,ACTIVE
INV0001049,CSN901049,CMP012,HPC Stage 2 Disk,ESN700021,2021-10-23,2023-03-14,STAGE2,NEW,ACTIVE
INV0001050,CSN901050,CMP013,HPC Stage 3 Disk,ESN700021,2021-03-17,2023-04-16,STAGE3,NEW,ACTIVE
INV0001051,CSN901051,CMP014,HPC Stage 4 Disk,ESN700021,2022-10-11,2023-03-19,STAGE4,NEW,ACTIVE
INV0001052,CSN901052,CMP015,HPC Stage 5 Disk,ESN700021,2021-10-12,2023-01-21,STAGE5,NEW,ACTIVE
INV0001053,CSN901053,CMP016,HPC Rotor Shaft,ESN700021,2021-01-10,2023-06-08,CENTER,NEW,ACTIVE
INV0001054,CSN901054,CMP018,Variable Stator Vane Assembly,ESN700021,2021-01-08,2023-06-06,CENTER,NEW,ACTIVE
INV0001055,CSN901055,CMP019,HPC Case,ESN700021,2021-11-12,2023-03-31,CENTER,NEW,ACTIVE
INV0001056,CSN901056,CMP020,Combustor Liner,ESN700021,2022-07-28,2023-04-15,CENTER,NEW,ACTIVE
INV0001057,CSN901057,CMP022,Dome Assembly,ESN700021,2022-01-24,2023-03-31,CENTER,NEW,ACTIVE
INV0001058,CSN901058,CMP024,HPT Stage 1 Disk,ESN700021,2021-04-29,2023-01-26,STAGE1,NEW,ACTIVE
INV0001059,CSN901059,CMP025,HPT Stage 2 Disk,ESN700021,2022-08-30,2023-03-28,STAGE2,NEW,ACTIVE
INV0001060,CSN901060,CMP028,HPT Shroud,ESN700021,2022-09-27,2023-02-20,CENTER,NEW,ACTIVE
INV0001061,CSN901061,CMP029,LPT Shaft,ESN700021,2022-06-19,2023-03-22,CENTER,NEW,ACTIVE
INV0001062,CSN901062,CMP030,LPT Stage 1 Disk,ESN700021,2021-05-05,2023-06-09,STAGE1,NEW,ACTIVE
INV0001063,CSN901063,CMP031,LPT Stage 2 Disk,ESN700021,2022-02-09,2023-03-21,STAGE2,NEW,ACTIVE
INV0001064,CSN901064,CMP034,Turbine Rear Frame,ESN700021,2021-12-08,2023-01-25,CENTER,NEW,ACTIVE
INV0001065,CSN901065,CMP035,Fuel Pump,ESN700021,2021-11-26,2023-02-06,CENTER,NEW,ACTIVE
INV0001066,CSN901066,CMP036,Hydromechanical Unit (HMU),ESN700021,2022-04-08,2023-05-03,CENTER,NEW,ACTIVE
INV0001067,CSN901067,CMP037,Fuel Filter,ESN700021,2021-11-15,2023-04-30,CENTER,NEW,ACTIVE
INV0001068,CSN901068,CMP038,Fuel Shutoff Valve,ESN700021,2022-11-15,2023-05-06,CENTER,NEW,ACTIVE
INV0001069,CSN901069,CMP039,Fuel Manifold,ESN700021,2021-02-14,2023-03-19,CENTER,NEW,ACTIVE
INV0001070,CSN901070,CMP040,Ignition Exciter,ESN700021,2022-10-16,2023-02-10,CENTER,NEW,ACTIVE
INV0001071,CSN901071,CMP041,Igniter Plug A,ESN700021,2021-03-09,2023-02-19,A,NEW,ACTIVE
INV0001072,CSN901072,CMP042,Igniter Plug B,ESN700021,2021-12-07,2023-05-14,B,NEW,ACTIVE
INV0001073,CSN901073,CMP043,Variable Bleed Valve (VBV),ESN700021,2022-04-13,2023-06-10,CENTER,NEW,ACTIVE
INV0001074,CSN901074,CMP044,VBV Actuator,ESN700021,2022-02-01,2023-05-23,CENTER,NEW,ACTIVE
INV0001075,CSN901075,CMP045,High Stage Bleed Valve,ESN700021,2022-11-21,2023-02-15,CENTER,NEW,ACTIVE
INV0001076,CSN901076,CMP046,Start Valve,ESN700021,2022-03-09,2023-06-24,CENTER,NEW,ACTIVE
INV0001077,CSN901077,CMP047,Exhaust Nozzle,ESN700021,2021-05-20,2023-02-26,CENTER,NEW,ACTIVE
INV0001078,CSN901078,CMP048,Exhaust Mixer,ESN700021,2021-07-24,2023-04-18,CENTER,NEW,ACTIVE
INV0001079,CSN901079,CMP049,Oil Pump,ESN700021,2021-03-10,2023-03-07,CENTER,NEW,ACTIVE
INV0001080,CSN901080,CMP050,Scavenge Pump,ESN700021,2021-10-02,2023-04-25,CENTER,NEW,ACTIVE
INV0001081,CSN901081,CMP051,Oil Filter,ESN700021,2022-05-20,2023-05-04,CENTER,NEW,ACTIVE
INV0001082,CSN901082,CMP052,Oil Pressure Transmitter,ESN700021,2022-05-08,2023-03-23,CENTER,NEW,ACTIVE
INV0001083,CSN901083,CMP053,Oil Temperature Sensor,ESN700021,2022-10-14,2023-02-11,CENTER,NEW,ACTIVE
INV0001084,CSN901084,CMP054,EGT Thermocouple Harness,ESN700021,2022-09-02,2023-04-15,CENTER,NEW,ACTIVE
INV0001085,CSN901085,CMP055,N1 Speed Sensor,ESN700021,2022-05-08,2023-04-26,CENTER,NEW,ACTIVE
INV0001086,CSN901086,CMP056,N2 Speed Sensor,ESN700021,2022-10-14,2023-06-22,CENTER,NEW,ACTIVE
INV0001087,CSN901087,CMP057,Vibration Sensor,ESN700021,2022-03-26,2023-05-13,CENTER,NEW,ACTIVE
INV0001088,CSN901088,CMP058,Chip Detector,ESN700021,2021-01-13,2023-02-24,CENTER,NEW,ACTIVE
INV0001089,CSN901089,CMP059,Accessory Gearbox,ESN700021,2021-03-09,2023-03-17,CENTER,NEW,ACTIVE
INV0001090,CSN901090,CMP060,Starter,ESN700021,2021-03-11,2023-06-12,CENTER,NEW,ACTIVE
INV0001091,CSN901091,CMP061,Integrated Drive Generator (IDG) Drive Pad,ESN700021,2021-12-31,2023-01-26,CENTER,NEW,ACTIVE
INV0001092,CSN901092,CMP062,Hydraulic Pump Drive Pad,ESN700021,2021-01-19,2023-01-13,CENTER,NEW,ACTIVE
INV0001093,CSN901093,CMP001,Fan Disk,ESN700022,2021-03-05,2023-03-25,CENTER,NEW,ACTIVE
INV0001094,CSN901094,CMP002,Fan Shaft,ESN700022,2021-09-03,2023-05-10,CENTER,NEW,ACTIVE
INV0001095,CSN901095,CMP005,Fan Case,ESN700022,2022-02-06,2022-12-31,CENTER,NEW,ACTIVE
INV0001096,CSN901096,CMP006,Spinner Cone,ESN700022,2022-09-13,2023-01-05,CENTER,NEW,ACTIVE
INV0001097,CSN901097,CMP007,Booster Rotor,ESN700022,2022-01-26,2023-05-01,CENTER,NEW,ACTIVE
INV0001098,CSN901098,CMP009,Booster Stator Assembly,ESN700022,2021-04-26,2023-04-16,CENTER,NEW,ACTIVE
INV0001099,CSN901099,CMP010,Booster Case,ESN700022,2022-07-15,2023-04-08,CENTER,NEW,ACTIVE
INV0001100,CSN901100,CMP011,HPC Stage 1 Disk,ESN700022,2021-09-02,2023-01-06,STAGE1,NEW,ACTIVE
INV0001101,CSN901101,CMP012,HPC Stage 2 Disk,ESN700022,2021-11-30,2023-06-06,STAGE2,NEW,ACTIVE
INV0001102,CSN901102,CMP013,HPC Stage 3 Disk,ESN700022,2021-11-02,2023-06-25,STAGE3,NEW,ACTIVE
INV0001103,CSN901103,CMP014,HPC Stage 4 Disk,ESN700022,2022-06-29,2023-06-04,STAGE4,NEW,ACTIVE
INV0001104,CSN901104,CMP015,HPC Stage 5 Disk,ESN700022,2022-12-15,2023-05-28,STAGE5,NEW,ACTIVE
INV0001105,CSN901105,CMP016,HPC Rotor Shaft,ESN700022,2022-08-16,2023-04-19,CENTER,NEW,ACTIVE
INV0001106,CSN901106,CMP018,Variable Stator Vane Assembly,ESN700022,2022-08-30,2023-06-02,CENTER,NEW,ACTIVE
INV0001107,CSN901107,CMP019,HPC Case,ESN700022,2021-02-07,2023-05-17,CENTER,NEW,ACTIVE
INV0001108,CSN901108,CMP020,Combustor Liner,ESN700022,2022-03-16,2023-01-13,CENTER,NEW,ACTIVE
INV0001109,CSN901109,CMP022,Dome Assembly,ESN700022,2021-09-26,2023-01-18,CENTER,NEW,ACTIVE
INV0001110,CSN901110,CMP024,HPT Stage 1 Disk,ESN700022,2021-08-27,2023-01-07,STAGE1,NEW,ACTIVE
INV0001111,CSN901111,CMP025,HPT Stage 2 Disk,ESN700022,2021-11-23,2023-02-21,STAGE2,NEW,ACTIVE
INV0001112,CSN901112,CMP028,HPT Shroud,ESN700022,2021-02-03,2023-03-04,CENTER,NEW,ACTIVE
INV0001113,CSN901113,CMP029,LPT Shaft,ESN700022,2021-03-16,2023-02-04,CENTER,NEW,ACTIVE
INV0001114,CSN901114,CMP030,LPT Stage 1 Disk,ESN700022,2021-11-27,2023-01-02,STAGE1,NEW,ACTIVE
INV0001115,CSN901115,CMP031,LPT Stage 2 Disk,ESN700022,2021-11-02,2023-05-02,STAGE2,NEW,ACTIVE
INV0001116,CSN901116,CMP034,Turbine Rear Frame,ESN700022,2021-12-01,2023-05-27,CENTER,NEW,ACTIVE
INV0001117,CSN901117,CMP035,Fuel Pump,ESN700022,2022-09-16,2023-02-24,CENTER,NEW,ACTIVE
INV0001118,CSN901118,CMP036,Hydromechanical Unit (HMU),ESN700022,2022-12-17,2023-01-20,CENTER,NEW,ACTIVE
INV0001119,CSN901119,CMP037,Fuel Filter,ESN700022,2021-03-15,2023-02-01,CENTER,NEW,ACTIVE
INV0001120,CSN901120,CMP038,Fuel Shutoff Valve,ESN700022,2022-01-17,2023-05-14,CENTER,NEW,ACTIVE
INV0001121,CSN901121,CMP039,Fuel Manifold,ESN700022,2022-01-17,2023-02-16,CENTER,NEW,ACTIVE
INV0001122,CSN901122,CMP040,Ignition Exciter,ESN700022,2021-01-04,2023-05-09,CENTER,NEW,ACTIVE
INV0001123,CSN901123,CMP041,Igniter Plug A,ESN700022,2021-11-26,2023-04-29,A,NEW,ACTIVE
INV0001124,CSN901124,CMP042,Igniter Plug B,ESN700022,2022-07-16,2023-04-29,B,NEW,ACTIVE
INV0001125,CSN901125,CMP043,Variable Bleed Valve (VBV),ESN700022,2021-11-24,2023-05-08,CENTER,NEW,ACTIVE
INV0001126,CSN901126,CMP044,VBV Actuator,ESN700022,2021-05-04,2023-01-25,CENTER,NEW,ACTIVE
INV0001127,CSN901127,CMP045,High Stage Bleed Valve,ESN700022,2022-08-20,2023-01-17,CENTER,NEW,ACTIVE
INV0001128,CSN901128,CMP046,Start Valve,ESN700022,2022-04-08,2023-06-06,CENTER,NEW,ACTIVE
INV0001129,CSN901129,CMP047,Exhaust Nozzle,ESN700022,2022-05-18,2023-05-16,CENTER,NEW,ACTIVE
INV0001130,CSN901130,CMP048,Exhaust Mixer,ESN700022,2021-10-26,2023-06-21,CENTER,NEW,ACTIVE
INV0001131,CSN901131,CMP049,Oil Pump,ESN700022,2021-03-01,2023-05-01,CENTER,NEW,ACTIVE
INV0001132,CSN901132,CMP050,Scavenge Pump,ESN700022,2022-01-02,2023-06-08,CENTER,NEW,ACTIVE
INV0001133,CSN901133,CMP051,Oil Filter,ESN700022,2022-08-08,2023-01-23,CENTER,NEW,ACTIVE
INV0001134,CSN901134,CMP052,Oil Pressure Transmitter,ESN700022,2022-08-27,2023-06-25,CENTER,NEW,ACTIVE
INV0001135,CSN901135,CMP053,Oil Temperature Sensor,ESN700022,2021-07-19,2023-02-28,CENTER,NEW,ACTIVE
INV0001136,CSN901136,CMP054,EGT Thermocouple Harness,ESN700022,2022-02-06,2023-02-19,CENTER,NEW,ACTIVE
INV0001137,CSN901137,CMP055,N1 Speed Sensor,ESN700022,2022-02-06,2023-05-07,CENTER,NEW,ACTIVE
INV0001138,CSN901138,CMP056,N2 Speed Sensor,ESN700022,2022-01-06,2023-06-27,CENTER,NEW,ACTIVE
INV0001139,CSN901139,CMP057,Vibration Sensor,ESN700022,2021-08-11,2023-06-05,CENTER,NEW,ACTIVE
INV0001140,CSN901140,CMP058,Chip Detector,ESN700022,2022-11-07,2023-01-17,CENTER,NEW,ACTIVE
INV0001141,CSN901141,CMP059,Accessory Gearbox,ESN700022,2021-01-03,2022-12-31,CENTER,NEW,ACTIVE
INV0001142,CSN901142,CMP060,Starter,ESN700022,2021-01-15,2023-05-31,CENTER,NEW,ACTIVE
INV0001143,CSN901143,CMP061,Integrated Drive Generator (IDG) Drive Pad,ESN700022,2022-08-30,2023-02-22,CENTER,NEW,ACTIVE
INV0001144,CSN901144,CMP062,Hydraulic Pump Drive Pad,ESN700022,2022-04-03,2023-05-03,CENTER,NEW,ACTIVE
INV0001145,CSN901145,CMP001,Fan Disk,ESN700023,2021-06-15,2023-05-03,CENTER,NEW,ACTIVE
INV0001146,CSN901146,CMP002,Fan Shaft,ESN700023,2021-10-11,2023-06-09,CENTER,NEW,ACTIVE
INV0001147,CSN901147,CMP005,Fan Case,ESN700023,2021-02-04,2023-02-24,CENTER,NEW,ACTIVE
INV0001148,CSN901148,CMP006,Spinner Cone,ESN700023,2021-06-17,2023-02-08,CENTER,NEW,ACTIVE
INV0001149,CSN901149,CMP007,Booster Rotor,ESN700023,2022-07-18,2023-04-12,CENTER,NEW,ACTIVE
INV0001150,CSN901150,CMP009,Booster Stator Assembly,ESN700023,2022-07-19,2023-03-31,CENTER,NEW,ACTIVE
INV0001151,CSN901151,CMP010,Booster Case,ESN700023,2022-07-12,2023-05-17,CENTER,NEW,ACTIVE
INV0001152,CSN901152,CMP011,HPC Stage 1 Disk,ESN700023,2021-08-27,2023-03-08,STAGE1,NEW,ACTIVE
INV0001153,CSN901153,CMP012,HPC Stage 2 Disk,ESN700023,2022-01-28,2023-04-08,STAGE2,NEW,ACTIVE
INV0001154,CSN901154,CMP013,HPC Stage 3 Disk,ESN700023,2021-12-24,2023-01-04,STAGE3,NEW,ACTIVE
INV0001155,CSN901155,CMP014,HPC Stage 4 Disk,ESN700023,2021-06-27,2023-02-04,STAGE4,NEW,ACTIVE
INV0001156,CSN901156,CMP015,HPC Stage 5 Disk,ESN700023,2022-11-10,2023-03-09,STAGE5,NEW,ACTIVE
INV0001157,CSN901157,CMP016,HPC Rotor Shaft,ESN700023,2022-07-02,2023-06-16,CENTER,NEW,ACTIVE
INV0001158,CSN901158,CMP018,Variable Stator Vane Assembly,ESN700023,2022-06-26,2023-06-16,CENTER,NEW,ACTIVE
INV0001159,CSN901159,CMP019,HPC Case,ESN700023,2021-05-18,2023-04-19,CENTER,NEW,ACTIVE
INV0001160,CSN901160,CMP020,Combustor Liner,ESN700023,2021-11-15,2023-05-22,CENTER,NEW,ACTIVE
INV0001161,CSN901161,CMP022,Dome Assembly,ESN700023,2021-01-05,2023-01-27,CENTER,NEW,ACTIVE
INV0001162,CSN901162,CMP024,HPT Stage 1 Disk,ESN700023,2022-03-21,2023-06-10,STAGE1,NEW,ACTIVE
INV0001163,CSN901163,CMP025,HPT Stage 2 Disk,ESN700023,2022-05-11,2023-06-19,STAGE2,NEW,ACTIVE
INV0001164,CSN901164,CMP028,HPT Shroud,ESN700023,2021-07-31,2023-06-20,CENTER,NEW,ACTIVE
INV0001165,CSN901165,CMP029,LPT Shaft,ESN700023,2021-01-04,2023-06-13,CENTER,NEW,ACTIVE
INV0001166,CSN901166,CMP030,LPT Stage 1 Disk,ESN700023,2022-06-09,2023-03-15,STAGE1,NEW,ACTIVE
INV0001167,CSN901167,CMP031,LPT Stage 2 Disk,ESN700023,2021-04-14,2023-04-06,STAGE2,NEW,ACTIVE
INV0001168,CSN901168,CMP034,Turbine Rear Frame,ESN700023,2022-08-12,2023-04-01,CENTER,NEW,ACTIVE
INV0001169,CSN901169,CMP035,Fuel Pump,ESN700023,2022-03-03,2023-03-08,CENTER,NEW,ACTIVE
INV0001170,CSN901170,CMP036,Hydromechanical Unit (HMU),ESN700023,2021-04-12,2023-03-06,CENTER,NEW,ACTIVE
INV0001171,CSN901171,CMP037,Fuel Filter,ESN700023,2022-12-16,2023-04-12,CENTER,NEW,ACTIVE
INV0001172,CSN901172,CMP038,Fuel Shutoff Valve,ESN700023,2022-03-20,2023-01-23,CENTER,NEW,ACTIVE
INV0001173,CSN901173,CMP039,Fuel Manifold,ESN700023,2022-07-03,2023-05-12,CENTER,NEW,ACTIVE
INV0001174,CSN901174,CMP040,Ignition Exciter,ESN700023,2022-01-11,2023-05-17,CENTER,NEW,ACTIVE
INV0001175,CSN901175,CMP041,Igniter Plug A,ESN700023,2021-08-19,2023-03-11,A,NEW,ACTIVE
INV0001176,CSN901176,CMP042,Igniter Plug B,ESN700023,2022-06-15,2023-04-04,B,NEW,ACTIVE
INV0001177,CSN901177,CMP043,Variable Bleed Valve (VBV),ESN700023,2022-01-02,2023-03-05,CENTER,NEW,ACTIVE
INV0001178,CSN901178,CMP044,VBV Actuator,ESN700023,2021-08-12,2023-02-04,CENTER,NEW,ACTIVE
INV0001179,CSN901179,CMP045,High Stage Bleed Valve,ESN700023,2021-05-28,2023-02-09,CENTER,NEW,ACTIVE
INV0001180,CSN901180,CMP046,Start Valve,ESN700023,2021-11-05,2023-03-28,CENTER,NEW,ACTIVE
INV0001181,CSN901181,CMP047,Exhaust Nozzle,ESN700023,2021-08-19,2023-06-23,CENTER,NEW,ACTIVE
INV0001182,CSN901182,CMP048,Exhaust Mixer,ESN700023,2021-12-24,2023-05-23,CENTER,NEW,ACTIVE
INV0001183,CSN901183,CMP049,Oil Pump,ESN700023,2021-08-21,2023-03-07,CENTER,NEW,ACTIVE
INV0001184,CSN901184,CMP050,Scavenge Pump,ESN700023,2022-12-02,2023-02-19,CENTER,NEW,ACTIVE
INV0001185,CSN901185,CMP051,Oil Filter,ESN700023,2022-08-03,2023-04-25,CENTER,NEW,ACTIVE
INV0001186,CSN901186,CMP052,Oil Pressure Transmitter,ESN700023,2021-09-08,2023-02-01,CENTER,NEW,ACTIVE
INV0001187,CSN901187,CMP053,Oil Temperature Sensor,ESN700023,2022-06-23,2023-04-22,CENTER,NEW,ACTIVE
INV0001188,CSN901188,CMP054,EGT Thermocouple Harness,ESN700023,2022-07-15,2023-04-08,CENTER,NEW,ACTIVE
INV0001189,CSN901189,CMP055,N1 Speed Sensor,ESN700023,2022-02-01,2023-06-18,CENTER,NEW,ACTIVE
INV0001190,CSN901190,CMP056,N2 Speed Sensor,ESN700023,2022-11-05,2023-02-06,CENTER,NEW,ACTIVE
INV0001191,CSN901191,CMP057,Vibration Sensor,ESN700023,2022-05-07,2023-05-02,CENTER,NEW,ACTIVE
INV0001192,CSN901192,CMP058,Chip Detector,ESN700023,2021-12-09,2023-04-09,CENTER,NEW,ACTIVE
INV0001193,CSN901193,CMP059,Accessory Gearbox,ESN700023,2021-04-15,2023-06-11,CENTER,NEW,ACTIVE
INV0001194,CSN901194,CMP060,Starter,ESN700023,2022-08-23,2023-02-11,CENTER,NEW,ACTIVE
INV0001195,CSN901195,CMP061,Integrated Drive Generator (IDG) Drive Pad,ESN700023,2021-02-18,2023-06-19,CENTER,NEW,ACTIVE
INV0001196,CSN901196,CMP062,Hydraulic Pump Drive Pad,ESN700023,2021-01-23,2023-01-20,CENTER,NEW,ACTIVE
INV0001197,CSN901197,CMP001,Fan Disk,ESN700024,2022-09-24,2023-06-27,CENTER,NEW,ACTIVE
INV0001198,CSN901198,CMP002,Fan Shaft,ESN700024,2022-12-24,2023-04-06,CENTER,NEW,ACTIVE
INV0001199,CSN901199,CMP005,Fan Case,ESN700024,2022-04-14,2023-01-29,CENTER,NEW,ACTIVE
INV0001200,CSN901200,CMP006,Spinner Cone,ESN700024,2021-09-03,2023-03-06,CENTER,NEW,ACTIVE
INV0001201,CSN901201,CMP007,Booster Rotor,ESN700024,2021-04-26,2023-03-11,CENTER,NEW,ACTIVE
INV0001202,CSN901202,CMP009,Booster Stator Assembly,ESN700024,2022-09-05,2023-06-09,CENTER,NEW,ACTIVE
INV0001203,CSN901203,CMP010,Booster Case,ESN700024,2022-02-03,2023-06-11,CENTER,NEW,ACTIVE
INV0001204,CSN901204,CMP011,HPC Stage 1 Disk,ESN700024,2021-03-09,2023-04-30,STAGE1,NEW,ACTIVE
INV0001205,CSN901205,CMP012,HPC Stage 2 Disk,ESN700024,2021-01-22,2023-02-08,STAGE2,NEW,ACTIVE
INV0001206,CSN901206,CMP013,HPC Stage 3 Disk,ESN700024,2021-06-11,2023-02-15,STAGE3,NEW,ACTIVE
INV0001207,CSN901207,CMP014,HPC Stage 4 Disk,ESN700024,2022-12-19,2023-04-07,STAGE4,NEW,ACTIVE
INV0001208,CSN901208,CMP015,HPC Stage 5 Disk,ESN700024,2022-07-29,2023-02-16,STAGE5,NEW,ACTIVE
INV0001209,CSN901209,CMP016,HPC Rotor Shaft,ESN700024,2021-04-09,2023-01-30,CENTER,NEW,ACTIVE
INV0001210,CSN901210,CMP018,Variable Stator Vane Assembly,ESN700024,2021-04-03,2023-03-07,CENTER,NEW,ACTIVE
INV0001211,CSN901211,CMP019,HPC Case,ESN700024,2021-01-10,2023-04-19,CENTER,NEW,ACTIVE
INV0001212,CSN901212,CMP020,Combustor Liner,ESN700024,2021-03-14,2023-06-18,CENTER,NEW,ACTIVE
INV0001213,CSN901213,CMP022,Dome Assembly,ESN700024,2021-02-10,2023-03-11,CENTER,NEW,ACTIVE
INV0001214,CSN901214,CMP024,HPT Stage 1 Disk,ESN700024,2021-02-24,2023-03-24,STAGE1,NEW,ACTIVE
INV0001215,CSN901215,CMP025,HPT Stage 2 Disk,ESN700024,2022-01-03,2023-06-24,STAGE2,NEW,ACTIVE
INV0001216,CSN901216,CMP028,HPT Shroud,ESN700024,2022-04-09,2023-03-18,CENTER,NEW,ACTIVE
INV0001217,CSN901217,CMP029,LPT Shaft,ESN700024,2022-07-16,2023-06-13,CENTER,NEW,ACTIVE
INV0001218,CSN901218,CMP030,LPT Stage 1 Disk,ESN700024,2022-02-13,2023-06-23,STAGE1,NEW,ACTIVE
INV0001219,CSN901219,CMP031,LPT Stage 2 Disk,ESN700024,2021-05-31,2023-03-04,STAGE2,NEW,ACTIVE
INV0001220,CSN901220,CMP034,Turbine Rear Frame,ESN700024,2022-03-07,2023-06-22,CENTER,NEW,ACTIVE
INV0001221,CSN901221,CMP035,Fuel Pump,ESN700024,2022-08-16,2023-04-21,CENTER,NEW,ACTIVE
INV0001222,CSN901222,CMP036,Hydromechanical Unit (HMU),ESN700024,2022-10-01,2023-06-26,CENTER,NEW,ACTIVE
INV0001223,CSN901223,CMP037,Fuel Filter,ESN700024,2022-11-29,2023-01-18,CENTER,NEW,ACTIVE
INV0001224,CSN901224,CMP038,Fuel Shutoff Valve,ESN700024,2021-10-09,2023-01-22,CENTER,NEW,ACTIVE
INV0001225,CSN901225,CMP039,Fuel Manifold,ESN700024,2021-01-05,2023-02-23,CENTER,NEW,ACTIVE
INV0001226,CSN901226,CMP040,Ignition Exciter,ESN700024,2022-02-01,2023-03-12,CENTER,NEW,ACTIVE
INV0001227,CSN901227,CMP041,Igniter Plug A,ESN700024,2022-04-06,2023-05-13,A,NEW,ACTIVE
INV0001228,CSN901228,CMP042,Igniter Plug B,ESN700024,2021-02-20,2023-02-24,B,NEW,ACTIVE
INV0001229,CSN901229,CMP043,Variable Bleed Valve (VBV),ESN700024,2022-01-13,2023-01-21,CENTER,NEW,ACTIVE
INV0001230,CSN901230,CMP044,VBV Actuator,ESN700024,2022-01-01,2023-03-28,CENTER,NEW,ACTIVE
INV0001231,CSN901231,CMP045,High Stage Bleed Valve,ESN700024,2021-01-05,2023-04-04,CENTER,NEW,ACTIVE
INV0001232,CSN901232,CMP046,Start Valve,ESN700024,2021-05-28,2023-04-22,CENTER,NEW,ACTIVE
INV0001233,CSN901233,CMP047,Exhaust Nozzle,ESN700024,2021-05-31,2023-02-19,CENTER,NEW,ACTIVE
INV0001234,CSN901234,CMP048,Exhaust Mixer,ESN700024,2021-07-20,2023-03-29,CENTER,NEW,ACTIVE
INV0001235,CSN901235,CMP049,Oil Pump,ESN700024,2022-03-02,2023-02-19,CENTER,NEW,ACTIVE
INV0001236,CSN901236,CMP050,Scavenge Pump,ESN700024,2021-03-07,2023-01-29,CENTER,NEW,ACTIVE
INV0001237,CSN901237,CMP051,Oil Filter,ESN700024,2022-07-04,2023-02-19,CENTER,NEW,ACTIVE
INV0001238,CSN901238,CMP052,Oil Pressure Transmitter,ESN700024,2022-02-25,2023-04-21,CENTER,NEW,ACTIVE
INV0001239,CSN901239,CMP053,Oil Temperature Sensor,ESN700024,2021-04-21,2023-03-19,CENTER,NEW,ACTIVE
INV0001240,CSN901240,CMP054,EGT Thermocouple Harness,ESN700024,2022-07-09,2023-06-01,CENTER,NEW,ACTIVE
INV0001241,CSN901241,CMP055,N1 Speed Sensor,ESN700024,2022-10-17,2023-05-12,CENTER,NEW,ACTIVE
INV0001242,CSN901242,CMP056,N2 Speed Sensor,ESN700024,2021-11-07,2023-01-11,CENTER,NEW,ACTIVE
INV0001243,CSN901243,CMP057,Vibration Sensor,ESN700024,2021-10-26,2023-04-04,CENTER,NEW,ACTIVE
INV0001244,CSN901244,CMP058,Chip Detector,ESN700024,2022-01-23,2023-04-11,CENTER,NEW,ACTIVE
INV0001245,CSN901245,CMP059,Accessory Gearbox,ESN700024,2022-11-12,2023-05-14,CENTER,NEW,ACTIVE
INV0001246,CSN901246,CMP060,Starter,ESN700024,2022-05-21,2023-05-24,CENTER,NEW,ACTIVE
INV0001247,CSN901247,CMP061,Integrated Drive Generator (IDG) Drive Pad,ESN700024,2021-12-03,2023-02-12,CENTER,NEW,ACTIVE
INV0001248,CSN901248,CMP062,Hydraulic Pump Drive Pad,ESN700024,2021-10-10,2023-02-26,CENTER,NEW,ACTIVE
INV0001249,CSN901249,CMP001,Fan Disk,ESN700025,2022-11-25,2023-02-07,CENTER,NEW,ACTIVE
INV0001250,CSN901250,CMP002,Fan Shaft,ESN700025,2022-10-25,2023-06-26,CENTER,NEW,ACTIVE
INV0001251,CSN901251,CMP005,Fan Case,ESN700025,2021-06-26,2023-06-25,CENTER,NEW,ACTIVE
INV0001252,CSN901252,CMP006,Spinner Cone,ESN700025,2021-03-27,2023-03-14,CENTER,NEW,ACTIVE
INV0001253,CSN901253,CMP007,Booster Rotor,ESN700025,2021-09-08,2023-01-01,CENTER,NEW,ACTIVE
INV0001254,CSN901254,CMP009,Booster Stator Assembly,ESN700025,2021-03-05,2023-06-12,CENTER,NEW,ACTIVE
INV0001255,CSN901255,CMP010,Booster Case,ESN700025,2022-06-01,2023-02-13,CENTER,NEW,ACTIVE
INV0001256,CSN901256,CMP011,HPC Stage 1 Disk,ESN700025,2021-03-30,2023-02-26,STAGE1,NEW,ACTIVE
INV0001257,CSN901257,CMP012,HPC Stage 2 Disk,ESN700025,2022-09-20,2023-01-25,STAGE2,NEW,ACTIVE
INV0001258,CSN901258,CMP013,HPC Stage 3 Disk,ESN700025,2022-08-15,2023-03-21,STAGE3,NEW,ACTIVE
INV0001259,CSN901259,CMP014,HPC Stage 4 Disk,ESN700025,2022-03-31,2023-05-15,STAGE4,NEW,ACTIVE
INV0001260,CSN901260,CMP015,HPC Stage 5 Disk,ESN700025,2022-11-16,2023-05-01,STAGE5,NEW,ACTIVE
INV0001261,CSN901261,CMP016,HPC Rotor Shaft,ESN700025,2021-10-16,2023-04-16,CENTER,NEW,ACTIVE
INV0001262,CSN901262,CMP018,Variable Stator Vane Assembly,ESN700025,2021-04-14,2023-05-12,CENTER,NEW,ACTIVE
INV0001263,CSN901263,CMP019,HPC Case,ESN700025,2022-09-18,2023-05-16,CENTER,NEW,ACTIVE
INV0001264,CSN901264,CMP020,Combustor Liner,ESN700025,2021-01-07,2023-01-14,CENTER,NEW,ACTIVE
INV0001265,CSN901265,CMP022,Dome Assembly,ESN700025,2022-01-10,2023-04-26,CENTER,NEW,ACTIVE
INV0001266,CSN901266,CMP024,HPT Stage 1 Disk,ESN700025,2021-06-02,2023-02-28,STAGE1,NEW,ACTIVE
INV0001267,CSN901267,CMP025,HPT Stage 2 Disk,ESN700025,2021-09-13,2023-05-09,STAGE2,NEW,ACTIVE
INV0001268,CSN901268,CMP028,HPT Shroud,ESN700025,2021-12-23,2023-03-03,CENTER,NEW,ACTIVE
INV0001269,CSN901269,CMP029,LPT Shaft,ESN700025,2021-12-10,2023-04-06,CENTER,NEW,ACTIVE
INV0001270,CSN901270,CMP030,LPT Stage 1 Disk,ESN700025,2021-06-18,2023-05-07,STAGE1,NEW,ACTIVE
INV0001271,CSN901271,CMP031,LPT Stage 2 Disk,ESN700025,2022-06-29,2023-02-23,STAGE2,NEW,ACTIVE
INV0001272,CSN901272,CMP034,Turbine Rear Frame,ESN700025,2022-04-05,2023-06-05,CENTER,NEW,ACTIVE
INV0001273,CSN901273,CMP035,Fuel Pump,ESN700025,2021-01-29,2023-02-24,CENTER,NEW,ACTIVE
INV0001274,CSN901274,CMP036,Hydromechanical Unit (HMU),ESN700025,2022-03-27,2023-04-16,CENTER,NEW,ACTIVE
INV0001275,CSN901275,CMP037,Fuel Filter,ESN700025,2021-05-16,2023-06-25,CENTER,NEW,ACTIVE
INV0001276,CSN901276,CMP038,Fuel Shutoff Valve,ESN700025,2022-12-22,2023-03-15,CENTER,NEW,ACTIVE
INV0001277,CSN901277,CMP039,Fuel Manifold,ESN700025,2022-09-12,2023-02-05,CENTER,NEW,ACTIVE
INV0001278,CSN901278,CMP040,Ignition Exciter,ESN700025,2022-04-02,2023-04-02,CENTER,NEW,ACTIVE
INV0001279,CSN901279,CMP041,Igniter Plug A,ESN700025,2021-06-07,2023-05-09,A,NEW,ACTIVE
INV0001280,CSN901280,CMP042,Igniter Plug B,ESN700025,2021-06-13,2023-02-05,B,NEW,ACTIVE
INV0001281,CSN901281,CMP043,Variable Bleed Valve (VBV),ESN700025,2022-10-15,2023-04-25,CENTER,NEW,ACTIVE
INV0001282,CSN901282,CMP044,VBV Actuator,ESN700025,2021-11-09,2023-01-25,CENTER,NEW,ACTIVE
INV0001283,CSN901283,CMP045,High Stage Bleed Valve,ESN700025,2021-09-25,2023-02-12,CENTER,NEW,ACTIVE
INV0001284,CSN901284,CMP046,Start Valve,ESN700025,2022-07-04,2023-02-23,CENTER,NEW,ACTIVE
INV0001285,CSN901285,CMP047,Exhaust Nozzle,ESN700025,2021-06-11,2023-03-16,CENTER,NEW,ACTIVE
INV0001286,CSN901286,CMP048,Exhaust Mixer,ESN700025,2021-02-04,2023-04-27,CENTER,NEW,ACTIVE
INV0001287,CSN901287,CMP049,Oil Pump,ESN700025,2022-06-06,2023-06-22,CENTER,NEW,ACTIVE
INV0001288,CSN901288,CMP050,Scavenge Pump,ESN700025,2021-01-02,2023-04-20,CENTER,NEW,ACTIVE
INV0001289,CSN901289,CMP051,Oil Filter,ESN700025,2021-04-25,2023-03-14,CENTER,NEW,ACTIVE
INV0001290,CSN901290,CMP052,Oil Pressure Transmitter,ESN700025,2022-03-19,2023-03-04,CENTER,NEW,ACTIVE
INV0001291,CSN901291,CMP053,Oil Temperature Sensor,ESN700025,2022-07-04,2023-02-01,CENTER,NEW,ACTIVE
INV0001292,CSN901292,CMP054,EGT Thermocouple Harness,ESN700025,2022-12-14,2023-03-23,CENTER,NEW,ACTIVE
INV0001293,CSN901293,CMP055,N1 Speed Sensor,ESN700025,2022-10-06,2023-03-24,CENTER,NEW,ACTIVE
INV0001294,CSN901294,CMP056,N2 Speed Sensor,ESN700025,2021-09-04,2023-01-17,CENTER,NEW,ACTIVE
INV0001295,CSN901295,CMP057,Vibration Sensor,ESN700025,2022-03-04,2023-02-28,CENTER,NEW,ACTIVE
INV0001296,CSN901296,CMP058,Chip Detector,ESN700025,2021-10-11,2023-05-07,CENTER,NEW,ACTIVE
INV0001297,CSN901297,CMP059,Accessory Gearbox,ESN700025,2021-12-05,2023-04-15,CENTER,NEW,ACTIVE
INV0001298,CSN901298,CMP060,Starter,ESN700025,2021-06-07,2023-05-11,CENTER,NEW,ACTIVE
INV0001299,CSN901299,CMP061,Integrated Drive Generator (IDG) Drive Pad,ESN700025,2021-05-15,2023-05-10,CENTER,NEW,ACTIVE
INV0001300,CSN901300,CMP062,Hydraulic Pump Drive Pad,ESN700025,2021-07-22,2023-03-12,CENTER,NEW,ACTIVE
INV0001301,CSN901301,CMP001,Fan Disk,ESN700026,2022-09-04,2023-06-12,CENTER,NEW,ACTIVE
INV0001302,CSN901302,CMP002,Fan Shaft,ESN700026,2022-02-05,2023-03-30,CENTER,NEW,ACTIVE
INV0001303,CSN901303,CMP005,Fan Case,ESN700026,2022-10-18,2023-03-22,CENTER,NEW,ACTIVE
INV0001304,CSN901304,CMP006,Spinner Cone,ESN700026,2021-06-11,2023-03-31,CENTER,NEW,ACTIVE
INV0001305,CSN901305,CMP007,Booster Rotor,ESN700026,2021-03-17,2023-05-09,CENTER,NEW,ACTIVE
INV0001306,CSN901306,CMP009,Booster Stator Assembly,ESN700026,2021-10-05,2023-01-16,CENTER,NEW,ACTIVE
INV0001307,CSN901307,CMP010,Booster Case,ESN700026,2021-10-06,2023-03-15,CENTER,NEW,ACTIVE
INV0001308,CSN901308,CMP011,HPC Stage 1 Disk,ESN700026,2021-11-06,2023-05-18,STAGE1,NEW,ACTIVE
INV0001309,CSN901309,CMP012,HPC Stage 2 Disk,ESN700026,2022-01-18,2023-04-01,STAGE2,NEW,ACTIVE
INV0001310,CSN901310,CMP013,HPC Stage 3 Disk,ESN700026,2021-05-30,2023-06-16,STAGE3,NEW,ACTIVE
INV0001311,CSN901311,CMP014,HPC Stage 4 Disk,ESN700026,2022-12-11,2023-04-28,STAGE4,NEW,ACTIVE
INV0001312,CSN901312,CMP015,HPC Stage 5 Disk,ESN700026,2022-11-03,2023-05-02,STAGE5,NEW,ACTIVE
INV0001313,CSN901313,CMP016,HPC Rotor Shaft,ESN700026,2021-03-22,2023-04-20,CENTER,NEW,ACTIVE
INV0001314,CSN901314,CMP018,Variable Stator Vane Assembly,ESN700026,2021-08-22,2023-06-21,CENTER,NEW,ACTIVE
INV0001315,CSN901315,CMP019,HPC Case,ESN700026,2021-07-12,2023-04-22,CENTER,NEW,ACTIVE
INV0001316,CSN901316,CMP020,Combustor Liner,ESN700026,2022-12-06,2023-03-03,CENTER,NEW,ACTIVE
INV0001317,CSN901317,CMP022,Dome Assembly,ESN700026,2021-06-24,2023-04-12,CENTER,NEW,ACTIVE
INV0001318,CSN901318,CMP024,HPT Stage 1 Disk,ESN700026,2021-01-22,2023-03-14,STAGE1,NEW,ACTIVE
INV0001319,CSN901319,CMP025,HPT Stage 2 Disk,ESN700026,2021-02-16,2023-01-29,STAGE2,NEW,ACTIVE
INV0001320,CSN901320,CMP028,HPT Shroud,ESN700026,2021-08-24,2023-01-24,CENTER,NEW,ACTIVE
INV0001321,CSN901321,CMP029,LPT Shaft,ESN700026,2021-02-27,2023-06-16,CENTER,NEW,ACTIVE
INV0001322,CSN901322,CMP030,LPT Stage 1 Disk,ESN700026,2021-10-29,2023-04-23,STAGE1,NEW,ACTIVE
INV0001323,CSN901323,CMP031,LPT Stage 2 Disk,ESN700026,2021-10-24,2023-04-09,STAGE2,NEW,ACTIVE
INV0001324,CSN901324,CMP034,Turbine Rear Frame,ESN700026,2021-06-18,2023-04-04,CENTER,NEW,ACTIVE
INV0001325,CSN901325,CMP035,Fuel Pump,ESN700026,2021-11-30,2023-04-12,CENTER,NEW,ACTIVE
INV0001326,CSN901326,CMP036,Hydromechanical Unit (HMU),ESN700026,2022-07-01,2023-06-19,CENTER,NEW,ACTIVE
INV0001327,CSN901327,CMP037,Fuel Filter,ESN700026,2022-12-10,2023-03-26,CENTER,NEW,ACTIVE
INV0001328,CSN901328,CMP038,Fuel Shutoff Valve,ESN700026,2022-03-06,2023-02-25,CENTER,NEW,ACTIVE
INV0001329,CSN901329,CMP039,Fuel Manifold,ESN700026,2022-05-17,2023-06-12,CENTER,NEW,ACTIVE
INV0001330,CSN901330,CMP040,Ignition Exciter,ESN700026,2021-01-11,2023-02-05,CENTER,NEW,ACTIVE
INV0001331,CSN901331,CMP041,Igniter Plug A,ESN700026,2022-06-11,2023-05-27,A,NEW,ACTIVE
INV0001332,CSN901332,CMP042,Igniter Plug B,ESN700026,2021-02-28,2023-03-12,B,NEW,ACTIVE
INV0001333,CSN901333,CMP043,Variable Bleed Valve (VBV),ESN700026,2022-06-06,2023-05-25,CENTER,NEW,ACTIVE
INV0001334,CSN901334,CMP044,VBV Actuator,ESN700026,2022-11-29,2023-03-24,CENTER,NEW,ACTIVE
INV0001335,CSN901335,CMP045,High Stage Bleed Valve,ESN700026,2021-05-19,2023-04-23,CENTER,NEW,ACTIVE
INV0001336,CSN901336,CMP046,Start Valve,ESN700026,2021-02-08,2023-06-25,CENTER,NEW,ACTIVE
INV0001337,CSN901337,CMP047,Exhaust Nozzle,ESN700026,2022-12-11,2023-01-13,CENTER,NEW,ACTIVE
INV0001338,CSN901338,CMP048,Exhaust Mixer,ESN700026,2022-06-19,2023-01-15,CENTER,NEW,ACTIVE
INV0001339,CSN901339,CMP049,Oil Pump,ESN700026,2022-11-06,2023-01-24,CENTER,NEW,ACTIVE
INV0001340,CSN901340,CMP050,Scavenge Pump,ESN700026,2022-11-17,2023-06-06,CENTER,NEW,ACTIVE
INV0001341,CSN901341,CMP051,Oil Filter,ESN700026,2021-03-03,2023-03-06,CENTER,NEW,ACTIVE
INV0001342,CSN901342,CMP052,Oil Pressure Transmitter,ESN700026,2022-04-14,2023-03-20,CENTER,NEW,ACTIVE
INV0001343,CSN901343,CMP053,Oil Temperature Sensor,ESN700026,2021-06-21,2023-05-25,CENTER,NEW,ACTIVE
INV0001344,CSN901344,CMP054,EGT Thermocouple Harness,ESN700026,2022-04-17,2023-05-08,CENTER,NEW,ACTIVE
INV0001345,CSN901345,CMP055,N1 Speed Sensor,ESN700026,2021-06-12,2023-05-06,CENTER,NEW,ACTIVE
INV0001346,CSN901346,CMP056,N2 Speed Sensor,ESN700026,2022-09-10,2023-02-02,CENTER,NEW,ACTIVE
INV0001347,CSN901347,CMP057,Vibration Sensor,ESN700026,2022-07-17,2023-06-09,CENTER,NEW,ACTIVE
INV0001348,CSN901348,CMP058,Chip Detector,ESN700026,2022-07-08,2023-04-07,CENTER,NEW,ACTIVE
INV0001349,CSN901349,CMP059,Accessory Gearbox,ESN700026,2022-11-15,2023-04-16,CENTER,NEW,ACTIVE
INV0001350,CSN901350,CMP060,Starter,ESN700026,2021-08-09,2022-12-30,CENTER,NEW,ACTIVE
INV0001351,CSN901351,CMP061,Integrated Drive Generator (IDG) Drive Pad,ESN700026,2021-10-20,2023-06-13,CENTER,NEW,ACTIVE
INV0001352,CSN901352,CMP062,Hydraulic Pump Drive Pad,ESN700026,2022-08-11,2023-01-11,CENTER,NEW,ACTIVE
INV0001353,CSN901353,CMP001,Fan Disk,ESN700027,2022-11-07,2023-04-12,CENTER,NEW,ACTIVE
INV0001354,CSN901354,CMP002,Fan Shaft,ESN700027,2021-03-11,2023-04-12,CENTER,NEW,ACTIVE
INV0001355,CSN901355,CMP005,Fan Case,ESN700027,2022-11-08,2023-02-22,CENTER,NEW,ACTIVE
INV0001356,CSN901356,CMP006,Spinner Cone,ESN700027,2021-06-25,2023-05-29,CENTER,NEW,ACTIVE
INV0001357,CSN901357,CMP007,Booster Rotor,ESN700027,2022-09-05,2023-04-09,CENTER,NEW,ACTIVE
INV0001358,CSN901358,CMP009,Booster Stator Assembly,ESN700027,2022-04-25,2023-02-13,CENTER,NEW,ACTIVE
INV0001359,CSN901359,CMP010,Booster Case,ESN700027,2022-02-26,2023-06-07,CENTER,NEW,ACTIVE
INV0001360,CSN901360,CMP011,HPC Stage 1 Disk,ESN700027,2021-08-10,2023-05-25,STAGE1,NEW,ACTIVE
INV0001361,CSN901361,CMP012,HPC Stage 2 Disk,ESN700027,2022-02-22,2023-03-16,STAGE2,NEW,ACTIVE
INV0001362,CSN901362,CMP013,HPC Stage 3 Disk,ESN700027,2022-05-26,2023-02-22,STAGE3,NEW,ACTIVE
INV0001363,CSN901363,CMP014,HPC Stage 4 Disk,ESN700027,2022-10-12,2023-06-13,STAGE4,NEW,ACTIVE
INV0001364,CSN901364,CMP015,HPC Stage 5 Disk,ESN700027,2022-11-13,2023-01-09,STAGE5,NEW,ACTIVE
INV0001365,CSN901365,CMP016,HPC Rotor Shaft,ESN700027,2022-08-07,2023-01-21,CENTER,NEW,ACTIVE
INV0001366,CSN901366,CMP018,Variable Stator Vane Assembly,ESN700027,2021-06-14,2023-02-27,CENTER,NEW,ACTIVE
INV0001367,CSN901367,CMP019,HPC Case,ESN700027,2021-06-07,2023-03-20,CENTER,NEW,ACTIVE
INV0001368,CSN901368,CMP020,Combustor Liner,ESN700027,2021-04-18,2023-02-05,CENTER,NEW,ACTIVE
INV0001369,CSN901369,CMP022,Dome Assembly,ESN700027,2021-06-19,2023-04-20,CENTER,NEW,ACTIVE
INV0001370,CSN901370,CMP024,HPT Stage 1 Disk,ESN700027,2021-10-24,2023-04-30,STAGE1,NEW,ACTIVE
INV0001371,CSN901371,CMP025,HPT Stage 2 Disk,ESN700027,2021-01-07,2023-04-10,STAGE2,NEW,ACTIVE
INV0001372,CSN901372,CMP028,HPT Shroud,ESN700027,2022-03-20,2023-05-05,CENTER,NEW,ACTIVE
INV0001373,CSN901373,CMP029,LPT Shaft,ESN700027,2022-03-30,2023-04-09,CENTER,NEW,ACTIVE
INV0001374,CSN901374,CMP030,LPT Stage 1 Disk,ESN700027,2022-06-13,2023-04-04,STAGE1,NEW,ACTIVE
INV0001375,CSN901375,CMP031,LPT Stage 2 Disk,ESN700027,2022-09-05,2023-03-31,STAGE2,NEW,ACTIVE
INV0001376,CSN901376,CMP034,Turbine Rear Frame,ESN700027,2021-11-07,2023-01-10,CENTER,NEW,ACTIVE
INV0001377,CSN901377,CMP035,Fuel Pump,ESN700027,2022-08-22,2023-02-14,CENTER,NEW,ACTIVE
INV0001378,CSN901378,CMP036,Hydromechanical Unit (HMU),ESN700027,2021-06-22,2023-05-25,CENTER,NEW,ACTIVE
INV0001379,CSN901379,CMP037,Fuel Filter,ESN700027,2022-11-21,2023-04-27,CENTER,NEW,ACTIVE
INV0001380,CSN901380,CMP038,Fuel Shutoff Valve,ESN700027,2021-02-13,2023-01-16,CENTER,NEW,ACTIVE
INV0001381,CSN901381,CMP039,Fuel Manifold,ESN700027,2021-02-11,2023-02-01,CENTER,NEW,ACTIVE
INV0001382,CSN901382,CMP040,Ignition Exciter,ESN700027,2022-06-05,2023-01-04,CENTER,NEW,ACTIVE
INV0001383,CSN901383,CMP041,Igniter Plug A,ESN700027,2022-08-27,2023-01-09,A,NEW,ACTIVE
INV0001384,CSN901384,CMP042,Igniter Plug B,ESN700027,2022-01-22,2023-05-13,B,NEW,ACTIVE
INV0001385,CSN901385,CMP043,Variable Bleed Valve (VBV),ESN700027,2021-06-29,2023-05-24,CENTER,NEW,ACTIVE
INV0001386,CSN901386,CMP044,VBV Actuator,ESN700027,2022-06-22,2023-03-17,CENTER,NEW,ACTIVE
INV0001387,CSN901387,CMP045,High Stage Bleed Valve,ESN700027,2022-04-24,2023-04-03,CENTER,NEW,ACTIVE
INV0001388,CSN901388,CMP046,Start Valve,ESN700027,2022-09-13,2023-05-15,CENTER,NEW,ACTIVE
INV0001389,CSN901389,CMP047,Exhaust Nozzle,ESN700027,2021-06-14,2023-06-06,CENTER,NEW,ACTIVE
INV0001390,CSN901390,CMP048,Exhaust Mixer,ESN700027,2021-04-17,2023-01-22,CENTER,NEW,ACTIVE
INV0001391,CSN901391,CMP049,Oil Pump,ESN700027,2022-08-26,2023-02-18,CENTER,NEW,ACTIVE
INV0001392,CSN901392,CMP050,Scavenge Pump,ESN700027,2021-12-26,2023-05-19,CENTER,NEW,ACTIVE
INV0001393,CSN901393,CMP051,Oil Filter,ESN700027,2022-08-20,2023-06-07,CENTER,NEW,ACTIVE
INV0001394,CSN901394,CMP052,Oil Pressure Transmitter,ESN700027,2022-04-03,2023-02-26,CENTER,NEW,ACTIVE
INV0001395,CSN901395,CMP053,Oil Temperature Sensor,ESN700027,2021-02-05,2023-01-21,CENTER,NEW,ACTIVE
INV0001396,CSN901396,CMP054,EGT Thermocouple Harness,ESN700027,2021-10-28,2023-06-09,CENTER,NEW,ACTIVE
INV0001397,CSN901397,CMP055,N1 Speed Sensor,ESN700027,2022-10-19,2023-03-28,CENTER,NEW,ACTIVE
INV0001398,CSN901398,CMP056,N2 Speed Sensor,ESN700027,2022-04-17,2023-03-13,CENTER,NEW,ACTIVE
INV0001399,CSN901399,CMP057,Vibration Sensor,ESN700027,2021-12-23,2023-02-15,CENTER,NEW,ACTIVE
INV0001400,CSN901400,CMP058,Chip Detector,ESN700027,2021-09-05,2023-03-16,CENTER,NEW,ACTIVE
INV0001401,CSN901401,CMP059,Accessory Gearbox,ESN700027,2021-04-21,2023-02-02,CENTER,NEW,ACTIVE
INV0001402,CSN901402,CMP060,Starter,ESN700027,2021-08-05,2023-01-03,CENTER,NEW,ACTIVE
INV0001403,CSN901403,CMP061,Integrated Drive Generator (IDG) Drive Pad,ESN700027,2022-01-25,2023-03-29,CENTER,NEW,ACTIVE
INV0001404,CSN901404,CMP062,Hydraulic Pump Drive Pad,ESN700027,2021-01-09,2023-03-22,CENTER,NEW,ACTIVE
INV0001405,CSN901405,CMP001,Fan Disk,ESN700028,2021-09-12,2023-04-12,CENTER,NEW,ACTIVE
INV0001406,CSN901406,CMP002,Fan Shaft,ESN700028,2021-12-26,2023-05-27,CENTER,NEW,ACTIVE
INV0001407,CSN901407,CMP005,Fan Case,ESN700028,2021-04-21,2023-05-31,CENTER,NEW,ACTIVE
INV0001408,CSN901408,CMP006,Spinner Cone,ESN700028,2022-12-30,2023-03-29,CENTER,NEW,ACTIVE
INV0001409,CSN901409,CMP007,Booster Rotor,ESN700028,2021-12-10,2023-03-02,CENTER,NEW,ACTIVE
INV0001410,CSN901410,CMP009,Booster Stator Assembly,ESN700028,2021-08-19,2023-02-24,CENTER,NEW,ACTIVE
INV0001411,CSN901411,CMP010,Booster Case,ESN700028,2022-05-31,2023-04-07,CENTER,NEW,ACTIVE
INV0001412,CSN901412,CMP011,HPC Stage 1 Disk,ESN700028,2021-05-28,2023-05-06,STAGE1,NEW,ACTIVE
INV0001413,CSN901413,CMP012,HPC Stage 2 Disk,ESN700028,2022-07-05,2023-02-04,STAGE2,NEW,ACTIVE
INV0001414,CSN901414,CMP013,HPC Stage 3 Disk,ESN700028,2021-10-31,2023-03-24,STAGE3,NEW,ACTIVE
INV0001415,CSN901415,CMP014,HPC Stage 4 Disk,ESN700028,2022-11-04,2023-04-30,STAGE4,NEW,ACTIVE
INV0001416,CSN901416,CMP015,HPC Stage 5 Disk,ESN700028,2022-03-24,2023-06-11,STAGE5,NEW,ACTIVE
INV0001417,CSN901417,CMP016,HPC Rotor Shaft,ESN700028,2022-01-16,2023-06-26,CENTER,NEW,ACTIVE
INV0001418,CSN901418,CMP018,Variable Stator Vane Assembly,ESN700028,2022-11-19,2023-06-11,CENTER,NEW,ACTIVE
INV0001419,CSN901419,CMP019,HPC Case,ESN700028,2021-09-10,2023-01-01,CENTER,NEW,ACTIVE
INV0001420,CSN901420,CMP020,Combustor Liner,ESN700028,2022-01-17,2023-06-08,CENTER,NEW,ACTIVE
INV0001421,CSN901421,CMP022,Dome Assembly,ESN700028,2021-03-04,2023-05-09,CENTER,NEW,ACTIVE
INV0001422,CSN901422,CMP024,HPT Stage 1 Disk,ESN700028,2022-12-09,2023-02-17,STAGE1,NEW,ACTIVE
INV0001423,CSN901423,CMP025,HPT Stage 2 Disk,ESN700028,2021-09-15,2023-05-21,STAGE2,NEW,ACTIVE
INV0001424,CSN901424,CMP028,HPT Shroud,ESN700028,2021-05-16,2023-05-28,CENTER,NEW,ACTIVE
INV0001425,CSN901425,CMP029,LPT Shaft,ESN700028,2022-07-14,2023-03-29,CENTER,NEW,ACTIVE
INV0001426,CSN901426,CMP030,LPT Stage 1 Disk,ESN700028,2021-06-19,2023-03-24,STAGE1,NEW,ACTIVE
INV0001427,CSN901427,CMP031,LPT Stage 2 Disk,ESN700028,2022-09-10,2023-03-19,STAGE2,NEW,ACTIVE
INV0001428,CSN901428,CMP034,Turbine Rear Frame,ESN700028,2021-08-04,2023-06-09,CENTER,NEW,ACTIVE
INV0001429,CSN901429,CMP035,Fuel Pump,ESN700028,2021-08-30,2023-01-30,CENTER,NEW,ACTIVE
INV0001430,CSN901430,CMP036,Hydromechanical Unit (HMU),ESN700028,2021-07-18,2023-01-21,CENTER,NEW,ACTIVE
INV0001431,CSN901431,CMP037,Fuel Filter,ESN700028,2021-08-08,2023-06-10,CENTER,NEW,ACTIVE
INV0001432,CSN901432,CMP038,Fuel Shutoff Valve,ESN700028,2021-06-23,2023-01-31,CENTER,NEW,ACTIVE
INV0001433,CSN901433,CMP039,Fuel Manifold,ESN700028,2022-11-09,2023-02-02,CENTER,NEW,ACTIVE
INV0001434,CSN901434,CMP040,Ignition Exciter,ESN700028,2021-10-12,2023-05-25,CENTER,NEW,ACTIVE
INV0001435,CSN901435,CMP041,Igniter Plug A,ESN700028,2022-04-30,2023-05-20,A,NEW,ACTIVE
INV0001436,CSN901436,CMP042,Igniter Plug B,ESN700028,2022-01-16,2023-03-25,B,NEW,ACTIVE
INV0001437,CSN901437,CMP043,Variable Bleed Valve (VBV),ESN700028,2022-12-08,2023-03-05,CENTER,NEW,ACTIVE
INV0001438,CSN901438,CMP044,VBV Actuator,ESN700028,2022-12-20,2023-03-29,CENTER,NEW,ACTIVE
INV0001439,CSN901439,CMP045,High Stage Bleed Valve,ESN700028,2021-11-25,2023-01-02,CENTER,NEW,ACTIVE
INV0001440,CSN901440,CMP046,Start Valve,ESN700028,2021-03-26,2023-03-09,CENTER,NEW,ACTIVE
INV0001441,CSN901441,CMP047,Exhaust Nozzle,ESN700028,2022-05-27,2023-01-18,CENTER,NEW,ACTIVE
INV0001442,CSN901442,CMP048,Exhaust Mixer,ESN700028,2022-01-29,2023-03-13,CENTER,NEW,ACTIVE
INV0001443,CSN901443,CMP049,Oil Pump,ESN700028,2021-07-16,2023-03-17,CENTER,NEW,ACTIVE
INV0001444,CSN901444,CMP050,Scavenge Pump,ESN700028,2022-11-29,2023-02-04,CENTER,NEW,ACTIVE
INV0001445,CSN901445,CMP051,Oil Filter,ESN700028,2022-03-19,2023-03-29,CENTER,NEW,ACTIVE
INV0001446,CSN901446,CMP052,Oil Pressure Transmitter,ESN700028,2022-06-27,2023-06-14,CENTER,NEW,ACTIVE
INV0001447,CSN901447,CMP053,Oil Temperature Sensor,ESN700028,2022-03-06,2023-03-11,CENTER,NEW,ACTIVE
INV0001448,CSN901448,CMP054,EGT Thermocouple Harness,ESN700028,2021-05-17,2023-06-02,CENTER,NEW,ACTIVE
INV0001449,CSN901449,CMP055,N1 Speed Sensor,ESN700028,2021-04-20,2023-02-28,CENTER,NEW,ACTIVE
INV0001450,CSN901450,CMP056,N2 Speed Sensor,ESN700028,2021-09-20,2023-04-29,CENTER,NEW,ACTIVE
INV0001451,CSN901451,CMP057,Vibration Sensor,ESN700028,2022-09-24,2023-05-16,CENTER,NEW,ACTIVE
INV0001452,CSN901452,CMP058,Chip Detector,ESN700028,2021-06-06,2023-06-02,CENTER,NEW,ACTIVE
INV0001453,CSN901453,CMP059,Accessory Gearbox,ESN700028,2022-10-01,2023-03-12,CENTER,NEW,ACTIVE
INV0001454,CSN901454,CMP060,Starter,ESN700028,2022-04-16,2023-05-12,CENTER,NEW,ACTIVE
INV0001455,CSN901455,CMP061,Integrated Drive Generator (IDG) Drive Pad,ESN700028,2021-02-11,2023-01-16,CENTER,NEW,ACTIVE
INV0001456,CSN901456,CMP062,Hydraulic Pump Drive Pad,ESN700028,2022-04-25,2023-03-10,CENTER,NEW,ACTIVE
INV0001457,CSN901457,CMP001,Fan Disk,ESN700029,2022-03-14,2022-12-31,CENTER,NEW,ACTIVE
INV0001458,CSN901458,CMP002,Fan Shaft,ESN700029,2022-12-04,2023-02-02,CENTER,NEW,ACTIVE
INV0001459,CSN901459,CMP005,Fan Case,ESN700029,2022-03-19,2023-02-12,CENTER,NEW,ACTIVE
INV0001460,CSN901460,CMP006,Spinner Cone,ESN700029,2022-01-04,2023-05-18,CENTER,NEW,ACTIVE
INV0001461,CSN901461,CMP007,Booster Rotor,ESN700029,2022-04-03,2023-04-15,CENTER,NEW,ACTIVE
INV0001462,CSN901462,CMP009,Booster Stator Assembly,ESN700029,2022-06-19,2023-02-09,CENTER,NEW,ACTIVE
INV0001463,CSN901463,CMP010,Booster Case,ESN700029,2022-08-07,2023-01-19,CENTER,NEW,ACTIVE
INV0001464,CSN901464,CMP011,HPC Stage 1 Disk,ESN700029,2022-12-16,2023-03-15,STAGE1,NEW,ACTIVE
INV0001465,CSN901465,CMP012,HPC Stage 2 Disk,ESN700029,2021-07-06,2023-06-08,STAGE2,NEW,ACTIVE
INV0001466,CSN901466,CMP013,HPC Stage 3 Disk,ESN700029,2022-09-18,2023-05-25,STAGE3,NEW,ACTIVE
INV0001467,CSN901467,CMP014,HPC Stage 4 Disk,ESN700029,2022-06-13,2023-02-09,STAGE4,NEW,ACTIVE
INV0001468,CSN901468,CMP015,HPC Stage 5 Disk,ESN700029,2021-05-24,2023-03-21,STAGE5,NEW,ACTIVE
INV0001469,CSN901469,CMP016,HPC Rotor Shaft,ESN700029,2021-01-11,2023-01-24,CENTER,NEW,ACTIVE
INV0001470,CSN901470,CMP018,Variable Stator Vane Assembly,ESN700029,2022-06-06,2023-06-08,CENTER,NEW,ACTIVE
INV0001471,CSN901471,CMP019,HPC Case,ESN700029,2021-05-26,2022-12-30,CENTER,NEW,ACTIVE
INV0001472,CSN901472,CMP020,Combustor Liner,ESN700029,2021-12-05,2023-02-22,CENTER,NEW,ACTIVE
INV0001473,CSN901473,CMP022,Dome Assembly,ESN700029,2021-08-12,2023-06-26,CENTER,NEW,ACTIVE
INV0001474,CSN901474,CMP024,HPT Stage 1 Disk,ESN700029,2022-06-30,2023-06-07,STAGE1,NEW,ACTIVE
INV0001475,CSN901475,CMP025,HPT Stage 2 Disk,ESN700029,2022-07-11,2023-02-06,STAGE2,NEW,ACTIVE
INV0001476,CSN901476,CMP028,HPT Shroud,ESN700029,2022-06-30,2023-01-19,CENTER,NEW,ACTIVE
INV0001477,CSN901477,CMP029,LPT Shaft,ESN700029,2022-03-04,2023-03-08,CENTER,NEW,ACTIVE
INV0001478,CSN901478,CMP030,LPT Stage 1 Disk,ESN700029,2022-11-02,2023-02-20,STAGE1,NEW,ACTIVE
INV0001479,CSN901479,CMP031,LPT Stage 2 Disk,ESN700029,2021-01-12,2023-02-20,STAGE2,NEW,ACTIVE
INV0001480,CSN901480,CMP034,Turbine Rear Frame,ESN700029,2022-10-21,2023-06-13,CENTER,NEW,ACTIVE
INV0001481,CSN901481,CMP035,Fuel Pump,ESN700029,2022-05-13,2023-05-22,CENTER,NEW,ACTIVE
INV0001482,CSN901482,CMP036,Hydromechanical Unit (HMU),ESN700029,2021-09-26,2023-04-08,CENTER,NEW,ACTIVE
INV0001483,CSN901483,CMP037,Fuel Filter,ESN700029,2021-05-14,2023-05-23,CENTER,NEW,ACTIVE
INV0001484,CSN901484,CMP038,Fuel Shutoff Valve,ESN700029,2021-05-18,2023-05-12,CENTER,NEW,ACTIVE
INV0001485,CSN901485,CMP039,Fuel Manifold,ESN700029,2021-05-18,2023-06-26,CENTER,NEW,ACTIVE
INV0001486,CSN901486,CMP040,Ignition Exciter,ESN700029,2021-12-10,2023-01-06,CENTER,NEW,ACTIVE
INV0001487,CSN901487,CMP041,Igniter Plug A,ESN700029,2022-01-20,2023-01-06,A,NEW,ACTIVE
INV0001488,CSN901488,CMP042,Igniter Plug B,ESN700029,2021-05-15,2023-05-29,B,NEW,ACTIVE
INV0001489,CSN901489,CMP043,Variable Bleed Valve (VBV),ESN700029,2022-02-04,2023-04-22,CENTER,NEW,ACTIVE
INV0001490,CSN901490,CMP044,VBV Actuator,ESN700029,2021-02-02,2023-02-17,CENTER,NEW,ACTIVE
INV0001491,CSN901491,CMP045,High Stage Bleed Valve,ESN700029,2022-03-25,2023-06-17,CENTER,NEW,ACTIVE
INV0001492,CSN901492,CMP046,Start Valve,ESN700029,2022-08-09,2023-02-28,CENTER,NEW,ACTIVE
INV0001493,CSN901493,CMP047,Exhaust Nozzle,ESN700029,2021-09-16,2023-02-21,CENTER,NEW,ACTIVE
INV0001494,CSN901494,CMP048,Exhaust Mixer,ESN700029,2021-11-05,2023-03-02,CENTER,NEW,ACTIVE
INV0001495,CSN901495,CMP049,Oil Pump,ESN700029,2021-11-15,2023-03-04,CENTER,NEW,ACTIVE
INV0001496,CSN901496,CMP050,Scavenge Pump,ESN700029,2021-05-08,2023-04-13,CENTER,NEW,ACTIVE
INV0001497,CSN901497,CMP051,Oil Filter,ESN700029,2021-04-07,2023-05-27,CENTER,NEW,ACTIVE
INV0001498,CSN901498,CMP052,Oil Pressure Transmitter,ESN700029,2022-01-03,2023-01-09,CENTER,NEW,ACTIVE
INV0001499,CSN901499,CMP053,Oil Temperature Sensor,ESN700029,2021-11-13,2023-01-26,CENTER,NEW,ACTIVE
INV0001500,CSN901500,CMP054,EGT Thermocouple Harness,ESN700029,2022-03-29,2023-02-18,CENTER,NEW,ACTIVE
INV0001501,CSN901501,CMP055,N1 Speed Sensor,ESN700029,2020-12-31,2023-06-14,CENTER,NEW,ACTIVE
INV0001502,CSN901502,CMP056,N2 Speed Sensor,ESN700029,2022-08-03,2023-06-28,CENTER,NEW,ACTIVE
INV0001503,CSN901503,CMP057,Vibration Sensor,ESN700029,2022-09-03,2023-01-31,CENTER,NEW,ACTIVE
INV0001504,CSN901504,CMP058,Chip Detector,ESN700029,2022-05-14,2023-03-04,CENTER,NEW,ACTIVE
INV0001505,CSN901505,CMP059,Accessory Gearbox,ESN700029,2021-10-26,2023-06-19,CENTER,NEW,ACTIVE
INV0001506,CSN901506,CMP060,Starter,ESN700029,2022-12-30,2023-01-29,CENTER,NEW,ACTIVE
INV0001507,CSN901507,CMP061,Integrated Drive Generator (IDG) Drive Pad,ESN700029,2021-04-14,2023-01-20,CENTER,NEW,ACTIVE
INV0001508,CSN901508,CMP062,Hydraulic Pump Drive Pad,ESN700029,2022-03-02,2023-02-03,CENTER,NEW,ACTIVE
INV0001509,CSN901509,CMP001,Fan Disk,ESN700030,2021-11-22,2023-05-12,CENTER,NEW,ACTIVE
INV0001510,CSN901510,CMP002,Fan Shaft,ESN700030,2021-07-04,2023-04-01,CENTER,NEW,ACTIVE
INV0001511,CSN901511,CMP005,Fan Case,ESN700030,2021-02-15,2023-04-11,CENTER,NEW,ACTIVE
INV0001512,CSN901512,CMP006,Spinner Cone,ESN700030,2021-04-16,2023-04-14,CENTER,NEW,ACTIVE
INV0001513,CSN901513,CMP007,Booster Rotor,ESN700030,2021-06-10,2023-01-05,CENTER,NEW,ACTIVE
INV0001514,CSN901514,CMP009,Booster Stator Assembly,ESN700030,2021-06-23,2023-03-13,CENTER,NEW,ACTIVE
INV0001515,CSN901515,CMP010,Booster Case,ESN700030,2022-01-27,2023-02-22,CENTER,NEW,ACTIVE
INV0001516,CSN901516,CMP011,HPC Stage 1 Disk,ESN700030,2021-01-06,2023-03-25,STAGE1,NEW,ACTIVE
INV0001517,CSN901517,CMP012,HPC Stage 2 Disk,ESN700030,2021-05-25,2023-05-27,STAGE2,NEW,ACTIVE
INV0001518,CSN901518,CMP013,HPC Stage 3 Disk,ESN700030,2021-09-09,2023-01-31,STAGE3,NEW,ACTIVE
INV0001519,CSN901519,CMP014,HPC Stage 4 Disk,ESN700030,2022-10-19,2023-03-14,STAGE4,NEW,ACTIVE
INV0001520,CSN901520,CMP015,HPC Stage 5 Disk,ESN700030,2021-03-05,2023-01-03,STAGE5,NEW,ACTIVE
INV0001521,CSN901521,CMP016,HPC Rotor Shaft,ESN700030,2022-11-16,2023-03-09,CENTER,NEW,ACTIVE
INV0001522,CSN901522,CMP018,Variable Stator Vane Assembly,ESN700030,2022-12-17,2023-04-23,CENTER,NEW,ACTIVE
INV0001523,CSN901523,CMP019,HPC Case,ESN700030,2022-04-28,2023-01-15,CENTER,NEW,ACTIVE
INV0001524,CSN901524,CMP020,Combustor Liner,ESN700030,2022-11-15,2023-03-29,CENTER,NEW,ACTIVE
INV0001525,CSN901525,CMP022,Dome Assembly,ESN700030,2021-11-21,2023-04-11,CENTER,NEW,ACTIVE
INV0001526,CSN901526,CMP024,HPT Stage 1 Disk,ESN700030,2021-12-16,2023-01-30,STAGE1,NEW,ACTIVE
INV0001527,CSN901527,CMP025,HPT Stage 2 Disk,ESN700030,2022-02-19,2023-06-11,STAGE2,NEW,ACTIVE
INV0001528,CSN901528,CMP028,HPT Shroud,ESN700030,2021-08-14,2023-04-21,CENTER,NEW,ACTIVE
INV0001529,CSN901529,CMP029,LPT Shaft,ESN700030,2022-04-20,2023-02-19,CENTER,NEW,ACTIVE
INV0001530,CSN901530,CMP030,LPT Stage 1 Disk,ESN700030,2021-02-21,2023-03-06,STAGE1,NEW,ACTIVE
INV0001531,CSN901531,CMP031,LPT Stage 2 Disk,ESN700030,2022-08-05,2023-06-13,STAGE2,NEW,ACTIVE
INV0001532,CSN901532,CMP034,Turbine Rear Frame,ESN700030,2021-11-10,2023-05-05,CENTER,NEW,ACTIVE
INV0001533,CSN901533,CMP035,Fuel Pump,ESN700030,2021-02-15,2023-02-17,CENTER,NEW,ACTIVE
INV0001534,CSN901534,CMP036,Hydromechanical Unit (HMU),ESN700030,2022-01-20,2023-01-17,CENTER,NEW,ACTIVE
INV0001535,CSN901535,CMP037,Fuel Filter,ESN700030,2022-02-14,2023-03-28,CENTER,NEW,ACTIVE
INV0001536,CSN901536,CMP038,Fuel Shutoff Valve,ESN700030,2022-06-14,2023-01-27,CENTER,NEW,ACTIVE
INV0001537,CSN901537,CMP039,Fuel Manifold,ESN700030,2021-08-29,2023-04-12,CENTER,NEW,ACTIVE
INV0001538,CSN901538,CMP040,Ignition Exciter,ESN700030,2022-09-16,2023-03-04,CENTER,NEW,ACTIVE
INV0001539,CSN901539,CMP041,Igniter Plug A,ESN700030,2022-08-20,2023-04-25,A,NEW,ACTIVE
INV0001540,CSN901540,CMP042,Igniter Plug B,ESN700030,2021-09-11,2023-03-11,B,NEW,ACTIVE
INV0001541,CSN901541,CMP043,Variable Bleed Valve (VBV),ESN700030,2022-05-09,2023-04-23,CENTER,NEW,ACTIVE
INV0001542,CSN901542,CMP044,VBV Actuator,ESN700030,2022-11-13,2023-01-28,CENTER,NEW,ACTIVE
INV0001543,CSN901543,CMP045,High Stage Bleed Valve,ESN700030,2022-05-08,2023-01-04,CENTER,NEW,ACTIVE
INV0001544,CSN901544,CMP046,Start Valve,ESN700030,2022-01-16,2023-05-03,CENTER,NEW,ACTIVE
INV0001545,CSN901545,CMP047,Exhaust Nozzle,ESN700030,2022-01-20,2023-03-29,CENTER,NEW,ACTIVE
INV0001546,CSN901546,CMP048,Exhaust Mixer,ESN700030,2022-11-13,2023-02-07,CENTER,NEW,ACTIVE
INV0001547,CSN901547,CMP049,Oil Pump,ESN700030,2021-02-18,2023-01-27,CENTER,NEW,ACTIVE
INV0001548,CSN901548,CMP050,Scavenge Pump,ESN700030,2021-01-21,2023-01-15,CENTER,NEW,ACTIVE
INV0001549,CSN901549,CMP051,Oil Filter,ESN700030,2022-06-15,2023-04-02,CENTER,NEW,ACTIVE
INV0001550,CSN901550,CMP052,Oil Pressure Transmitter,ESN700030,2022-01-07,2023-04-06,CENTER,NEW,ACTIVE
INV0001551,CSN901551,CMP053,Oil Temperature Sensor,ESN700030,2022-05-05,2023-02-26,CENTER,NEW,ACTIVE
INV0001552,CSN901552,CMP054,EGT Thermocouple Harness,ESN700030,2021-03-30,2023-02-15,CENTER,NEW,ACTIVE
INV0001553,CSN901553,CMP055,N1 Speed Sensor,ESN700030,2022-12-14,2023-06-16,CENTER,NEW,ACTIVE
INV0001554,CSN901554,CMP056,N2 Speed Sensor,ESN700030,2022-03-02,2023-05-17,CENTER,NEW,ACTIVE
INV0001555,CSN901555,CMP057,Vibration Sensor,ESN700030,2022-12-28,2023-02-16,CENTER,NEW,ACTIVE
INV0001556,CSN901556,CMP058,Chip Detector,ESN700030,2022-09-01,2023-04-29,CENTER,NEW,ACTIVE
INV0001557,CSN901557,CMP059,Accessory Gearbox,ESN700030,2021-06-16,2023-01-30,CENTER,NEW,ACTIVE
INV0001558,CSN901558,CMP060,Starter,ESN700030,2022-07-12,2023-03-22,CENTER,NEW,ACTIVE
INV0001559,CSN901559,CMP061,Integrated Drive Generator (IDG) Drive Pad,ESN700030,2022-07-08,2023-04-12,CENTER,NEW,ACTIVE
INV0001560,CSN901560,CMP062,Hydraulic Pump Drive Pad,ESN700030,2022-05-18,2023-02-18,CENTER,NEW,ACTIVE
INV0001561,CSN901561,CMP001,Fan Disk,ESN700031,2021-01-16,2023-06-11,CENTER,NEW,ACTIVE
INV0001562,CSN901562,CMP002,Fan Shaft,ESN700031,2021-05-21,2023-06-15,CENTER,NEW,ACTIVE
INV0001563,CSN901563,CMP005,Fan Case,ESN700031,2021-08-21,2023-01-04,CENTER,NEW,ACTIVE
INV0001564,CSN901564,CMP006,Spinner Cone,ESN700031,2021-06-23,2023-01-11,CENTER,NEW,ACTIVE
INV0001565,CSN901565,CMP007,Booster Rotor,ESN700031,2022-04-11,2023-04-17,CENTER,NEW,ACTIVE
INV0001566,CSN901566,CMP009,Booster Stator Assembly,ESN700031,2022-08-22,2023-06-24,CENTER,NEW,ACTIVE
INV0001567,CSN901567,CMP010,Booster Case,ESN700031,2022-02-01,2023-04-12,CENTER,NEW,ACTIVE
INV0001568,CSN901568,CMP011,HPC Stage 1 Disk,ESN700031,2022-05-18,2023-01-20,STAGE1,NEW,ACTIVE
INV0001569,CSN901569,CMP012,HPC Stage 2 Disk,ESN700031,2021-02-27,2023-05-18,STAGE2,NEW,ACTIVE
INV0001570,CSN901570,CMP013,HPC Stage 3 Disk,ESN700031,2021-10-14,2023-03-27,STAGE3,NEW,ACTIVE
INV0001571,CSN901571,CMP014,HPC Stage 4 Disk,ESN700031,2022-10-26,2023-05-01,STAGE4,NEW,ACTIVE
INV0001572,CSN901572,CMP015,HPC Stage 5 Disk,ESN700031,2021-02-20,2023-06-06,STAGE5,NEW,ACTIVE
INV0001573,CSN901573,CMP016,HPC Rotor Shaft,ESN700031,2022-03-25,2023-04-21,CENTER,NEW,ACTIVE
INV0001574,CSN901574,CMP018,Variable Stator Vane Assembly,ESN700031,2021-10-27,2023-02-09,CENTER,NEW,ACTIVE
INV0001575,CSN901575,CMP019,HPC Case,ESN700031,2022-05-26,2023-06-04,CENTER,NEW,ACTIVE
INV0001576,CSN901576,CMP020,Combustor Liner,ESN700031,2021-02-21,2023-04-06,CENTER,NEW,ACTIVE
INV0001577,CSN901577,CMP022,Dome Assembly,ESN700031,2021-11-17,2023-01-13,CENTER,NEW,ACTIVE
INV0001578,CSN901578,CMP024,HPT Stage 1 Disk,ESN700031,2022-03-21,2023-06-28,STAGE1,NEW,ACTIVE
INV0001579,CSN901579,CMP025,HPT Stage 2 Disk,ESN700031,2022-11-08,2023-02-22,STAGE2,NEW,ACTIVE
INV0001580,CSN901580,CMP028,HPT Shroud,ESN700031,2021-10-25,2023-01-09,CENTER,NEW,ACTIVE
INV0001581,CSN901581,CMP029,LPT Shaft,ESN700031,2021-03-05,2023-01-09,CENTER,NEW,ACTIVE
INV0001582,CSN901582,CMP030,LPT Stage 1 Disk,ESN700031,2022-06-27,2023-03-07,STAGE1,NEW,ACTIVE
INV0001583,CSN901583,CMP031,LPT Stage 2 Disk,ESN700031,2021-05-15,2023-05-27,STAGE2,NEW,ACTIVE
INV0001584,CSN901584,CMP034,Turbine Rear Frame,ESN700031,2021-06-10,2023-04-17,CENTER,NEW,ACTIVE
INV0001585,CSN901585,CMP035,Fuel Pump,ESN700031,2022-08-10,2023-05-04,CENTER,NEW,ACTIVE
INV0001586,CSN901586,CMP036,Hydromechanical Unit (HMU),ESN700031,2022-02-07,2023-01-11,CENTER,NEW,ACTIVE
INV0001587,CSN901587,CMP037,Fuel Filter,ESN700031,2021-12-20,2023-02-19,CENTER,NEW,ACTIVE
INV0001588,CSN901588,CMP038,Fuel Shutoff Valve,ESN700031,2022-08-06,2023-06-19,CENTER,NEW,ACTIVE
INV0001589,CSN901589,CMP039,Fuel Manifold,ESN700031,2022-07-29,2023-03-18,CENTER,NEW,ACTIVE
INV0001590,CSN901590,CMP040,Ignition Exciter,ESN700031,2021-02-21,2023-05-07,CENTER,NEW,ACTIVE
INV0001591,CSN901591,CMP041,Igniter Plug A,ESN700031,2022-02-05,2023-03-30,A,NEW,ACTIVE
INV0001592,CSN901592,CMP042,Igniter Plug B,ESN700031,2022-07-11,2023-04-03,B,NEW,ACTIVE
INV0001593,CSN901593,CMP043,Variable Bleed Valve (VBV),ESN700031,2021-08-18,2023-02-20,CENTER,NEW,ACTIVE
INV0001594,CSN901594,CMP044,VBV Actuator,ESN700031,2022-11-28,2023-03-22,CENTER,NEW,ACTIVE
INV0001595,CSN901595,CMP045,High Stage Bleed Valve,ESN700031,2021-06-06,2023-06-02,CENTER,NEW,ACTIVE
INV0001596,CSN901596,CMP046,Start Valve,ESN700031,2022-01-04,2023-03-07,CENTER,NEW,ACTIVE
INV0001597,CSN901597,CMP047,Exhaust Nozzle,ESN700031,2022-06-22,2023-03-16,CENTER,NEW,ACTIVE
INV0001598,CSN901598,CMP048,Exhaust Mixer,ESN700031,2022-07-26,2023-06-17,CENTER,NEW,ACTIVE
INV0001599,CSN901599,CMP049,Oil Pump,ESN700031,2022-12-30,2023-05-30,CENTER,NEW,ACTIVE
INV0001600,CSN901600,CMP050,Scavenge Pump,ESN700031,2021-03-15,2023-02-28,CENTER,NEW,ACTIVE
INV0001601,CSN901601,CMP051,Oil Filter,ESN700031,2021-01-17,2023-04-09,CENTER,NEW,ACTIVE
INV0001602,CSN901602,CMP052,Oil Pressure Transmitter,ESN700031,2022-02-13,2023-03-12,CENTER,NEW,ACTIVE
INV0001603,CSN901603,CMP053,Oil Temperature Sensor,ESN700031,2021-03-16,2023-06-16,CENTER,NEW,ACTIVE
INV0001604,CSN901604,CMP054,EGT Thermocouple Harness,ESN700031,2022-05-18,2023-03-05,CENTER,NEW,ACTIVE
INV0001605,CSN901605,CMP055,N1 Speed Sensor,ESN700031,2022-03-27,2023-03-26,CENTER,NEW,ACTIVE
INV0001606,CSN901606,CMP056,N2 Speed Sensor,ESN700031,2021-11-29,2023-01-05,CENTER,NEW,ACTIVE
INV0001607,CSN901607,CMP057,Vibration Sensor,ESN700031,2021-05-18,2023-02-27,CENTER,NEW,ACTIVE
INV0001608,CSN901608,CMP058,Chip Detector,ESN700031,2022-02-08,2023-01-19,CENTER,NEW,ACTIVE
INV0001609,CSN901609,CMP059,Accessory Gearbox,ESN700031,2022-06-24,2023-01-31,CENTER,NEW,ACTIVE
INV0001610,CSN901610,CMP060,Starter,ESN700031,2022-02-26,2023-02-02,CENTER,NEW,ACTIVE
INV0001611,CSN901611,CMP061,Integrated Drive Generator (IDG) Drive Pad,ESN700031,2022-02-23,2023-04-09,CENTER,NEW,ACTIVE
INV0001612,CSN901612,CMP062,Hydraulic Pump Drive Pad,ESN700031,2022-02-24,2023-01-23,CENTER,NEW,ACTIVE
INV0001613,CSN901613,CMP001,Fan Disk,ESN700032,2021-08-13,2023-04-22,CENTER,NEW,ACTIVE
INV0001614,CSN901614,CMP002,Fan Shaft,ESN700032,2021-10-28,2023-05-17,CENTER,NEW,ACTIVE
INV0001615,CSN901615,CMP005,Fan Case,ESN700032,2021-01-13,2023-02-13,CENTER,NEW,ACTIVE
INV0001616,CSN901616,CMP006,Spinner Cone,ESN700032,2021-02-04,2023-03-23,CENTER,NEW,ACTIVE
INV0001617,CSN901617,CMP007,Booster Rotor,ESN700032,2022-06-05,2023-03-17,CENTER,NEW,ACTIVE
INV0001618,CSN901618,CMP009,Booster Stator Assembly,ESN700032,2022-12-04,2023-01-07,CENTER,NEW,ACTIVE
INV0001619,CSN901619,CMP010,Booster Case,ESN700032,2021-06-07,2023-03-25,CENTER,NEW,ACTIVE
INV0001620,CSN901620,CMP011,HPC Stage 1 Disk,ESN700032,2022-08-12,2023-06-17,STAGE1,NEW,ACTIVE
INV0001621,CSN901621,CMP012,HPC Stage 2 Disk,ESN700032,2021-09-24,2023-06-01,STAGE2,NEW,ACTIVE
INV0001622,CSN901622,CMP013,HPC Stage 3 Disk,ESN700032,2021-11-24,2023-02-12,STAGE3,NEW,ACTIVE
INV0001623,CSN901623,CMP014,HPC Stage 4 Disk,ESN700032,2022-06-12,2023-06-01,STAGE4,NEW,ACTIVE
INV0001624,CSN901624,CMP015,HPC Stage 5 Disk,ESN700032,2021-06-24,2023-01-09,STAGE5,NEW,ACTIVE
INV0001625,CSN901625,CMP016,HPC Rotor Shaft,ESN700032,2021-06-05,2023-01-07,CENTER,NEW,ACTIVE
INV0001626,CSN901626,CMP018,Variable Stator Vane Assembly,ESN700032,2021-09-05,2023-02-06,CENTER,NEW,ACTIVE
INV0001627,CSN901627,CMP019,HPC Case,ESN700032,2022-03-20,2023-06-05,CENTER,NEW,ACTIVE
INV0001628,CSN901628,CMP020,Combustor Liner,ESN700032,2021-09-04,2023-02-05,CENTER,NEW,ACTIVE
INV0001629,CSN901629,CMP022,Dome Assembly,ESN700032,2021-06-15,2023-01-28,CENTER,NEW,ACTIVE
INV0001630,CSN901630,CMP024,HPT Stage 1 Disk,ESN700032,2022-11-19,2023-01-24,STAGE1,NEW,ACTIVE
INV0001631,CSN901631,CMP025,HPT Stage 2 Disk,ESN700032,2021-08-07,2023-02-21,STAGE2,NEW,ACTIVE
INV0001632,CSN901632,CMP028,HPT Shroud,ESN700032,2022-01-21,2023-02-20,CENTER,NEW,ACTIVE
INV0001633,CSN901633,CMP029,LPT Shaft,ESN700032,2022-09-24,2023-02-05,CENTER,NEW,ACTIVE
INV0001634,CSN901634,CMP030,LPT Stage 1 Disk,ESN700032,2022-01-26,2023-05-27,STAGE1,NEW,ACTIVE
INV0001635,CSN901635,CMP031,LPT Stage 2 Disk,ESN700032,2021-10-18,2023-06-15,STAGE2,NEW,ACTIVE
INV0001636,CSN901636,CMP034,Turbine Rear Frame,ESN700032,2022-02-23,2023-01-06,CENTER,NEW,ACTIVE
INV0001637,CSN901637,CMP035,Fuel Pump,ESN700032,2021-05-23,2023-06-13,CENTER,NEW,ACTIVE
INV0001638,CSN901638,CMP036,Hydromechanical Unit (HMU),ESN700032,2021-11-16,2023-02-20,CENTER,NEW,ACTIVE
INV0001639,CSN901639,CMP037,Fuel Filter,ESN700032,2022-09-01,2023-03-06,CENTER,NEW,ACTIVE
INV0001640,CSN901640,CMP038,Fuel Shutoff Valve,ESN700032,2021-02-05,2023-05-21,CENTER,NEW,ACTIVE
INV0001641,CSN901641,CMP039,Fuel Manifold,ESN700032,2022-05-23,2023-03-13,CENTER,NEW,ACTIVE
INV0001642,CSN901642,CMP040,Ignition Exciter,ESN700032,2022-02-26,2023-05-09,CENTER,NEW,ACTIVE
INV0001643,CSN901643,CMP041,Igniter Plug A,ESN700032,2022-05-20,2023-03-21,A,NEW,ACTIVE
INV0001644,CSN901644,CMP042,Igniter Plug B,ESN700032,2021-03-07,2023-01-06,B,NEW,ACTIVE
INV0001645,CSN901645,CMP043,Variable Bleed Valve (VBV),ESN700032,2022-11-10,2023-01-14,CENTER,NEW,ACTIVE
INV0001646,CSN901646,CMP044,VBV Actuator,ESN700032,2021-07-15,2023-05-06,CENTER,NEW,ACTIVE
INV0001647,CSN901647,CMP045,High Stage Bleed Valve,ESN700032,2021-08-11,2023-04-13,CENTER,NEW,ACTIVE
INV0001648,CSN901648,CMP046,Start Valve,ESN700032,2022-10-02,2023-05-23,CENTER,NEW,ACTIVE
INV0001649,CSN901649,CMP047,Exhaust Nozzle,ESN700032,2022-08-28,2023-04-30,CENTER,NEW,ACTIVE
INV0001650,CSN901650,CMP048,Exhaust Mixer,ESN700032,2022-10-20,2023-04-25,CENTER,NEW,ACTIVE
INV0001651,CSN901651,CMP049,Oil Pump,ESN700032,2021-02-22,2023-03-14,CENTER,NEW,ACTIVE
INV0001652,CSN901652,CMP050,Scavenge Pump,ESN700032,2022-08-06,2023-04-30,CENTER,NEW,ACTIVE
INV0001653,CSN901653,CMP051,Oil Filter,ESN700032,2021-06-19,2023-03-15,CENTER,NEW,ACTIVE
INV0001654,CSN901654,CMP052,Oil Pressure Transmitter,ESN700032,2022-10-25,2023-03-24,CENTER,NEW,ACTIVE
INV0001655,CSN901655,CMP053,Oil Temperature Sensor,ESN700032,2022-10-19,2023-02-01,CENTER,NEW,ACTIVE
INV0001656,CSN901656,CMP054,EGT Thermocouple Harness,ESN700032,2021-09-28,2023-01-29,CENTER,NEW,ACTIVE
INV0001657,CSN901657,CMP055,N1 Speed Sensor,ESN700032,2022-06-18,2023-04-15,CENTER,NEW,ACTIVE
INV0001658,CSN901658,CMP056,N2 Speed Sensor,ESN700032,2022-08-22,2023-05-08,CENTER,NEW,ACTIVE
INV0001659,CSN901659,CMP057,Vibration Sensor,ESN700032,2021-02-04,2023-02-25,CENTER,NEW,ACTIVE
INV0001660,CSN901660,CMP058,Chip Detector,ESN700032,2022-12-14,2023-05-25,CENTER,NEW,ACTIVE
INV0001661,CSN901661,CMP059,Accessory Gearbox,ESN700032,2021-12-20,2023-01-25,CENTER,NEW,ACTIVE
INV0001662,CSN901662,CMP060,Starter,ESN700032,2021-03-16,2023-06-05,CENTER,NEW,ACTIVE
INV0001663,CSN901663,CMP061,Integrated Drive Generator (IDG) Drive Pad,ESN700032,2022-11-10,2023-03-03,CENTER,NEW,ACTIVE
INV0001664,CSN901664,CMP062,Hydraulic Pump Drive Pad,ESN700032,2022-11-08,2023-02-23,CENTER,NEW,ACTIVE
INV0001665,CSN901665,CMP001,Fan Disk,ESN700033,2022-05-07,2023-03-31,CENTER,NEW,ACTIVE
INV0001666,CSN901666,CMP002,Fan Shaft,ESN700033,2021-10-21,2023-04-23,CENTER,NEW,ACTIVE
INV0001667,CSN901667,CMP005,Fan Case,ESN700033,2022-08-20,2023-02-23,CENTER,NEW,ACTIVE
INV0001668,CSN901668,CMP006,Spinner Cone,ESN700033,2022-08-24,2022-12-31,CENTER,NEW,ACTIVE
INV0001669,CSN901669,CMP007,Booster Rotor,ESN700033,2021-05-19,2023-01-15,CENTER,NEW,ACTIVE
INV0001670,CSN901670,CMP009,Booster Stator Assembly,ESN700033,2021-06-13,2023-01-06,CENTER,NEW,ACTIVE
INV0001671,CSN901671,CMP010,Booster Case,ESN700033,2021-02-11,2023-03-02,CENTER,NEW,ACTIVE
INV0001672,CSN901672,CMP011,HPC Stage 1 Disk,ESN700033,2021-08-24,2023-03-22,STAGE1,NEW,ACTIVE
INV0001673,CSN901673,CMP012,HPC Stage 2 Disk,ESN700033,2022-04-01,2023-05-02,STAGE2,NEW,ACTIVE
INV0001674,CSN901674,CMP013,HPC Stage 3 Disk,ESN700033,2022-08-28,2023-05-31,STAGE3,NEW,ACTIVE
INV0001675,CSN901675,CMP014,HPC Stage 4 Disk,ESN700033,2022-09-14,2022-12-31,STAGE4,NEW,ACTIVE
INV0001676,CSN901676,CMP015,HPC Stage 5 Disk,ESN700033,2021-10-21,2023-03-02,STAGE5,NEW,ACTIVE
INV0001677,CSN901677,CMP016,HPC Rotor Shaft,ESN700033,2021-02-09,2023-05-15,CENTER,NEW,ACTIVE
INV0001678,CSN901678,CMP018,Variable Stator Vane Assembly,ESN700033,2022-10-21,2023-02-28,CENTER,NEW,ACTIVE
INV0001679,CSN901679,CMP019,HPC Case,ESN700033,2021-06-24,2023-05-28,CENTER,NEW,ACTIVE
INV0001680,CSN901680,CMP020,Combustor Liner,ESN700033,2022-11-03,2023-06-14,CENTER,NEW,ACTIVE
INV0001681,CSN901681,CMP022,Dome Assembly,ESN700033,2021-11-08,2023-01-22,CENTER,NEW,ACTIVE
INV0001682,CSN901682,CMP024,HPT Stage 1 Disk,ESN700033,2022-06-07,2023-06-26,STAGE1,NEW,ACTIVE
INV0001683,CSN901683,CMP025,HPT Stage 2 Disk,ESN700033,2022-12-26,2023-05-10,STAGE2,NEW,ACTIVE
INV0001684,CSN901684,CMP028,HPT Shroud,ESN700033,2021-01-31,2023-05-10,CENTER,NEW,ACTIVE
INV0001685,CSN901685,CMP029,LPT Shaft,ESN700033,2021-09-04,2023-04-09,CENTER,NEW,ACTIVE
INV0001686,CSN901686,CMP030,LPT Stage 1 Disk,ESN700033,2022-09-22,2023-06-04,STAGE1,NEW,ACTIVE
INV0001687,CSN901687,CMP031,LPT Stage 2 Disk,ESN700033,2022-11-22,2023-05-02,STAGE2,NEW,ACTIVE
INV0001688,CSN901688,CMP034,Turbine Rear Frame,ESN700033,2022-12-18,2023-05-23,CENTER,NEW,ACTIVE
INV0001689,CSN901689,CMP035,Fuel Pump,ESN700033,2021-02-27,2023-01-26,CENTER,NEW,ACTIVE
INV0001690,CSN901690,CMP036,Hydromechanical Unit (HMU),ESN700033,2021-09-02,2023-05-22,CENTER,NEW,ACTIVE
INV0001691,CSN901691,CMP037,Fuel Filter,ESN700033,2022-02-06,2023-06-15,CENTER,NEW,ACTIVE
INV0001692,CSN901692,CMP038,Fuel Shutoff Valve,ESN700033,2021-06-13,2023-06-27,CENTER,NEW,ACTIVE
INV0001693,CSN901693,CMP039,Fuel Manifold,ESN700033,2022-03-02,2023-01-16,CENTER,NEW,ACTIVE
INV0001694,CSN901694,CMP040,Ignition Exciter,ESN700033,2021-04-06,2023-03-17,CENTER,NEW,ACTIVE
INV0001695,CSN901695,CMP041,Igniter Plug A,ESN700033,2021-08-16,2023-02-04,A,NEW,ACTIVE
INV0001696,CSN901696,CMP042,Igniter Plug B,ESN700033,2022-02-03,2023-06-18,B,NEW,ACTIVE
INV0001697,CSN901697,CMP043,Variable Bleed Valve (VBV),ESN700033,2021-05-30,2023-03-31,CENTER,NEW,ACTIVE
INV0001698,CSN901698,CMP044,VBV Actuator,ESN700033,2021-10-20,2023-04-21,CENTER,NEW,ACTIVE
INV0001699,CSN901699,CMP045,High Stage Bleed Valve,ESN700033,2021-10-06,2023-05-04,CENTER,NEW,ACTIVE
INV0001700,CSN901700,CMP046,Start Valve,ESN700033,2021-03-08,2023-06-18,CENTER,NEW,ACTIVE
INV0001701,CSN901701,CMP047,Exhaust Nozzle,ESN700033,2021-07-20,2023-06-01,CENTER,NEW,ACTIVE
INV0001702,CSN901702,CMP048,Exhaust Mixer,ESN700033,2022-08-03,2023-06-19,CENTER,NEW,ACTIVE
INV0001703,CSN901703,CMP049,Oil Pump,ESN700033,2021-05-29,2023-06-26,CENTER,NEW,ACTIVE
INV0001704,CSN901704,CMP050,Scavenge Pump,ESN700033,2022-01-21,2023-06-17,CENTER,NEW,ACTIVE
INV0001705,CSN901705,CMP051,Oil Filter,ESN700033,2021-12-19,2023-03-26,CENTER,NEW,ACTIVE
INV0001706,CSN901706,CMP052,Oil Pressure Transmitter,ESN700033,2022-02-14,2023-06-21,CENTER,NEW,ACTIVE
INV0001707,CSN901707,CMP053,Oil Temperature Sensor,ESN700033,2022-03-12,2023-04-11,CENTER,NEW,ACTIVE
INV0001708,CSN901708,CMP054,EGT Thermocouple Harness,ESN700033,2021-04-03,2023-01-21,CENTER,NEW,ACTIVE
INV0001709,CSN901709,CMP055,N1 Speed Sensor,ESN700033,2021-07-01,2023-02-06,CENTER,NEW,ACTIVE
INV0001710,CSN901710,CMP056,N2 Speed Sensor,ESN700033,2022-03-07,2023-06-06,CENTER,NEW,ACTIVE
INV0001711,CSN901711,CMP057,Vibration Sensor,ESN700033,2021-09-23,2023-05-29,CENTER,NEW,ACTIVE
INV0001712,CSN901712,CMP058,Chip Detector,ESN700033,2022-08-08,2023-03-01,CENTER,NEW,ACTIVE
INV0001713,CSN901713,CMP059,Accessory Gearbox,ESN700033,2021-10-27,2023-03-15,CENTER,NEW,ACTIVE
INV0001714,CSN901714,CMP060,Starter,ESN700033,2021-12-07,2023-03-15,CENTER,NEW,ACTIVE
INV0001715,CSN901715,CMP061,Integrated Drive Generator (IDG) Drive Pad,ESN700033,2021-06-01,2023-03-25,CENTER,NEW,ACTIVE
INV0001716,CSN901716,CMP062,Hydraulic Pump Drive Pad,ESN700033,2022-09-15,2023-02-06,CENTER,NEW,ACTIVE
INV0001717,CSN901717,CMP001,Fan Disk,ESN700034,2022-06-02,2023-03-24,CENTER,NEW,ACTIVE
INV0001718,CSN901718,CMP002,Fan Shaft,ESN700034,2021-02-24,2023-01-14,CENTER,NEW,ACTIVE
INV0001719,CSN901719,CMP005,Fan Case,ESN700034,2021-12-04,2023-03-23,CENTER,NEW,ACTIVE
INV0001720,CSN901720,CMP006,Spinner Cone,ESN700034,2021-03-03,2023-03-16,CENTER,NEW,ACTIVE
INV0001721,CSN901721,CMP007,Booster Rotor,ESN700034,2021-10-30,2023-02-18,CENTER,NEW,ACTIVE
INV0001722,CSN901722,CMP009,Booster Stator Assembly,ESN700034,2021-12-31,2023-05-07,CENTER,NEW,ACTIVE
INV0001723,CSN901723,CMP010,Booster Case,ESN700034,2022-12-14,2023-02-03,CENTER,NEW,ACTIVE
INV0001724,CSN901724,CMP011,HPC Stage 1 Disk,ESN700034,2022-07-13,2023-06-06,STAGE1,NEW,ACTIVE
INV0001725,CSN901725,CMP012,HPC Stage 2 Disk,ESN700034,2021-07-23,2023-02-07,STAGE2,NEW,ACTIVE
INV0001726,CSN901726,CMP013,HPC Stage 3 Disk,ESN700034,2022-03-15,2023-02-02,STAGE3,NEW,ACTIVE
INV0001727,CSN901727,CMP014,HPC Stage 4 Disk,ESN700034,2021-12-30,2023-06-16,STAGE4,NEW,ACTIVE
INV0001728,CSN901728,CMP015,HPC Stage 5 Disk,ESN700034,2022-04-21,2023-02-28,STAGE5,NEW,ACTIVE
INV0001729,CSN901729,CMP016,HPC Rotor Shaft,ESN700034,2022-12-19,2023-01-27,CENTER,NEW,ACTIVE
INV0001730,CSN901730,CMP018,Variable Stator Vane Assembly,ESN700034,2022-10-29,2023-01-04,CENTER,NEW,ACTIVE
INV0001731,CSN901731,CMP019,HPC Case,ESN700034,2022-12-09,2023-01-26,CENTER,NEW,ACTIVE
INV0001732,CSN901732,CMP020,Combustor Liner,ESN700034,2022-07-14,2023-01-12,CENTER,NEW,ACTIVE
INV0001733,CSN901733,CMP022,Dome Assembly,ESN700034,2022-02-16,2023-03-27,CENTER,NEW,ACTIVE
INV0001734,CSN901734,CMP024,HPT Stage 1 Disk,ESN700034,2021-12-19,2022-12-31,STAGE1,NEW,ACTIVE
INV0001735,CSN901735,CMP025,HPT Stage 2 Disk,ESN700034,2022-11-28,2023-02-07,STAGE2,NEW,ACTIVE
INV0001736,CSN901736,CMP028,HPT Shroud,ESN700034,2021-02-20,2023-02-09,CENTER,NEW,ACTIVE
INV0001737,CSN901737,CMP029,LPT Shaft,ESN700034,2021-09-25,2023-03-29,CENTER,NEW,ACTIVE
INV0001738,CSN901738,CMP030,LPT Stage 1 Disk,ESN700034,2021-12-26,2023-06-28,STAGE1,NEW,ACTIVE
INV0001739,CSN901739,CMP031,LPT Stage 2 Disk,ESN700034,2021-09-01,2023-05-20,STAGE2,NEW,ACTIVE
INV0001740,CSN901740,CMP034,Turbine Rear Frame,ESN700034,2022-10-05,2023-03-23,CENTER,NEW,ACTIVE
INV0001741,CSN901741,CMP035,Fuel Pump,ESN700034,2021-03-14,2023-05-15,CENTER,NEW,ACTIVE
INV0001742,CSN901742,CMP036,Hydromechanical Unit (HMU),ESN700034,2022-03-11,2023-01-18,CENTER,NEW,ACTIVE
INV0001743,CSN901743,CMP037,Fuel Filter,ESN700034,2022-02-22,2023-05-30,CENTER,NEW,ACTIVE
INV0001744,CSN901744,CMP038,Fuel Shutoff Valve,ESN700034,2022-08-04,2023-01-10,CENTER,NEW,ACTIVE
INV0001745,CSN901745,CMP039,Fuel Manifold,ESN700034,2021-09-14,2023-06-18,CENTER,NEW,ACTIVE
INV0001746,CSN901746,CMP040,Ignition Exciter,ESN700034,2021-06-24,2023-01-09,CENTER,NEW,ACTIVE
INV0001747,CSN901747,CMP041,Igniter Plug A,ESN700034,2022-05-17,2023-05-29,A,NEW,ACTIVE
INV0001748,CSN901748,CMP042,Igniter Plug B,ESN700034,2022-04-17,2023-05-11,B,NEW,ACTIVE
INV0001749,CSN901749,CMP043,Variable Bleed Valve (VBV),ESN700034,2022-05-17,2023-04-13,CENTER,NEW,ACTIVE
INV0001750,CSN901750,CMP044,VBV Actuator,ESN700034,2021-05-07,2023-01-03,CENTER,NEW,ACTIVE
INV0001751,CSN901751,CMP045,High Stage Bleed Valve,ESN700034,2022-09-29,2023-05-10,CENTER,NEW,ACTIVE
INV0001752,CSN901752,CMP046,Start Valve,ESN700034,2021-01-22,2023-01-02,CENTER,NEW,ACTIVE
INV0001753,CSN901753,CMP047,Exhaust Nozzle,ESN700034,2022-04-03,2023-04-15,CENTER,NEW,ACTIVE
INV0001754,CSN901754,CMP048,Exhaust Mixer,ESN700034,2022-01-30,2023-03-12,CENTER,NEW,ACTIVE
INV0001755,CSN901755,CMP049,Oil Pump,ESN700034,2021-10-29,2023-06-06,CENTER,NEW,ACTIVE
INV0001756,CSN901756,CMP050,Scavenge Pump,ESN700034,2022-03-15,2023-03-21,CENTER,NEW,ACTIVE
INV0001757,CSN901757,CMP051,Oil Filter,ESN700034,2022-04-02,2023-06-02,CENTER,NEW,ACTIVE
INV0001758,CSN901758,CMP052,Oil Pressure Transmitter,ESN700034,2022-02-26,2023-01-07,CENTER,NEW,ACTIVE
INV0001759,CSN901759,CMP053,Oil Temperature Sensor,ESN700034,2021-10-28,2023-05-25,CENTER,NEW,ACTIVE
INV0001760,CSN901760,CMP054,EGT Thermocouple Harness,ESN700034,2022-02-22,2023-04-24,CENTER,NEW,ACTIVE
INV0001761,CSN901761,CMP055,N1 Speed Sensor,ESN700034,2021-08-24,2023-01-11,CENTER,NEW,ACTIVE
INV0001762,CSN901762,CMP056,N2 Speed Sensor,ESN700034,2022-12-08,2023-01-14,CENTER,NEW,ACTIVE
INV0001763,CSN901763,CMP057,Vibration Sensor,ESN700034,2022-05-14,2023-02-26,CENTER,NEW,ACTIVE
INV0001764,CSN901764,CMP058,Chip Detector,ESN700034,2022-02-03,2023-05-07,CENTER,NEW,ACTIVE
INV0001765,CSN901765,CMP059,Accessory Gearbox,ESN700034,2021-09-23,2023-02-12,CENTER,NEW,ACTIVE
INV0001766,CSN901766,CMP060,Starter,ESN700034,2022-05-29,2023-02-24,CENTER,NEW,ACTIVE
INV0001767,CSN901767,CMP061,Integrated Drive Generator (IDG) Drive Pad,ESN700034,2021-12-05,2023-05-29,CENTER,NEW,ACTIVE
INV0001768,CSN901768,CMP062,Hydraulic Pump Drive Pad,ESN700034,2021-12-28,2022-12-30,CENTER,NEW,ACTIVE
INV0001769,CSN901769,CMP001,Fan Disk,ESN700035,2022-07-11,2023-03-05,CENTER,NEW,ACTIVE
INV0001770,CSN901770,CMP002,Fan Shaft,ESN700035,2022-04-26,2022-12-31,CENTER,NEW,ACTIVE
INV0001771,CSN901771,CMP005,Fan Case,ESN700035,2021-03-12,2022-12-30,CENTER,NEW,ACTIVE
INV0001772,CSN901772,CMP006,Spinner Cone,ESN700035,2021-05-22,2023-04-26,CENTER,NEW,ACTIVE
INV0001773,CSN901773,CMP007,Booster Rotor,ESN700035,2021-03-28,2023-03-14,CENTER,NEW,ACTIVE
INV0001774,CSN901774,CMP009,Booster Stator Assembly,ESN700035,2021-04-22,2023-06-23,CENTER,NEW,ACTIVE
INV0001775,CSN901775,CMP010,Booster Case,ESN700035,2021-11-28,2023-01-18,CENTER,NEW,ACTIVE
INV0001776,CSN901776,CMP011,HPC Stage 1 Disk,ESN700035,2022-02-03,2022-12-31,STAGE1,NEW,ACTIVE
INV0001777,CSN901777,CMP012,HPC Stage 2 Disk,ESN700035,2022-03-09,2022-12-30,STAGE2,NEW,ACTIVE
INV0001778,CSN901778,CMP013,HPC Stage 3 Disk,ESN700035,2022-12-09,2023-01-27,STAGE3,NEW,ACTIVE
INV0001779,CSN901779,CMP014,HPC Stage 4 Disk,ESN700035,2021-06-05,2023-06-22,STAGE4,NEW,ACTIVE
INV0001780,CSN901780,CMP015,HPC Stage 5 Disk,ESN700035,2022-08-07,2023-04-12,STAGE5,NEW,ACTIVE
INV0001781,CSN901781,CMP016,HPC Rotor Shaft,ESN700035,2021-03-18,2023-01-18,CENTER,NEW,ACTIVE
INV0001782,CSN901782,CMP018,Variable Stator Vane Assembly,ESN700035,2022-01-26,2023-02-04,CENTER,NEW,ACTIVE
INV0001783,CSN901783,CMP019,HPC Case,ESN700035,2021-03-30,2023-03-24,CENTER,NEW,ACTIVE
INV0001784,CSN901784,CMP020,Combustor Liner,ESN700035,2022-09-29,2023-03-22,CENTER,NEW,ACTIVE
INV0001785,CSN901785,CMP022,Dome Assembly,ESN700035,2021-08-03,2023-03-29,CENTER,NEW,ACTIVE
INV0001786,CSN901786,CMP024,HPT Stage 1 Disk,ESN700035,2022-06-27,2023-06-19,STAGE1,NEW,ACTIVE
INV0001787,CSN901787,CMP025,HPT Stage 2 Disk,ESN700035,2021-02-08,2023-04-25,STAGE2,NEW,ACTIVE
INV0001788,CSN901788,CMP028,HPT Shroud,ESN700035,2021-08-07,2023-04-04,CENTER,NEW,ACTIVE
INV0001789,CSN901789,CMP029,LPT Shaft,ESN700035,2021-03-11,2023-04-10,CENTER,NEW,ACTIVE
INV0001790,CSN901790,CMP030,LPT Stage 1 Disk,ESN700035,2022-07-28,2023-06-14,STAGE1,NEW,ACTIVE
INV0001791,CSN901791,CMP031,LPT Stage 2 Disk,ESN700035,2021-11-08,2023-05-24,STAGE2,NEW,ACTIVE
INV0001792,CSN901792,CMP034,Turbine Rear Frame,ESN700035,2022-03-14,2023-04-30,CENTER,NEW,ACTIVE
INV0001793,CSN901793,CMP035,Fuel Pump,ESN700035,2021-03-31,2023-05-31,CENTER,NEW,ACTIVE
INV0001794,CSN901794,CMP036,Hydromechanical Unit (HMU),ESN700035,2022-06-30,2023-03-26,CENTER,NEW,ACTIVE
INV0001795,CSN901795,CMP037,Fuel Filter,ESN700035,2022-06-02,2023-03-30,CENTER,NEW,ACTIVE
INV0001796,CSN901796,CMP038,Fuel Shutoff Valve,ESN700035,2022-01-07,2023-04-25,CENTER,NEW,ACTIVE
INV0001797,CSN901797,CMP039,Fuel Manifold,ESN700035,2022-08-18,2023-01-03,CENTER,NEW,ACTIVE
INV0001798,CSN901798,CMP040,Ignition Exciter,ESN700035,2021-05-11,2023-06-11,CENTER,NEW,ACTIVE
INV0001799,CSN901799,CMP041,Igniter Plug A,ESN700035,2022-12-23,2023-03-15,A,NEW,ACTIVE
INV0001800,CSN901800,CMP042,Igniter Plug B,ESN700035,2021-05-04,2023-04-17,B,NEW,ACTIVE
INV0001801,CSN901801,CMP043,Variable Bleed Valve (VBV),ESN700035,2022-01-23,2023-04-18,CENTER,NEW,ACTIVE
INV0001802,CSN901802,CMP044,VBV Actuator,ESN700035,2022-03-25,2023-02-18,CENTER,NEW,ACTIVE
INV0001803,CSN901803,CMP045,High Stage Bleed Valve,ESN700035,2021-07-14,2023-02-16,CENTER,NEW,ACTIVE
INV0001804,CSN901804,CMP046,Start Valve,ESN700035,2022-11-29,2023-03-04,CENTER,NEW,ACTIVE
INV0001805,CSN901805,CMP047,Exhaust Nozzle,ESN700035,2021-08-03,2023-04-15,CENTER,NEW,ACTIVE
INV0001806,CSN901806,CMP048,Exhaust Mixer,ESN700035,2022-01-17,2023-05-30,CENTER,NEW,ACTIVE
INV0001807,CSN901807,CMP049,Oil Pump,ESN700035,2021-05-29,2023-02-09,CENTER,NEW,ACTIVE
INV0001808,CSN901808,CMP050,Scavenge Pump,ESN700035,2022-12-13,2023-01-18,CENTER,NEW,ACTIVE
INV0001809,CSN901809,CMP051,Oil Filter,ESN700035,2021-10-01,2023-06-09,CENTER,NEW,ACTIVE
INV0001810,CSN901810,CMP052,Oil Pressure Transmitter,ESN700035,2022-11-01,2023-06-12,CENTER,NEW,ACTIVE
INV0001811,CSN901811,CMP053,Oil Temperature Sensor,ESN700035,2021-08-14,2023-03-10,CENTER,NEW,ACTIVE
INV0001812,CSN901812,CMP054,EGT Thermocouple Harness,ESN700035,2021-05-19,2023-03-27,CENTER,NEW,ACTIVE
INV0001813,CSN901813,CMP055,N1 Speed Sensor,ESN700035,2021-07-17,2023-02-06,CENTER,NEW,ACTIVE
INV0001814,CSN901814,CMP056,N2 Speed Sensor,ESN700035,2022-07-30,2023-03-16,CENTER,NEW,ACTIVE
INV0001815,CSN901815,CMP057,Vibration Sensor,ESN700035,2021-06-11,2023-06-15,CENTER,NEW,ACTIVE
INV0001816,CSN901816,CMP058,Chip Detector,ESN700035,2021-08-01,2023-03-13,CENTER,NEW,ACTIVE
INV0001817,CSN901817,CMP059,Accessory Gearbox,ESN700035,2021-02-11,2023-03-28,CENTER,NEW,ACTIVE
INV0001818,CSN901818,CMP060,Starter,ESN700035,2022-01-04,2023-06-27,CENTER,NEW,ACTIVE
INV0001819,CSN901819,CMP061,Integrated Drive Generator (IDG) Drive Pad,ESN700035,2021-09-21,2023-06-15,CENTER,NEW,ACTIVE
INV0001820,CSN901820,CMP062,Hydraulic Pump Drive Pad,ESN700035,2022-03-25,2023-05-20,CENTER,NEW,ACTIVE
INV0001821,CSN901821,CMP001,Fan Disk,ESN700036,2021-04-20,2023-01-08,CENTER,NEW,ACTIVE
INV0001822,CSN901822,CMP002,Fan Shaft,ESN700036,2022-12-10,2023-03-07,CENTER,NEW,ACTIVE
INV0001823,CSN901823,CMP005,Fan Case,ESN700036,2022-02-01,2023-05-31,CENTER,NEW,ACTIVE
INV0001824,CSN901824,CMP006,Spinner Cone,ESN700036,2022-03-08,2023-05-15,CENTER,NEW,ACTIVE
INV0001825,CSN901825,CMP007,Booster Rotor,ESN700036,2022-04-10,2023-02-15,CENTER,NEW,ACTIVE
INV0001826,CSN901826,CMP009,Booster Stator Assembly,ESN700036,2021-12-06,2023-01-15,CENTER,NEW,ACTIVE
INV0001827,CSN901827,CMP010,Booster Case,ESN700036,2021-10-03,2023-04-16,CENTER,NEW,ACTIVE
INV0001828,CSN901828,CMP011,HPC Stage 1 Disk,ESN700036,2021-08-30,2023-06-15,STAGE1,NEW,ACTIVE
INV0001829,CSN901829,CMP012,HPC Stage 2 Disk,ESN700036,2022-08-26,2023-05-30,STAGE2,NEW,ACTIVE
INV0001830,CSN901830,CMP013,HPC Stage 3 Disk,ESN700036,2021-06-11,2023-06-19,STAGE3,NEW,ACTIVE
INV0001831,CSN901831,CMP014,HPC Stage 4 Disk,ESN700036,2022-12-01,2023-02-25,STAGE4,NEW,ACTIVE
INV0001832,CSN901832,CMP015,HPC Stage 5 Disk,ESN700036,2022-05-10,2023-06-28,STAGE5,NEW,ACTIVE
INV0001833,CSN901833,CMP016,HPC Rotor Shaft,ESN700036,2022-04-22,2023-05-18,CENTER,NEW,ACTIVE
INV0001834,CSN901834,CMP018,Variable Stator Vane Assembly,ESN700036,2021-06-11,2023-02-18,CENTER,NEW,ACTIVE
INV0001835,CSN901835,CMP019,HPC Case,ESN700036,2021-07-28,2023-04-17,CENTER,NEW,ACTIVE
INV0001836,CSN901836,CMP020,Combustor Liner,ESN700036,2021-08-23,2023-05-30,CENTER,NEW,ACTIVE
INV0001837,CSN901837,CMP022,Dome Assembly,ESN700036,2021-01-21,2023-02-21,CENTER,NEW,ACTIVE
INV0001838,CSN901838,CMP024,HPT Stage 1 Disk,ESN700036,2021-08-10,2023-04-05,STAGE1,NEW,ACTIVE
INV0001839,CSN901839,CMP025,HPT Stage 2 Disk,ESN700036,2021-04-25,2023-03-14,STAGE2,NEW,ACTIVE
INV0001840,CSN901840,CMP028,HPT Shroud,ESN700036,2022-07-26,2023-01-05,CENTER,NEW,ACTIVE
INV0001841,CSN901841,CMP029,LPT Shaft,ESN700036,2021-08-18,2023-05-31,CENTER,NEW,ACTIVE
INV0001842,CSN901842,CMP030,LPT Stage 1 Disk,ESN700036,2022-02-22,2023-04-07,STAGE1,NEW,ACTIVE
INV0001843,CSN901843,CMP031,LPT Stage 2 Disk,ESN700036,2022-05-12,2023-04-24,STAGE2,NEW,ACTIVE
INV0001844,CSN901844,CMP034,Turbine Rear Frame,ESN700036,2021-01-25,2023-01-21,CENTER,NEW,ACTIVE
INV0001845,CSN901845,CMP035,Fuel Pump,ESN700036,2021-07-21,2023-01-16,CENTER,NEW,ACTIVE
INV0001846,CSN901846,CMP036,Hydromechanical Unit (HMU),ESN700036,2022-01-31,2023-05-30,CENTER,NEW,ACTIVE
INV0001847,CSN901847,CMP037,Fuel Filter,ESN700036,2022-07-04,2023-01-22,CENTER,NEW,ACTIVE
INV0001848,CSN901848,CMP038,Fuel Shutoff Valve,ESN700036,2022-01-21,2023-01-17,CENTER,NEW,ACTIVE
INV0001849,CSN901849,CMP039,Fuel Manifold,ESN700036,2021-01-18,2023-06-24,CENTER,NEW,ACTIVE
INV0001850,CSN901850,CMP040,Ignition Exciter,ESN700036,2021-10-19,2023-02-08,CENTER,NEW,ACTIVE
INV0001851,CSN901851,CMP041,Igniter Plug A,ESN700036,2021-02-02,2023-06-13,A,NEW,ACTIVE
INV0001852,CSN901852,CMP042,Igniter Plug B,ESN700036,2022-11-21,2023-06-09,B,NEW,ACTIVE
INV0001853,CSN901853,CMP043,Variable Bleed Valve (VBV),ESN700036,2021-03-19,2023-02-28,CENTER,NEW,ACTIVE
INV0001854,CSN901854,CMP044,VBV Actuator,ESN700036,2021-10-24,2023-01-05,CENTER,NEW,ACTIVE
INV0001855,CSN901855,CMP045,High Stage Bleed Valve,ESN700036,2021-05-09,2023-03-09,CENTER,NEW,ACTIVE
INV0001856,CSN901856,CMP046,Start Valve,ESN700036,2022-05-09,2023-02-21,CENTER,NEW,ACTIVE
INV0001857,CSN901857,CMP047,Exhaust Nozzle,ESN700036,2022-05-23,2023-05-30,CENTER,NEW,ACTIVE
INV0001858,CSN901858,CMP048,Exhaust Mixer,ESN700036,2021-01-19,2023-04-12,CENTER,NEW,ACTIVE
INV0001859,CSN901859,CMP049,Oil Pump,ESN700036,2022-11-24,2023-06-01,CENTER,NEW,ACTIVE
INV0001860,CSN901860,CMP050,Scavenge Pump,ESN700036,2022-06-11,2023-01-25,CENTER,NEW,ACTIVE
INV0001861,CSN901861,CMP051,Oil Filter,ESN700036,2021-04-11,2023-03-10,CENTER,NEW,ACTIVE
INV0001862,CSN901862,CMP052,Oil Pressure Transmitter,ESN700036,2022-03-09,2023-03-20,CENTER,NEW,ACTIVE
INV0001863,CSN901863,CMP053,Oil Temperature Sensor,ESN700036,2022-11-09,2023-05-22,CENTER,NEW,ACTIVE
INV0001864,CSN901864,CMP054,EGT Thermocouple Harness,ESN700036,2022-03-23,2023-03-09,CENTER,NEW,ACTIVE
INV0001865,CSN901865,CMP055,N1 Speed Sensor,ESN700036,2022-07-02,2023-02-02,CENTER,NEW,ACTIVE
INV0001866,CSN901866,CMP056,N2 Speed Sensor,ESN700036,2022-03-24,2023-06-04,CENTER,NEW,ACTIVE
INV0001867,CSN901867,CMP057,Vibration Sensor,ESN700036,2022-06-22,2023-03-09,CENTER,NEW,ACTIVE
INV0001868,CSN901868,CMP058,Chip Detector,ESN700036,2022-09-11,2023-05-09,CENTER,NEW,ACTIVE
INV0001869,CSN901869,CMP059,Accessory Gearbox,ESN700036,2022-11-08,2023-02-07,CENTER,NEW,ACTIVE
INV0001870,CSN901870,CMP060,Starter,ESN700036,2021-07-04,2023-06-27,CENTER,NEW,ACTIVE
INV0001871,CSN901871,CMP061,Integrated Drive Generator (IDG) Drive Pad,ESN700036,2022-11-16,2023-03-26,CENTER,NEW,ACTIVE
INV0001872,CSN901872,CMP062,Hydraulic Pump Drive Pad,ESN700036,2022-12-09,2023-06-22,CENTER,NEW,ACTIVE
INV0001873,CSN901873,CMP001,Fan Disk,ESN700037,2022-10-11,2023-05-24,CENTER,NEW,ACTIVE
INV0001874,CSN901874,CMP002,Fan Shaft,ESN700037,2022-01-07,2023-02-08,CENTER,NEW,ACTIVE
INV0001875,CSN901875,CMP005,Fan Case,ESN700037,2021-11-04,2023-04-28,CENTER,NEW,ACTIVE
INV0001876,CSN901876,CMP006,Spinner Cone,ESN700037,2022-09-03,2023-05-03,CENTER,NEW,ACTIVE
INV0001877,CSN901877,CMP007,Booster Rotor,ESN700037,2021-08-28,2023-01-14,CENTER,NEW,ACTIVE
INV0001878,CSN901878,CMP009,Booster Stator Assembly,ESN700037,2021-07-26,2023-02-27,CENTER,NEW,ACTIVE
INV0001879,CSN901879,CMP010,Booster Case,ESN700037,2022-04-21,2023-04-03,CENTER,NEW,ACTIVE
INV0001880,CSN901880,CMP011,HPC Stage 1 Disk,ESN700037,2021-09-22,2023-06-14,STAGE1,NEW,ACTIVE
INV0001881,CSN901881,CMP012,HPC Stage 2 Disk,ESN700037,2021-03-29,2023-01-23,STAGE2,NEW,ACTIVE
INV0001882,CSN901882,CMP013,HPC Stage 3 Disk,ESN700037,2022-02-01,2023-02-17,STAGE3,NEW,ACTIVE
INV0001883,CSN901883,CMP014,HPC Stage 4 Disk,ESN700037,2021-04-10,2023-01-22,STAGE4,NEW,ACTIVE
INV0001884,CSN901884,CMP015,HPC Stage 5 Disk,ESN700037,2021-11-15,2023-06-26,STAGE5,NEW,ACTIVE
INV0001885,CSN901885,CMP016,HPC Rotor Shaft,ESN700037,2022-08-26,2022-12-31,CENTER,NEW,ACTIVE
INV0001886,CSN901886,CMP018,Variable Stator Vane Assembly,ESN700037,2021-02-05,2023-06-21,CENTER,NEW,ACTIVE
INV0001887,CSN901887,CMP019,HPC Case,ESN700037,2021-07-11,2023-03-12,CENTER,NEW,ACTIVE
INV0001888,CSN901888,CMP020,Combustor Liner,ESN700037,2022-12-09,2023-06-09,CENTER,NEW,ACTIVE
INV0001889,CSN901889,CMP022,Dome Assembly,ESN700037,2021-02-21,2023-05-30,CENTER,NEW,ACTIVE
INV0001890,CSN901890,CMP024,HPT Stage 1 Disk,ESN700037,2021-01-12,2023-04-24,STAGE1,NEW,ACTIVE
INV0001891,CSN901891,CMP025,HPT Stage 2 Disk,ESN700037,2021-01-20,2023-04-13,STAGE2,NEW,ACTIVE
INV0001892,CSN901892,CMP028,HPT Shroud,ESN700037,2022-11-04,2023-04-07,CENTER,NEW,ACTIVE
INV0001893,CSN901893,CMP029,LPT Shaft,ESN700037,2022-06-25,2023-04-10,CENTER,NEW,ACTIVE
INV0001894,CSN901894,CMP030,LPT Stage 1 Disk,ESN700037,2022-11-26,2023-02-11,STAGE1,NEW,ACTIVE
INV0001895,CSN901895,CMP031,LPT Stage 2 Disk,ESN700037,2021-11-28,2023-01-24,STAGE2,NEW,ACTIVE
INV0001896,CSN901896,CMP034,Turbine Rear Frame,ESN700037,2021-05-25,2023-02-28,CENTER,NEW,ACTIVE
INV0001897,CSN901897,CMP035,Fuel Pump,ESN700037,2021-07-27,2023-01-07,CENTER,NEW,ACTIVE
INV0001898,CSN901898,CMP036,Hydromechanical Unit (HMU),ESN700037,2021-08-30,2023-02-15,CENTER,NEW,ACTIVE
INV0001899,CSN901899,CMP037,Fuel Filter,ESN700037,2022-12-25,2023-04-02,CENTER,NEW,ACTIVE
INV0001900,CSN901900,CMP038,Fuel Shutoff Valve,ESN700037,2022-03-27,2023-06-23,CENTER,NEW,ACTIVE
INV0001901,CSN901901,CMP039,Fuel Manifold,ESN700037,2021-12-24,2023-03-15,CENTER,NEW,ACTIVE
INV0001902,CSN901902,CMP040,Ignition Exciter,ESN700037,2022-01-05,2023-01-13,CENTER,NEW,ACTIVE
INV0001903,CSN901903,CMP041,Igniter Plug A,ESN700037,2022-05-01,2023-01-23,A,NEW,ACTIVE
INV0001904,CSN901904,CMP042,Igniter Plug B,ESN700037,2021-12-06,2023-02-01,B,NEW,ACTIVE
INV0001905,CSN901905,CMP043,Variable Bleed Valve (VBV),ESN700037,2022-02-21,2023-03-26,CENTER,NEW,ACTIVE
INV0001906,CSN901906,CMP044,VBV Actuator,ESN700037,2022-08-30,2023-02-01,CENTER,NEW,ACTIVE
INV0001907,CSN901907,CMP045,High Stage Bleed Valve,ESN700037,2022-10-19,2023-01-19,CENTER,NEW,ACTIVE
INV0001908,CSN901908,CMP046,Start Valve,ESN700037,2021-01-17,2023-05-06,CENTER,NEW,ACTIVE
INV0001909,CSN901909,CMP047,Exhaust Nozzle,ESN700037,2022-07-05,2023-01-28,CENTER,NEW,ACTIVE
INV0001910,CSN901910,CMP048,Exhaust Mixer,ESN700037,2022-09-04,2023-04-08,CENTER,NEW,ACTIVE
INV0001911,CSN901911,CMP049,Oil Pump,ESN700037,2021-11-13,2023-05-26,CENTER,NEW,ACTIVE
INV0001912,CSN901912,CMP050,Scavenge Pump,ESN700037,2021-06-29,2023-03-24,CENTER,NEW,ACTIVE
INV0001913,CSN901913,CMP051,Oil Filter,ESN700037,2021-08-28,2023-02-03,CENTER,NEW,ACTIVE
INV0001914,CSN901914,CMP052,Oil Pressure Transmitter,ESN700037,2022-07-26,2023-01-02,CENTER,NEW,ACTIVE
INV0001915,CSN901915,CMP053,Oil Temperature Sensor,ESN700037,2021-11-12,2023-04-09,CENTER,NEW,ACTIVE
INV0001916,CSN901916,CMP054,EGT Thermocouple Harness,ESN700037,2022-01-12,2023-01-26,CENTER,NEW,ACTIVE
INV0001917,CSN901917,CMP055,N1 Speed Sensor,ESN700037,2022-01-16,2023-05-13,CENTER,NEW,ACTIVE
INV0001918,CSN901918,CMP056,N2 Speed Sensor,ESN700037,2021-04-19,2023-01-06,CENTER,NEW,ACTIVE
INV0001919,CSN901919,CMP057,Vibration Sensor,ESN700037,2022-08-18,2023-01-16,CENTER,NEW,ACTIVE
INV0001920,CSN901920,CMP058,Chip Detector,ESN700037,2022-10-24,2023-02-04,CENTER,NEW,ACTIVE
INV0001921,CSN901921,CMP059,Accessory Gearbox,ESN700037,2021-10-29,2023-06-25,CENTER,NEW,ACTIVE
INV0001922,CSN901922,CMP060,Starter,ESN700037,2022-01-16,2023-06-01,CENTER,NEW,ACTIVE
INV0001923,CSN901923,CMP061,Integrated Drive Generator (IDG) Drive Pad,ESN700037,2022-11-23,2023-05-12,CENTER,NEW,ACTIVE
INV0001924,CSN901924,CMP062,Hydraulic Pump Drive Pad,ESN700037,2022-02-17,2023-05-14,CENTER,NEW,ACTIVE
INV0001925,CSN901925,CMP001,Fan Disk,ESN700038,2022-12-14,2023-03-24,CENTER,NEW,ACTIVE
INV0001926,CSN901926,CMP002,Fan Shaft,ESN700038,2021-10-17,2023-04-17,CENTER,NEW,ACTIVE
INV0001927,CSN901927,CMP005,Fan Case,ESN700038,2021-12-30,2023-03-23,CENTER,NEW,ACTIVE
INV0001928,CSN901928,CMP006,Spinner Cone,ESN700038,2022-05-24,2023-02-22,CENTER,NEW,ACTIVE
INV0001929,CSN901929,CMP007,Booster Rotor,ESN700038,2022-01-01,2023-01-24,CENTER,NEW,ACTIVE
INV0001930,CSN901930,CMP009,Booster Stator Assembly,ESN700038,2021-08-27,2023-05-04,CENTER,NEW,ACTIVE
INV0001931,CSN901931,CMP010,Booster Case,ESN700038,2021-10-29,2023-01-03,CENTER,NEW,ACTIVE
INV0001932,CSN901932,CMP011,HPC Stage 1 Disk,ESN700038,2022-06-16,2023-05-05,STAGE1,NEW,ACTIVE
INV0001933,CSN901933,CMP012,HPC Stage 2 Disk,ESN700038,2021-12-01,2023-04-29,STAGE2,NEW,ACTIVE
INV0001934,CSN901934,CMP013,HPC Stage 3 Disk,ESN700038,2022-11-24,2023-05-01,STAGE3,NEW,ACTIVE
INV0001935,CSN901935,CMP014,HPC Stage 4 Disk,ESN700038,2022-04-07,2023-02-12,STAGE4,NEW,ACTIVE
INV0001936,CSN901936,CMP015,HPC Stage 5 Disk,ESN700038,2022-05-16,2023-03-01,STAGE5,NEW,ACTIVE
INV0001937,CSN901937,CMP016,HPC Rotor Shaft,ESN700038,2022-09-01,2023-06-27,CENTER,NEW,ACTIVE
INV0001938,CSN901938,CMP018,Variable Stator Vane Assembly,ESN700038,2022-02-25,2023-06-10,CENTER,NEW,ACTIVE
INV0001939,CSN901939,CMP019,HPC Case,ESN700038,2022-03-04,2022-12-31,CENTER,NEW,ACTIVE
INV0001940,CSN901940,CMP020,Combustor Liner,ESN700038,2022-07-11,2023-06-04,CENTER,NEW,ACTIVE
INV0001941,CSN901941,CMP022,Dome Assembly,ESN700038,2021-12-29,2023-06-04,CENTER,NEW,ACTIVE
INV0001942,CSN901942,CMP024,HPT Stage 1 Disk,ESN700038,2022-01-01,2023-06-04,STAGE1,NEW,ACTIVE
INV0001943,CSN901943,CMP025,HPT Stage 2 Disk,ESN700038,2021-01-10,2023-04-01,STAGE2,NEW,ACTIVE
INV0001944,CSN901944,CMP028,HPT Shroud,ESN700038,2022-11-14,2023-06-02,CENTER,NEW,ACTIVE
INV0001945,CSN901945,CMP029,LPT Shaft,ESN700038,2021-01-20,2023-04-19,CENTER,NEW,ACTIVE
INV0001946,CSN901946,CMP030,LPT Stage 1 Disk,ESN700038,2021-10-26,2023-02-19,STAGE1,NEW,ACTIVE
INV0001947,CSN901947,CMP031,LPT Stage 2 Disk,ESN700038,2021-09-01,2023-06-28,STAGE2,NEW,ACTIVE
INV0001948,CSN901948,CMP034,Turbine Rear Frame,ESN700038,2021-11-19,2023-05-22,CENTER,NEW,ACTIVE
INV0001949,CSN901949,CMP035,Fuel Pump,ESN700038,2021-11-10,2023-01-28,CENTER,NEW,ACTIVE
INV0001950,CSN901950,CMP036,Hydromechanical Unit (HMU),ESN700038,2021-08-24,2023-05-19,CENTER,NEW,ACTIVE
INV0001951,CSN901951,CMP037,Fuel Filter,ESN700038,2021-12-08,2023-03-04,CENTER,NEW,ACTIVE
INV0001952,CSN901952,CMP038,Fuel Shutoff Valve,ESN700038,2021-06-27,2023-06-24,CENTER,NEW,ACTIVE
INV0001953,CSN901953,CMP039,Fuel Manifold,ESN700038,2021-04-24,2023-02-10,CENTER,NEW,ACTIVE
INV0001954,CSN901954,CMP040,Ignition Exciter,ESN700038,2021-08-15,2023-04-22,CENTER,NEW,ACTIVE
INV0001955,CSN901955,CMP041,Igniter Plug A,ESN700038,2021-09-09,2023-03-13,A,NEW,ACTIVE
INV0001956,CSN901956,CMP042,Igniter Plug B,ESN700038,2022-01-01,2023-06-10,B,NEW,ACTIVE
INV0001957,CSN901957,CMP043,Variable Bleed Valve (VBV),ESN700038,2021-04-28,2023-06-21,CENTER,NEW,ACTIVE
INV0001958,CSN901958,CMP044,VBV Actuator,ESN700038,2022-06-13,2023-03-11,CENTER,NEW,ACTIVE
INV0001959,CSN901959,CMP045,High Stage Bleed Valve,ESN700038,2022-11-02,2023-03-01,CENTER,NEW,ACTIVE
INV0001960,CSN901960,CMP046,Start Valve,ESN700038,2022-02-13,2023-01-21,CENTER,NEW,ACTIVE
INV0001961,CSN901961,CMP047,Exhaust Nozzle,ESN700038,2021-01-27,2023-06-18,CENTER,NEW,ACTIVE
INV0001962,CSN901962,CMP048,Exhaust Mixer,ESN700038,2022-02-09,2023-06-26,CENTER,NEW,ACTIVE
INV0001963,CSN901963,CMP049,Oil Pump,ESN700038,2022-10-21,2023-04-05,CENTER,NEW,ACTIVE
INV0001964,CSN901964,CMP050,Scavenge Pump,ESN700038,2021-10-02,2023-03-31,CENTER,NEW,ACTIVE
INV0001965,CSN901965,CMP051,Oil Filter,ESN700038,2022-07-02,2023-01-16,CENTER,NEW,ACTIVE
INV0001966,CSN901966,CMP052,Oil Pressure Transmitter,ESN700038,2021-05-17,2023-05-21,CENTER,NEW,ACTIVE
INV0001967,CSN901967,CMP053,Oil Temperature Sensor,ESN700038,2022-09-13,2023-04-18,CENTER,NEW,ACTIVE
INV0001968,CSN901968,CMP054,EGT Thermocouple Harness,ESN700038,2022-04-25,2023-05-01,CENTER,NEW,ACTIVE
INV0001969,CSN901969,CMP055,N1 Speed Sensor,ESN700038,2022-06-12,2023-04-17,CENTER,NEW,ACTIVE
INV0001970,CSN901970,CMP056,N2 Speed Sensor,ESN700038,2021-09-17,2023-03-20,CENTER,NEW,ACTIVE
INV0001971,CSN901971,CMP057,Vibration Sensor,ESN700038,2021-04-09,2023-03-11,CENTER,NEW,ACTIVE
INV0001972,CSN901972,CMP058,Chip Detector,ESN700038,2022-04-07,2023-02-25,CENTER,NEW,ACTIVE
INV0001973,CSN901973,CMP059,Accessory Gearbox,ESN700038,2022-10-23,2023-06-27,CENTER,NEW,ACTIVE
INV0001974,CSN901974,CMP060,Starter,ESN700038,2022-11-19,2023-06-16,CENTER,NEW,ACTIVE
INV0001975,CSN901975,CMP061,Integrated Drive Generator (IDG) Drive Pad,ESN700038,2022-12-04,2023-06-16,CENTER,NEW,ACTIVE
INV0001976,CSN901976,CMP062,Hydraulic Pump Drive Pad,ESN700038,2021-06-12,2023-04-14,CENTER,NEW,ACTIVE
INV0001977,CSN901977,CMP001,Fan Disk,ESN700039,2022-09-18,2023-06-27,CENTER,NEW,ACTIVE
INV0001978,CSN901978,CMP002,Fan Shaft,ESN700039,2022-06-14,2023-02-13,CENTER,NEW,ACTIVE
INV0001979,CSN901979,CMP005,Fan Case,ESN700039,2021-10-12,2023-02-05,CENTER,NEW,ACTIVE
INV0001980,CSN901980,CMP006,Spinner Cone,ESN700039,2021-04-09,2023-03-14,CENTER,NEW,ACTIVE
INV0001981,CSN901981,CMP007,Booster Rotor,ESN700039,2021-01-30,2023-05-11,CENTER,NEW,ACTIVE
INV0001982,CSN901982,CMP009,Booster Stator Assembly,ESN700039,2022-03-20,2023-03-03,CENTER,NEW,ACTIVE
INV0001983,CSN901983,CMP010,Booster Case,ESN700039,2022-03-31,2023-01-04,CENTER,NEW,ACTIVE
INV0001984,CSN901984,CMP011,HPC Stage 1 Disk,ESN700039,2021-06-02,2023-06-14,STAGE1,NEW,ACTIVE
INV0001985,CSN901985,CMP012,HPC Stage 2 Disk,ESN700039,2022-03-01,2023-03-16,STAGE2,NEW,ACTIVE
INV0001986,CSN901986,CMP013,HPC Stage 3 Disk,ESN700039,2022-04-22,2023-02-24,STAGE3,NEW,ACTIVE
INV0001987,CSN901987,CMP014,HPC Stage 4 Disk,ESN700039,2022-01-07,2023-03-31,STAGE4,NEW,ACTIVE
INV0001988,CSN901988,CMP015,HPC Stage 5 Disk,ESN700039,2022-10-21,2023-06-03,STAGE5,NEW,ACTIVE
INV0001989,CSN901989,CMP016,HPC Rotor Shaft,ESN700039,2022-09-10,2023-03-31,CENTER,NEW,ACTIVE
INV0001990,CSN901990,CMP018,Variable Stator Vane Assembly,ESN700039,2022-11-09,2023-02-06,CENTER,NEW,ACTIVE
INV0001991,CSN901991,CMP019,HPC Case,ESN700039,2022-04-23,2023-01-20,CENTER,NEW,ACTIVE
INV0001992,CSN901992,CMP020,Combustor Liner,ESN700039,2022-09-25,2023-03-27,CENTER,NEW,ACTIVE
INV0001993,CSN901993,CMP022,Dome Assembly,ESN700039,2021-11-16,2023-04-30,CENTER,NEW,ACTIVE
INV0001994,CSN901994,CMP024,HPT Stage 1 Disk,ESN700039,2022-02-22,2023-06-14,STAGE1,NEW,ACTIVE
INV0001995,CSN901995,CMP025,HPT Stage 2 Disk,ESN700039,2022-12-23,2023-02-22,STAGE2,NEW,ACTIVE
INV0001996,CSN901996,CMP028,HPT Shroud,ESN700039,2022-02-03,2022-12-30,CENTER,NEW,ACTIVE
INV0001997,CSN901997,CMP029,LPT Shaft,ESN700039,2021-04-02,2023-02-17,CENTER,NEW,ACTIVE
INV0001998,CSN901998,CMP030,LPT Stage 1 Disk,ESN700039,2022-08-13,2022-12-30,STAGE1,NEW,ACTIVE
INV0001999,CSN901999,CMP031,LPT Stage 2 Disk,ESN700039,2021-10-24,2023-06-07,STAGE2,NEW,ACTIVE
INV0002000,CSN902000,CMP034,Turbine Rear Frame,ESN700039,2021-09-12,2023-05-08,CENTER,NEW,ACTIVE
INV0002001,CSN902001,CMP035,Fuel Pump,ESN700039,2021-12-27,2023-06-04,CENTER,NEW,ACTIVE
INV0002002,CSN902002,CMP036,Hydromechanical Unit (HMU),ESN700039,2022-10-14,2023-04-23,CENTER,NEW,ACTIVE
INV0002003,CSN902003,CMP037,Fuel Filter,ESN700039,2021-08-24,2023-03-20,CENTER,NEW,ACTIVE
INV0002004,CSN902004,CMP038,Fuel Shutoff Valve,ESN700039,2022-01-03,2023-05-12,CENTER,NEW,ACTIVE
INV0002005,CSN902005,CMP039,Fuel Manifold,ESN700039,2022-11-01,2023-06-09,CENTER,NEW,ACTIVE
INV0002006,CSN902006,CMP040,Ignition Exciter,ESN700039,2022-04-28,2023-05-05,CENTER,NEW,ACTIVE
INV0002007,CSN902007,CMP041,Igniter Plug A,ESN700039,2022-05-19,2023-06-11,A,NEW,ACTIVE
INV0002008,CSN902008,CMP042,Igniter Plug B,ESN700039,2022-03-03,2023-04-04,B,NEW,ACTIVE
INV0002009,CSN902009,CMP043,Variable Bleed Valve (VBV),ESN700039,2022-03-14,2023-02-01,CENTER,NEW,ACTIVE
INV0002010,CSN902010,CMP044,VBV Actuator,ESN700039,2021-08-05,2023-01-22,CENTER,NEW,ACTIVE
INV0002011,CSN902011,CMP045,High Stage Bleed Valve,ESN700039,2021-08-12,2023-06-18,CENTER,NEW,ACTIVE
INV0002012,CSN902012,CMP046,Start Valve,ESN700039,2021-02-23,2023-01-16,CENTER,NEW,ACTIVE
INV0002013,CSN902013,CMP047,Exhaust Nozzle,ESN700039,2021-04-29,2023-06-24,CENTER,NEW,ACTIVE
INV0002014,CSN902014,CMP048,Exhaust Mixer,ESN700039,2021-08-10,2023-02-27,CENTER,NEW,ACTIVE
INV0002015,CSN902015,CMP049,Oil Pump,ESN700039,2022-01-14,2023-02-13,CENTER,NEW,ACTIVE
INV0002016,CSN902016,CMP050,Scavenge Pump,ESN700039,2021-09-30,2023-06-05,CENTER,NEW,ACTIVE
INV0002017,CSN902017,CMP051,Oil Filter,ESN700039,2022-02-09,2023-06-07,CENTER,NEW,ACTIVE
INV0002018,CSN902018,CMP052,Oil Pressure Transmitter,ESN700039,2022-06-20,2023-06-26,CENTER,NEW,ACTIVE
INV0002019,CSN902019,CMP053,Oil Temperature Sensor,ESN700039,2021-12-26,2023-01-03,CENTER,NEW,ACTIVE
INV0002020,CSN902020,CMP054,EGT Thermocouple Harness,ESN700039,2021-12-09,2023-04-11,CENTER,NEW,ACTIVE
INV0002021,CSN902021,CMP055,N1 Speed Sensor,ESN700039,2022-12-16,2023-03-12,CENTER,NEW,ACTIVE
INV0002022,CSN902022,CMP056,N2 Speed Sensor,ESN700039,2021-02-08,2023-03-05,CENTER,NEW,ACTIVE
INV0002023,CSN902023,CMP057,Vibration Sensor,ESN700039,2022-03-12,2023-02-13,CENTER,NEW,ACTIVE
INV0002024,CSN902024,CMP058,Chip Detector,ESN700039,2021-05-10,2023-01-22,CENTER,NEW,ACTIVE
INV0002025,CSN902025,CMP059,Accessory Gearbox,ESN700039,2022-08-04,2023-06-20,CENTER,NEW,ACTIVE
INV0002026,CSN902026,CMP060,Starter,ESN700039,2022-05-27,2023-01-01,CENTER,NEW,ACTIVE
INV0002027,CSN902027,CMP061,Integrated Drive Generator (IDG) Drive Pad,ESN700039,2022-09-24,2023-03-25,CENTER,NEW,ACTIVE
INV0002028,CSN902028,CMP062,Hydraulic Pump Drive Pad,ESN700039,2021-03-01,2023-06-15,CENTER,NEW,ACTIVE
INV0002029,CSN902029,CMP001,Fan Disk,ESN700040,2021-10-15,2023-06-24,CENTER,NEW,ACTIVE
INV0002030,CSN902030,CMP002,Fan Shaft,ESN700040,2021-12-11,2023-03-13,CENTER,NEW,ACTIVE
INV0002031,CSN902031,CMP005,Fan Case,ESN700040,2022-01-09,2023-04-11,CENTER,NEW,ACTIVE
INV0002032,CSN902032,CMP006,Spinner Cone,ESN700040,2021-07-27,2022-12-31,CENTER,NEW,ACTIVE
INV0002033,CSN902033,CMP007,Booster Rotor,ESN700040,2021-09-02,2023-03-12,CENTER,NEW,ACTIVE
INV0002034,CSN902034,CMP009,Booster Stator Assembly,ESN700040,2021-02-11,2023-03-24,CENTER,NEW,ACTIVE
INV0002035,CSN902035,CMP010,Booster Case,ESN700040,2021-07-06,2023-02-04,CENTER,NEW,ACTIVE
INV0002036,CSN902036,CMP011,HPC Stage 1 Disk,ESN700040,2022-05-18,2022-12-30,STAGE1,NEW,ACTIVE
INV0002037,CSN902037,CMP012,HPC Stage 2 Disk,ESN700040,2021-03-23,2023-04-26,STAGE2,NEW,ACTIVE
INV0002038,CSN902038,CMP013,HPC Stage 3 Disk,ESN700040,2021-11-27,2023-04-28,STAGE3,NEW,ACTIVE
INV0002039,CSN902039,CMP014,HPC Stage 4 Disk,ESN700040,2021-01-10,2023-04-07,STAGE4,NEW,ACTIVE
INV0002040,CSN902040,CMP015,HPC Stage 5 Disk,ESN700040,2021-01-18,2023-04-11,STAGE5,NEW,ACTIVE
INV0002041,CSN902041,CMP016,HPC Rotor Shaft,ESN700040,2022-11-17,2023-02-04,CENTER,NEW,ACTIVE
INV0002042,CSN902042,CMP018,Variable Stator Vane Assembly,ESN700040,2022-05-01,2023-01-07,CENTER,NEW,ACTIVE
INV0002043,CSN902043,CMP019,HPC Case,ESN700040,2021-08-06,2023-01-28,CENTER,NEW,ACTIVE
INV0002044,CSN902044,CMP020,Combustor Liner,ESN700040,2021-08-14,2023-06-14,CENTER,NEW,ACTIVE
INV0002045,CSN902045,CMP022,Dome Assembly,ESN700040,2021-02-23,2023-04-12,CENTER,NEW,ACTIVE
INV0002046,CSN902046,CMP024,HPT Stage 1 Disk,ESN700040,2021-02-20,2023-03-24,STAGE1,NEW,ACTIVE
INV0002047,CSN902047,CMP025,HPT Stage 2 Disk,ESN700040,2022-09-09,2023-05-02,STAGE2,NEW,ACTIVE
INV0002048,CSN902048,CMP028,HPT Shroud,ESN700040,2022-10-03,2023-03-27,CENTER,NEW,ACTIVE
INV0002049,CSN902049,CMP029,LPT Shaft,ESN700040,2022-06-15,2023-03-07,CENTER,NEW,ACTIVE
INV0002050,CSN902050,CMP030,LPT Stage 1 Disk,ESN700040,2021-01-21,2023-03-04,STAGE1,NEW,ACTIVE
INV0002051,CSN902051,CMP031,LPT Stage 2 Disk,ESN700040,2022-02-21,2023-05-07,STAGE2,NEW,ACTIVE
INV0002052,CSN902052,CMP034,Turbine Rear Frame,ESN700040,2022-03-08,2023-02-12,CENTER,NEW,ACTIVE
INV0002053,CSN902053,CMP035,Fuel Pump,ESN700040,2022-09-16,2023-06-21,CENTER,NEW,ACTIVE
INV0002054,CSN902054,CMP036,Hydromechanical Unit (HMU),ESN700040,2022-03-23,2023-05-05,CENTER,NEW,ACTIVE
INV0002055,CSN902055,CMP037,Fuel Filter,ESN700040,2022-12-10,2023-06-14,CENTER,NEW,ACTIVE
INV0002056,CSN902056,CMP038,Fuel Shutoff Valve,ESN700040,2022-05-31,2023-04-30,CENTER,NEW,ACTIVE
INV0002057,CSN902057,CMP039,Fuel Manifold,ESN700040,2021-09-10,2023-01-13,CENTER,NEW,ACTIVE
INV0002058,CSN902058,CMP040,Ignition Exciter,ESN700040,2021-02-21,2023-05-04,CENTER,NEW,ACTIVE
INV0002059,CSN902059,CMP041,Igniter Plug A,ESN700040,2022-04-27,2023-04-10,A,NEW,ACTIVE
INV0002060,CSN902060,CMP042,Igniter Plug B,ESN700040,2022-11-15,2023-01-09,B,NEW,ACTIVE
INV0002061,CSN902061,CMP043,Variable Bleed Valve (VBV),ESN700040,2021-12-24,2023-03-25,CENTER,NEW,ACTIVE
INV0002062,CSN902062,CMP044,VBV Actuator,ESN700040,2021-11-20,2023-01-07,CENTER,NEW,ACTIVE
INV0002063,CSN902063,CMP045,High Stage Bleed Valve,ESN700040,2021-05-25,2023-01-23,CENTER,NEW,ACTIVE
INV0002064,CSN902064,CMP046,Start Valve,ESN700040,2021-01-03,2023-06-07,CENTER,NEW,ACTIVE
INV0002065,CSN902065,CMP047,Exhaust Nozzle,ESN700040,2022-05-27,2023-01-02,CENTER,NEW,ACTIVE
INV0002066,CSN902066,CMP048,Exhaust Mixer,ESN700040,2021-08-09,2023-02-05,CENTER,NEW,ACTIVE
INV0002067,CSN902067,CMP049,Oil Pump,ESN700040,2022-03-02,2023-04-07,CENTER,NEW,ACTIVE
INV0002068,CSN902068,CMP050,Scavenge Pump,ESN700040,2021-03-02,2023-04-11,CENTER,NEW,ACTIVE
INV0002069,CSN902069,CMP051,Oil Filter,ESN700040,2021-12-12,2023-03-19,CENTER,NEW,ACTIVE
INV0002070,CSN902070,CMP052,Oil Pressure Transmitter,ESN700040,2022-07-05,2023-03-12,CENTER,NEW,ACTIVE
INV0002071,CSN902071,CMP053,Oil Temperature Sensor,ESN700040,2021-11-10,2023-01-05,CENTER,NEW,ACTIVE
INV0002072,CSN902072,CMP054,EGT Thermocouple Harness,ESN700040,2021-07-09,2023-06-02,CENTER,NEW,ACTIVE
INV0002073,CSN902073,CMP055,N1 Speed Sensor,ESN700040,2022-08-06,2023-04-13,CENTER,NEW,ACTIVE
INV0002074,CSN902074,CMP056,N2 Speed Sensor,ESN700040,2021-07-07,2023-04-17,CENTER,NEW,ACTIVE
INV0002075,CSN902075,CMP057,Vibration Sensor,ESN700040,2022-12-21,2023-04-07,CENTER,NEW,ACTIVE
INV0002076,CSN902076,CMP058,Chip Detector,ESN700040,2021-09-05,2023-03-22,CENTER,NEW,ACTIVE
INV0002077,CSN902077,CMP059,Accessory Gearbox,ESN700040,2021-11-17,2023-06-16,CENTER,NEW,ACTIVE
INV0002078,CSN902078,CMP060,Starter,ESN700040,2021-04-14,2023-03-07,CENTER,NEW,ACTIVE
INV0002079,CSN902079,CMP061,Integrated Drive Generator (IDG) Drive Pad,ESN700040,2022-04-17,2023-03-28,CENTER,NEW,ACTIVE
INV0002080,CSN902080,CMP062,Hydraulic Pump Drive Pad,ESN700040,2022-02-02,2023-04-28,CENTER,NEW,ACTIVE
INV0002081,CSN902081,CMP001,Fan Disk,ESN700041,2022-11-27,2023-01-06,CENTER,NEW,ACTIVE
INV0002082,CSN902082,CMP002,Fan Shaft,ESN700041,2021-11-23,2023-06-04,CENTER,NEW,ACTIVE
INV0002083,CSN902083,CMP005,Fan Case,ESN700041,2021-11-30,2023-06-03,CENTER,NEW,ACTIVE
INV0002084,CSN902084,CMP006,Spinner Cone,ESN700041,2022-04-07,2023-06-01,CENTER,NEW,ACTIVE
INV0002085,CSN902085,CMP007,Booster Rotor,ESN700041,2022-12-02,2023-06-23,CENTER,NEW,ACTIVE
INV0002086,CSN902086,CMP009,Booster Stator Assembly,ESN700041,2021-02-02,2023-01-04,CENTER,NEW,ACTIVE
INV0002087,CSN902087,CMP010,Booster Case,ESN700041,2022-06-30,2023-04-17,CENTER,NEW,ACTIVE
INV0002088,CSN902088,CMP011,HPC Stage 1 Disk,ESN700041,2021-06-12,2023-04-17,STAGE1,NEW,ACTIVE
INV0002089,CSN902089,CMP012,HPC Stage 2 Disk,ESN700041,2021-06-27,2023-02-16,STAGE2,NEW,ACTIVE
INV0002090,CSN902090,CMP013,HPC Stage 3 Disk,ESN700041,2021-04-15,2023-05-01,STAGE3,NEW,ACTIVE
INV0002091,CSN902091,CMP014,HPC Stage 4 Disk,ESN700041,2021-12-25,2023-06-28,STAGE4,NEW,ACTIVE
INV0002092,CSN902092,CMP015,HPC Stage 5 Disk,ESN700041,2021-10-04,2023-04-17,STAGE5,NEW,ACTIVE
INV0002093,CSN902093,CMP016,HPC Rotor Shaft,ESN700041,2022-07-28,2023-01-02,CENTER,NEW,ACTIVE
INV0002094,CSN902094,CMP018,Variable Stator Vane Assembly,ESN700041,2021-08-15,2023-05-31,CENTER,NEW,ACTIVE
INV0002095,CSN902095,CMP019,HPC Case,ESN700041,2022-06-17,2023-01-04,CENTER,NEW,ACTIVE
INV0002096,CSN902096,CMP020,Combustor Liner,ESN700041,2021-10-04,2023-05-24,CENTER,NEW,ACTIVE
INV0002097,CSN902097,CMP022,Dome Assembly,ESN700041,2021-07-05,2023-06-04,CENTER,NEW,ACTIVE
INV0002098,CSN902098,CMP024,HPT Stage 1 Disk,ESN700041,2021-12-29,2023-05-02,STAGE1,NEW,ACTIVE
INV0002099,CSN902099,CMP025,HPT Stage 2 Disk,ESN700041,2021-01-07,2023-01-05,STAGE2,NEW,ACTIVE
INV0002100,CSN902100,CMP028,HPT Shroud,ESN700041,2022-03-17,2023-02-24,CENTER,NEW,ACTIVE
INV0002101,CSN902101,CMP029,LPT Shaft,ESN700041,2022-06-20,2023-03-09,CENTER,NEW,ACTIVE
INV0002102,CSN902102,CMP030,LPT Stage 1 Disk,ESN700041,2021-05-22,2023-02-04,STAGE1,NEW,ACTIVE
INV0002103,CSN902103,CMP031,LPT Stage 2 Disk,ESN700041,2022-01-21,2023-05-19,STAGE2,NEW,ACTIVE
INV0002104,CSN902104,CMP034,Turbine Rear Frame,ESN700041,2021-11-19,2023-04-16,CENTER,NEW,ACTIVE
INV0002105,CSN902105,CMP035,Fuel Pump,ESN700041,2022-09-26,2023-01-20,CENTER,NEW,ACTIVE
INV0002106,CSN902106,CMP036,Hydromechanical Unit (HMU),ESN700041,2022-07-26,2023-06-11,CENTER,NEW,ACTIVE
INV0002107,CSN902107,CMP037,Fuel Filter,ESN700041,2022-08-18,2023-03-27,CENTER,NEW,ACTIVE
INV0002108,CSN902108,CMP038,Fuel Shutoff Valve,ESN700041,2022-04-16,2023-02-04,CENTER,NEW,ACTIVE
INV0002109,CSN902109,CMP039,Fuel Manifold,ESN700041,2022-08-05,2023-02-16,CENTER,NEW,ACTIVE
INV0002110,CSN902110,CMP040,Ignition Exciter,ESN700041,2022-12-07,2023-06-26,CENTER,NEW,ACTIVE
INV0002111,CSN902111,CMP041,Igniter Plug A,ESN700041,2022-06-09,2023-05-19,A,NEW,ACTIVE
INV0002112,CSN902112,CMP042,Igniter Plug B,ESN700041,2022-07-01,2023-05-21,B,NEW,ACTIVE
INV0002113,CSN902113,CMP043,Variable Bleed Valve (VBV),ESN700041,2022-07-14,2023-05-25,CENTER,NEW,ACTIVE
INV0002114,CSN902114,CMP044,VBV Actuator,ESN700041,2022-05-17,2023-06-03,CENTER,NEW,ACTIVE
INV0002115,CSN902115,CMP045,High Stage Bleed Valve,ESN700041,2022-11-15,2023-02-10,CENTER,NEW,ACTIVE
INV0002116,CSN902116,CMP046,Start Valve,ESN700041,2021-05-08,2023-05-13,CENTER,NEW,ACTIVE
INV0002117,CSN902117,CMP047,Exhaust Nozzle,ESN700041,2021-02-06,2023-01-20,CENTER,NEW,ACTIVE
INV0002118,CSN902118,CMP048,Exhaust Mixer,ESN700041,2022-04-03,2023-03-18,CENTER,NEW,ACTIVE
INV0002119,CSN902119,CMP049,Oil Pump,ESN700041,2022-02-26,2023-04-03,CENTER,NEW,ACTIVE
INV0002120,CSN902120,CMP050,Scavenge Pump,ESN700041,2022-09-02,2023-04-07,CENTER,NEW,ACTIVE
INV0002121,CSN902121,CMP051,Oil Filter,ESN700041,2022-02-24,2023-03-21,CENTER,NEW,ACTIVE
INV0002122,CSN902122,CMP052,Oil Pressure Transmitter,ESN700041,2021-06-16,2023-01-24,CENTER,NEW,ACTIVE
INV0002123,CSN902123,CMP053,Oil Temperature Sensor,ESN700041,2021-05-25,2023-02-23,CENTER,NEW,ACTIVE
INV0002124,CSN902124,CMP054,EGT Thermocouple Harness,ESN700041,2022-02-26,2023-05-01,CENTER,NEW,ACTIVE
INV0002125,CSN902125,CMP055,N1 Speed Sensor,ESN700041,2021-04-09,2023-06-15,CENTER,NEW,ACTIVE
INV0002126,CSN902126,CMP056,N2 Speed Sensor,ESN700041,2022-08-30,2023-03-24,CENTER,NEW,ACTIVE
INV0002127,CSN902127,CMP057,Vibration Sensor,ESN700041,2021-06-12,2023-03-16,CENTER,NEW,ACTIVE
INV0002128,CSN902128,CMP058,Chip Detector,ESN700041,2022-01-27,2023-03-25,CENTER,NEW,ACTIVE
INV0002129,CSN902129,CMP059,Accessory Gearbox,ESN700041,2022-08-21,2023-01-09,CENTER,NEW,ACTIVE
INV0002130,CSN902130,CMP060,Starter,ESN700041,2021-10-16,2023-06-17,CENTER,NEW,ACTIVE
INV0002131,CSN902131,CMP061,Integrated Drive Generator (IDG) Drive Pad,ESN700041,2021-11-17,2023-03-28,CENTER,NEW,ACTIVE
INV0002132,CSN902132,CMP062,Hydraulic Pump Drive Pad,ESN700041,2022-01-19,2023-05-24,CENTER,NEW,ACTIVE
INV0002133,CSN902133,CMP001,Fan Disk,ESN700042,2022-04-21,2023-04-15,CENTER,NEW,ACTIVE
INV0002134,CSN902134,CMP002,Fan Shaft,ESN700042,2022-11-01,2023-04-01,CENTER,NEW,ACTIVE
INV0002135,CSN902135,CMP005,Fan Case,ESN700042,2022-07-01,2023-05-22,CENTER,NEW,ACTIVE
INV0002136,CSN902136,CMP006,Spinner Cone,ESN700042,2022-07-02,2023-05-05,CENTER,NEW,ACTIVE
INV0002137,CSN902137,CMP007,Booster Rotor,ESN700042,2022-10-19,2023-05-21,CENTER,NEW,ACTIVE
INV0002138,CSN902138,CMP009,Booster Stator Assembly,ESN700042,2022-06-10,2023-01-13,CENTER,NEW,ACTIVE
INV0002139,CSN902139,CMP010,Booster Case,ESN700042,2022-05-16,2023-05-22,CENTER,NEW,ACTIVE
INV0002140,CSN902140,CMP011,HPC Stage 1 Disk,ESN700042,2022-07-18,2023-03-21,STAGE1,NEW,ACTIVE
INV0002141,CSN902141,CMP012,HPC Stage 2 Disk,ESN700042,2022-02-24,2023-06-15,STAGE2,NEW,ACTIVE
INV0002142,CSN902142,CMP013,HPC Stage 3 Disk,ESN700042,2022-05-10,2023-05-26,STAGE3,NEW,ACTIVE
INV0002143,CSN902143,CMP014,HPC Stage 4 Disk,ESN700042,2021-09-16,2023-05-11,STAGE4,NEW,ACTIVE
INV0002144,CSN902144,CMP015,HPC Stage 5 Disk,ESN700042,2022-09-03,2023-02-09,STAGE5,NEW,ACTIVE
INV0002145,CSN902145,CMP016,HPC Rotor Shaft,ESN700042,2021-06-28,2023-03-30,CENTER,NEW,ACTIVE
INV0002146,CSN902146,CMP018,Variable Stator Vane Assembly,ESN700042,2022-05-13,2023-03-06,CENTER,NEW,ACTIVE
INV0002147,CSN902147,CMP019,HPC Case,ESN700042,2022-12-06,2023-04-07,CENTER,NEW,ACTIVE
INV0002148,CSN902148,CMP020,Combustor Liner,ESN700042,2021-03-06,2023-06-17,CENTER,NEW,ACTIVE
INV0002149,CSN902149,CMP022,Dome Assembly,ESN700042,2022-04-16,2023-06-07,CENTER,NEW,ACTIVE
INV0002150,CSN902150,CMP024,HPT Stage 1 Disk,ESN700042,2021-04-15,2023-02-10,STAGE1,NEW,ACTIVE
INV0002151,CSN902151,CMP025,HPT Stage 2 Disk,ESN700042,2021-11-19,2023-02-11,STAGE2,NEW,ACTIVE
INV0002152,CSN902152,CMP028,HPT Shroud,ESN700042,2022-01-20,2023-04-08,CENTER,NEW,ACTIVE
INV0002153,CSN902153,CMP029,LPT Shaft,ESN700042,2022-01-27,2023-04-07,CENTER,NEW,ACTIVE
INV0002154,CSN902154,CMP030,LPT Stage 1 Disk,ESN700042,2021-02-25,2023-04-09,STAGE1,NEW,ACTIVE
INV0002155,CSN902155,CMP031,LPT Stage 2 Disk,ESN700042,2022-11-07,2023-04-21,STAGE2,NEW,ACTIVE
INV0002156,CSN902156,CMP034,Turbine Rear Frame,ESN700042,2022-09-22,2023-05-11,CENTER,NEW,ACTIVE
INV0002157,CSN902157,CMP035,Fuel Pump,ESN700042,2021-12-17,2022-12-30,CENTER,NEW,ACTIVE
INV0002158,CSN902158,CMP036,Hydromechanical Unit (HMU),ESN700042,2022-03-11,2023-01-10,CENTER,NEW,ACTIVE
INV0002159,CSN902159,CMP037,Fuel Filter,ESN700042,2022-06-02,2023-05-10,CENTER,NEW,ACTIVE
INV0002160,CSN902160,CMP038,Fuel Shutoff Valve,ESN700042,2021-06-10,2023-03-26,CENTER,NEW,ACTIVE
INV0002161,CSN902161,CMP039,Fuel Manifold,ESN700042,2022-04-15,2023-03-11,CENTER,NEW,ACTIVE
INV0002162,CSN902162,CMP040,Ignition Exciter,ESN700042,2022-10-01,2023-05-29,CENTER,NEW,ACTIVE
INV0002163,CSN902163,CMP041,Igniter Plug A,ESN700042,2021-06-04,2023-01-22,A,NEW,ACTIVE
INV0002164,CSN902164,CMP042,Igniter Plug B,ESN700042,2021-05-13,2023-04-25,B,NEW,ACTIVE
INV0002165,CSN902165,CMP043,Variable Bleed Valve (VBV),ESN700042,2022-09-09,2023-02-01,CENTER,NEW,ACTIVE
INV0002166,CSN902166,CMP044,VBV Actuator,ESN700042,2022-05-18,2023-03-12,CENTER,NEW,ACTIVE
INV0002167,CSN902167,CMP045,High Stage Bleed Valve,ESN700042,2021-04-07,2023-02-14,CENTER,NEW,ACTIVE
INV0002168,CSN902168,CMP046,Start Valve,ESN700042,2021-09-06,2023-01-13,CENTER,NEW,ACTIVE
INV0002169,CSN902169,CMP047,Exhaust Nozzle,ESN700042,2021-05-20,2023-05-03,CENTER,NEW,ACTIVE
INV0002170,CSN902170,CMP048,Exhaust Mixer,ESN700042,2022-11-23,2023-05-21,CENTER,NEW,ACTIVE
INV0002171,CSN902171,CMP049,Oil Pump,ESN700042,2022-03-19,2023-04-06,CENTER,NEW,ACTIVE
INV0002172,CSN902172,CMP050,Scavenge Pump,ESN700042,2021-07-21,2023-05-06,CENTER,NEW,ACTIVE
INV0002173,CSN902173,CMP051,Oil Filter,ESN700042,2022-09-23,2023-05-23,CENTER,NEW,ACTIVE
INV0002174,CSN902174,CMP052,Oil Pressure Transmitter,ESN700042,2022-05-23,2023-02-25,CENTER,NEW,ACTIVE
INV0002175,CSN902175,CMP053,Oil Temperature Sensor,ESN700042,2022-01-15,2023-04-29,CENTER,NEW,ACTIVE
INV0002176,CSN902176,CMP054,EGT Thermocouple Harness,ESN700042,2021-08-19,2023-02-14,CENTER,NEW,ACTIVE
INV0002177,CSN902177,CMP055,N1 Speed Sensor,ESN700042,2021-08-27,2023-01-18,CENTER,NEW,ACTIVE
INV0002178,CSN902178,CMP056,N2 Speed Sensor,ESN700042,2022-07-04,2023-01-17,CENTER,NEW,ACTIVE
INV0002179,CSN902179,CMP057,Vibration Sensor,ESN700042,2021-06-27,2023-01-07,CENTER,NEW,ACTIVE
INV0002180,CSN902180,CMP058,Chip Detector,ESN700042,2021-07-25,2023-03-10,CENTER,NEW,ACTIVE
INV0002181,CSN902181,CMP059,Accessory Gearbox,ESN700042,2022-11-06,2023-02-19,CENTER,NEW,ACTIVE
INV0002182,CSN902182,CMP060,Starter,ESN700042,2021-01-14,2023-05-18,CENTER,NEW,ACTIVE
INV0002183,CSN902183,CMP061,Integrated Drive Generator (IDG) Drive Pad,ESN700042,2022-11-21,2023-02-08,CENTER,NEW,ACTIVE
INV0002184,CSN902184,CMP062,Hydraulic Pump Drive Pad,ESN700042,2022-11-16,2023-05-08,CENTER,NEW,ACTIVE
INV0002185,CSN902185,CMP001,Fan Disk,ESN700043,2021-10-14,2023-01-27,CENTER,NEW,ACTIVE
INV0002186,CSN902186,CMP002,Fan Shaft,ESN700043,2021-03-12,2023-03-14,CENTER,NEW,ACTIVE
INV0002187,CSN902187,CMP005,Fan Case,ESN700043,2021-04-21,2023-04-04,CENTER,NEW,ACTIVE
INV0002188,CSN902188,CMP006,Spinner Cone,ESN700043,2022-02-23,2023-05-29,CENTER,NEW,ACTIVE
INV0002189,CSN902189,CMP007,Booster Rotor,ESN700043,2021-03-03,2023-03-16,CENTER,NEW,ACTIVE
INV0002190,CSN902190,CMP009,Booster Stator Assembly,ESN700043,2021-02-24,2023-05-01,CENTER,NEW,ACTIVE
INV0002191,CSN902191,CMP010,Booster Case,ESN700043,2022-08-05,2023-02-26,CENTER,NEW,ACTIVE
INV0002192,CSN902192,CMP011,HPC Stage 1 Disk,ESN700043,2022-04-18,2023-04-01,STAGE1,NEW,ACTIVE
INV0002193,CSN902193,CMP012,HPC Stage 2 Disk,ESN700043,2021-11-26,2023-04-26,STAGE2,NEW,ACTIVE
INV0002194,CSN902194,CMP013,HPC Stage 3 Disk,ESN700043,2021-03-26,2023-06-11,STAGE3,NEW,ACTIVE
INV0002195,CSN902195,CMP014,HPC Stage 4 Disk,ESN700043,2021-11-14,2023-06-13,STAGE4,NEW,ACTIVE
INV0002196,CSN902196,CMP015,HPC Stage 5 Disk,ESN700043,2022-08-26,2023-03-08,STAGE5,NEW,ACTIVE
INV0002197,CSN902197,CMP016,HPC Rotor Shaft,ESN700043,2021-03-02,2023-03-26,CENTER,NEW,ACTIVE
INV0002198,CSN902198,CMP018,Variable Stator Vane Assembly,ESN700043,2022-01-28,2023-03-04,CENTER,NEW,ACTIVE
INV0002199,CSN902199,CMP019,HPC Case,ESN700043,2022-01-02,2023-02-19,CENTER,NEW,ACTIVE
INV0002200,CSN902200,CMP020,Combustor Liner,ESN700043,2021-11-01,2023-05-02,CENTER,NEW,ACTIVE
INV0002201,CSN902201,CMP022,Dome Assembly,ESN700043,2021-09-20,2023-06-13,CENTER,NEW,ACTIVE
INV0002202,CSN902202,CMP024,HPT Stage 1 Disk,ESN700043,2020-12-31,2023-04-05,STAGE1,NEW,ACTIVE
INV0002203,CSN902203,CMP025,HPT Stage 2 Disk,ESN700043,2021-05-05,2023-03-16,STAGE2,NEW,ACTIVE
INV0002204,CSN902204,CMP028,HPT Shroud,ESN700043,2022-12-12,2023-01-25,CENTER,NEW,ACTIVE
INV0002205,CSN902205,CMP029,LPT Shaft,ESN700043,2022-04-29,2023-04-22,CENTER,NEW,ACTIVE
INV0002206,CSN902206,CMP030,LPT Stage 1 Disk,ESN700043,2021-01-18,2023-05-16,STAGE1,NEW,ACTIVE
INV0002207,CSN902207,CMP031,LPT Stage 2 Disk,ESN700043,2021-05-22,2023-05-29,STAGE2,NEW,ACTIVE
INV0002208,CSN902208,CMP034,Turbine Rear Frame,ESN700043,2022-10-23,2023-02-22,CENTER,NEW,ACTIVE
INV0002209,CSN902209,CMP035,Fuel Pump,ESN700043,2022-08-25,2023-02-17,CENTER,NEW,ACTIVE
INV0002210,CSN902210,CMP036,Hydromechanical Unit (HMU),ESN700043,2022-03-14,2023-03-15,CENTER,NEW,ACTIVE
INV0002211,CSN902211,CMP037,Fuel Filter,ESN700043,2021-01-04,2023-02-22,CENTER,NEW,ACTIVE
INV0002212,CSN902212,CMP038,Fuel Shutoff Valve,ESN700043,2022-10-28,2023-06-01,CENTER,NEW,ACTIVE
INV0002213,CSN902213,CMP039,Fuel Manifold,ESN700043,2022-04-25,2023-04-26,CENTER,NEW,ACTIVE
INV0002214,CSN902214,CMP040,Ignition Exciter,ESN700043,2021-05-08,2023-03-17,CENTER,NEW,ACTIVE
INV0002215,CSN902215,CMP041,Igniter Plug A,ESN700043,2022-04-30,2023-06-26,A,NEW,ACTIVE
INV0002216,CSN902216,CMP042,Igniter Plug B,ESN700043,2021-03-04,2023-05-31,B,NEW,ACTIVE
INV0002217,CSN902217,CMP043,Variable Bleed Valve (VBV),ESN700043,2022-01-25,2023-03-09,CENTER,NEW,ACTIVE
INV0002218,CSN902218,CMP044,VBV Actuator,ESN700043,2022-12-08,2023-05-17,CENTER,NEW,ACTIVE
INV0002219,CSN902219,CMP045,High Stage Bleed Valve,ESN700043,2021-07-14,2023-04-09,CENTER,NEW,ACTIVE
INV0002220,CSN902220,CMP046,Start Valve,ESN700043,2022-05-02,2023-01-08,CENTER,NEW,ACTIVE
INV0002221,CSN902221,CMP047,Exhaust Nozzle,ESN700043,2021-10-09,2023-04-17,CENTER,NEW,ACTIVE
INV0002222,CSN902222,CMP048,Exhaust Mixer,ESN700043,2022-06-02,2023-01-20,CENTER,NEW,ACTIVE
INV0002223,CSN902223,CMP049,Oil Pump,ESN700043,2022-05-06,2023-01-05,CENTER,NEW,ACTIVE
INV0002224,CSN902224,CMP050,Scavenge Pump,ESN700043,2022-06-28,2023-06-16,CENTER,NEW,ACTIVE
INV0002225,CSN902225,CMP051,Oil Filter,ESN700043,2022-06-27,2023-04-24,CENTER,NEW,ACTIVE
INV0002226,CSN902226,CMP052,Oil Pressure Transmitter,ESN700043,2022-08-19,2023-04-05,CENTER,NEW,ACTIVE
INV0002227,CSN902227,CMP053,Oil Temperature Sensor,ESN700043,2022-11-06,2023-01-30,CENTER,NEW,ACTIVE
INV0002228,CSN902228,CMP054,EGT Thermocouple Harness,ESN700043,2022-01-11,2023-01-19,CENTER,NEW,ACTIVE
INV0002229,CSN902229,CMP055,N1 Speed Sensor,ESN700043,2021-05-27,2023-01-01,CENTER,NEW,ACTIVE
INV0002230,CSN902230,CMP056,N2 Speed Sensor,ESN700043,2022-04-30,2023-04-19,CENTER,NEW,ACTIVE
INV0002231,CSN902231,CMP057,Vibration Sensor,ESN700043,2022-12-17,2023-03-26,CENTER,NEW,ACTIVE
INV0002232,CSN902232,CMP058,Chip Detector,ESN700043,2021-08-27,2023-04-23,CENTER,NEW,ACTIVE
INV0002233,CSN902233,CMP059,Accessory Gearbox,ESN700043,2022-06-23,2023-05-10,CENTER,NEW,ACTIVE
INV0002234,CSN902234,CMP060,Starter,ESN700043,2022-06-24,2023-04-11,CENTER,NEW,ACTIVE
INV0002235,CSN902235,CMP061,Integrated Drive Generator (IDG) Drive Pad,ESN700043,2022-06-29,2023-06-22,CENTER,NEW,ACTIVE
INV0002236,CSN902236,CMP062,Hydraulic Pump Drive Pad,ESN700043,2022-08-23,2023-05-28,CENTER,NEW,ACTIVE
INV0002237,CSN902237,CMP001,Fan Disk,ESN700044,2021-03-01,2023-02-09,CENTER,NEW,ACTIVE
INV0002238,CSN902238,CMP002,Fan Shaft,ESN700044,2022-03-08,2023-01-06,CENTER,NEW,ACTIVE
INV0002239,CSN902239,CMP005,Fan Case,ESN700044,2022-11-19,2023-04-11,CENTER,NEW,ACTIVE
INV0002240,CSN902240,CMP006,Spinner Cone,ESN700044,2022-10-24,2023-06-25,CENTER,NEW,ACTIVE
INV0002241,CSN902241,CMP007,Booster Rotor,ESN700044,2021-08-29,2023-05-27,CENTER,NEW,ACTIVE
INV0002242,CSN902242,CMP009,Booster Stator Assembly,ESN700044,2021-03-07,2023-03-29,CENTER,NEW,ACTIVE
INV0002243,CSN902243,CMP010,Booster Case,ESN700044,2022-08-22,2023-01-02,CENTER,NEW,ACTIVE
INV0002244,CSN902244,CMP011,HPC Stage 1 Disk,ESN700044,2021-06-05,2023-06-19,STAGE1,NEW,ACTIVE
INV0002245,CSN902245,CMP012,HPC Stage 2 Disk,ESN700044,2022-09-18,2023-05-30,STAGE2,NEW,ACTIVE
INV0002246,CSN902246,CMP013,HPC Stage 3 Disk,ESN700044,2022-12-15,2023-01-12,STAGE3,NEW,ACTIVE
INV0002247,CSN902247,CMP014,HPC Stage 4 Disk,ESN700044,2021-03-02,2023-04-29,STAGE4,NEW,ACTIVE
INV0002248,CSN902248,CMP015,HPC Stage 5 Disk,ESN700044,2022-02-21,2023-06-21,STAGE5,NEW,ACTIVE
INV0002249,CSN902249,CMP016,HPC Rotor Shaft,ESN700044,2021-01-04,2023-01-31,CENTER,NEW,ACTIVE
INV0002250,CSN902250,CMP018,Variable Stator Vane Assembly,ESN700044,2022-05-01,2023-04-18,CENTER,NEW,ACTIVE
INV0002251,CSN902251,CMP019,HPC Case,ESN700044,2021-12-02,2023-02-26,CENTER,NEW,ACTIVE
INV0002252,CSN902252,CMP020,Combustor Liner,ESN700044,2021-04-11,2023-01-17,CENTER,NEW,ACTIVE
INV0002253,CSN902253,CMP022,Dome Assembly,ESN700044,2022-05-29,2023-04-16,CENTER,NEW,ACTIVE
INV0002254,CSN902254,CMP024,HPT Stage 1 Disk,ESN700044,2022-07-27,2023-03-02,STAGE1,NEW,ACTIVE
INV0002255,CSN902255,CMP025,HPT Stage 2 Disk,ESN700044,2021-08-31,2023-03-06,STAGE2,NEW,ACTIVE
INV0002256,CSN902256,CMP028,HPT Shroud,ESN700044,2022-03-08,2023-05-01,CENTER,NEW,ACTIVE
INV0002257,CSN902257,CMP029,LPT Shaft,ESN700044,2021-12-07,2023-02-07,CENTER,NEW,ACTIVE
INV0002258,CSN902258,CMP030,LPT Stage 1 Disk,ESN700044,2022-11-18,2023-04-20,STAGE1,NEW,ACTIVE
INV0002259,CSN902259,CMP031,LPT Stage 2 Disk,ESN700044,2021-04-07,2023-02-25,STAGE2,NEW,ACTIVE
INV0002260,CSN902260,CMP034,Turbine Rear Frame,ESN700044,2021-07-12,2023-04-05,CENTER,NEW,ACTIVE
INV0002261,CSN902261,CMP035,Fuel Pump,ESN700044,2022-11-18,2023-03-07,CENTER,NEW,ACTIVE
INV0002262,CSN902262,CMP036,Hydromechanical Unit (HMU),ESN700044,2021-04-24,2023-01-16,CENTER,NEW,ACTIVE
INV0002263,CSN902263,CMP037,Fuel Filter,ESN700044,2022-04-21,2023-04-30,CENTER,NEW,ACTIVE
INV0002264,CSN902264,CMP038,Fuel Shutoff Valve,ESN700044,2022-07-29,2023-01-23,CENTER,NEW,ACTIVE
INV0002265,CSN902265,CMP039,Fuel Manifold,ESN700044,2021-03-08,2023-06-22,CENTER,NEW,ACTIVE
INV0002266,CSN902266,CMP040,Ignition Exciter,ESN700044,2022-07-14,2023-05-10,CENTER,NEW,ACTIVE
INV0002267,CSN902267,CMP041,Igniter Plug A,ESN700044,2021-11-06,2023-02-28,A,NEW,ACTIVE
INV0002268,CSN902268,CMP042,Igniter Plug B,ESN700044,2021-08-01,2023-02-12,B,NEW,ACTIVE
INV0002269,CSN902269,CMP043,Variable Bleed Valve (VBV),ESN700044,2021-09-02,2023-04-21,CENTER,NEW,ACTIVE
INV0002270,CSN902270,CMP044,VBV Actuator,ESN700044,2022-03-23,2023-03-25,CENTER,NEW,ACTIVE
INV0002271,CSN902271,CMP045,High Stage Bleed Valve,ESN700044,2022-06-28,2023-01-02,CENTER,NEW,ACTIVE
INV0002272,CSN902272,CMP046,Start Valve,ESN700044,2021-10-01,2023-04-12,CENTER,NEW,ACTIVE
INV0002273,CSN902273,CMP047,Exhaust Nozzle,ESN700044,2022-07-05,2023-05-20,CENTER,NEW,ACTIVE
INV0002274,CSN902274,CMP048,Exhaust Mixer,ESN700044,2022-08-02,2023-06-25,CENTER,NEW,ACTIVE
INV0002275,CSN902275,CMP049,Oil Pump,ESN700044,2021-10-04,2023-01-21,CENTER,NEW,ACTIVE
INV0002276,CSN902276,CMP050,Scavenge Pump,ESN700044,2021-11-15,2023-03-26,CENTER,NEW,ACTIVE
INV0002277,CSN902277,CMP051,Oil Filter,ESN700044,2022-04-25,2023-03-25,CENTER,NEW,ACTIVE
INV0002278,CSN902278,CMP052,Oil Pressure Transmitter,ESN700044,2022-01-11,2023-02-08,CENTER,NEW,ACTIVE
INV0002279,CSN902279,CMP053,Oil Temperature Sensor,ESN700044,2022-03-21,2023-04-30,CENTER,NEW,ACTIVE
INV0002280,CSN902280,CMP054,EGT Thermocouple Harness,ESN700044,2022-12-14,2023-04-20,CENTER,NEW,ACTIVE
INV0002281,CSN902281,CMP055,N1 Speed Sensor,ESN700044,2021-01-05,2023-03-25,CENTER,NEW,ACTIVE
INV0002282,CSN902282,CMP056,N2 Speed Sensor,ESN700044,2021-12-30,2023-01-13,CENTER,NEW,ACTIVE
INV0002283,CSN902283,CMP057,Vibration Sensor,ESN700044,2021-08-14,2023-02-07,CENTER,NEW,ACTIVE
INV0002284,CSN902284,CMP058,Chip Detector,ESN700044,2022-09-09,2023-03-16,CENTER,NEW,ACTIVE
INV0002285,CSN902285,CMP059,Accessory Gearbox,ESN700044,2021-12-12,2023-03-06,CENTER,NEW,ACTIVE
INV0002286,CSN902286,CMP060,Starter,ESN700044,2021-07-02,2023-03-13,CENTER,NEW,ACTIVE
INV0002287,CSN902287,CMP061,Integrated Drive Generator (IDG) Drive Pad,ESN700044,2022-08-16,2023-06-15,CENTER,NEW,ACTIVE
INV0002288,CSN902288,CMP062,Hydraulic Pump Drive Pad,ESN700044,2022-05-10,2023-05-14,CENTER,NEW,ACTIVE
INV0002289,CSN902289,CMP001,Fan Disk,ESN700045,2022-05-02,2023-04-02,CENTER,NEW,ACTIVE
INV0002290,CSN902290,CMP002,Fan Shaft,ESN700045,2022-01-21,2023-06-04,CENTER,NEW,ACTIVE
INV0002291,CSN902291,CMP005,Fan Case,ESN700045,2022-01-27,2023-04-28,CENTER,NEW,ACTIVE
INV0002292,CSN902292,CMP006,Spinner Cone,ESN700045,2022-03-17,2023-03-12,CENTER,NEW,ACTIVE
INV0002293,CSN902293,CMP007,Booster Rotor,ESN700045,2021-11-09,2023-04-12,CENTER,NEW,ACTIVE
INV0002294,CSN902294,CMP009,Booster Stator Assembly,ESN700045,2022-07-03,2023-04-21,CENTER,NEW,ACTIVE
INV0002295,CSN902295,CMP010,Booster Case,ESN700045,2022-01-26,2023-04-13,CENTER,NEW,ACTIVE
INV0002296,CSN902296,CMP011,HPC Stage 1 Disk,ESN700045,2021-11-07,2023-01-05,STAGE1,NEW,ACTIVE
INV0002297,CSN902297,CMP012,HPC Stage 2 Disk,ESN700045,2021-12-08,2023-02-18,STAGE2,NEW,ACTIVE
INV0002298,CSN902298,CMP013,HPC Stage 3 Disk,ESN700045,2021-05-04,2023-04-02,STAGE3,NEW,ACTIVE
INV0002299,CSN902299,CMP014,HPC Stage 4 Disk,ESN700045,2022-09-22,2023-02-10,STAGE4,NEW,ACTIVE
INV0002300,CSN902300,CMP015,HPC Stage 5 Disk,ESN700045,2021-03-12,2023-01-09,STAGE5,NEW,ACTIVE
INV0002301,CSN902301,CMP016,HPC Rotor Shaft,ESN700045,2022-08-04,2023-06-06,CENTER,NEW,ACTIVE
INV0002302,CSN902302,CMP018,Variable Stator Vane Assembly,ESN700045,2021-05-01,2023-01-03,CENTER,NEW,ACTIVE
INV0002303,CSN902303,CMP019,HPC Case,ESN700045,2021-05-14,2023-04-05,CENTER,NEW,ACTIVE
INV0002304,CSN902304,CMP020,Combustor Liner,ESN700045,2022-10-04,2023-05-24,CENTER,NEW,ACTIVE
INV0002305,CSN902305,CMP022,Dome Assembly,ESN700045,2021-12-13,2023-01-09,CENTER,NEW,ACTIVE
INV0002306,CSN902306,CMP024,HPT Stage 1 Disk,ESN700045,2022-12-09,2023-02-12,STAGE1,NEW,ACTIVE
INV0002307,CSN902307,CMP025,HPT Stage 2 Disk,ESN700045,2022-10-15,2023-04-25,STAGE2,NEW,ACTIVE
INV0002308,CSN902308,CMP028,HPT Shroud,ESN700045,2022-01-31,2023-04-12,CENTER,NEW,ACTIVE
INV0002309,CSN902309,CMP029,LPT Shaft,ESN700045,2021-08-02,2023-01-15,CENTER,NEW,ACTIVE
INV0002310,CSN902310,CMP030,LPT Stage 1 Disk,ESN700045,2022-09-12,2023-01-29,STAGE1,NEW,ACTIVE
INV0002311,CSN902311,CMP031,LPT Stage 2 Disk,ESN700045,2022-03-25,2023-01-03,STAGE2,NEW,ACTIVE
INV0002312,CSN902312,CMP034,Turbine Rear Frame,ESN700045,2022-09-02,2023-04-28,CENTER,NEW,ACTIVE
INV0002313,CSN902313,CMP035,Fuel Pump,ESN700045,2021-02-28,2023-05-11,CENTER,NEW,ACTIVE
INV0002314,CSN902314,CMP036,Hydromechanical Unit (HMU),ESN700045,2021-04-24,2023-01-14,CENTER,NEW,ACTIVE
INV0002315,CSN902315,CMP037,Fuel Filter,ESN700045,2021-09-20,2023-01-09,CENTER,NEW,ACTIVE
INV0002316,CSN902316,CMP038,Fuel Shutoff Valve,ESN700045,2021-09-28,2023-06-17,CENTER,NEW,ACTIVE
INV0002317,CSN902317,CMP039,Fuel Manifold,ESN700045,2021-11-17,2023-02-20,CENTER,NEW,ACTIVE
INV0002318,CSN902318,CMP040,Ignition Exciter,ESN700045,2022-03-17,2023-02-13,CENTER,NEW,ACTIVE
INV0002319,CSN902319,CMP041,Igniter Plug A,ESN700045,2022-11-10,2023-06-11,A,NEW,ACTIVE
INV0002320,CSN902320,CMP042,Igniter Plug B,ESN700045,2022-01-04,2023-02-26,B,NEW,ACTIVE
INV0002321,CSN902321,CMP043,Variable Bleed Valve (VBV),ESN700045,2021-08-07,2023-05-10,CENTER,NEW,ACTIVE
INV0002322,CSN902322,CMP044,VBV Actuator,ESN700045,2021-03-17,2023-04-28,CENTER,NEW,ACTIVE
INV0002323,CSN902323,CMP045,High Stage Bleed Valve,ESN700045,2022-01-18,2023-04-14,CENTER,NEW,ACTIVE
INV0002324,CSN902324,CMP046,Start Valve,ESN700045,2021-03-20,2023-03-11,CENTER,NEW,ACTIVE
INV0002325,CSN902325,CMP047,Exhaust Nozzle,ESN700045,2022-12-29,2023-01-01,CENTER,NEW,ACTIVE
INV0002326,CSN902326,CMP048,Exhaust Mixer,ESN700045,2021-01-31,2023-05-11,CENTER,NEW,ACTIVE
INV0002327,CSN902327,CMP049,Oil Pump,ESN700045,2021-03-29,2023-03-15,CENTER,NEW,ACTIVE
INV0002328,CSN902328,CMP050,Scavenge Pump,ESN700045,2021-02-24,2023-05-04,CENTER,NEW,ACTIVE
INV0002329,CSN902329,CMP051,Oil Filter,ESN700045,2022-04-14,2023-03-15,CENTER,NEW,ACTIVE
INV0002330,CSN902330,CMP052,Oil Pressure Transmitter,ESN700045,2021-12-02,2023-06-12,CENTER,NEW,ACTIVE
INV0002331,CSN902331,CMP053,Oil Temperature Sensor,ESN700045,2022-09-12,2023-04-26,CENTER,NEW,ACTIVE
INV0002332,CSN902332,CMP054,EGT Thermocouple Harness,ESN700045,2021-10-02,2023-04-19,CENTER,NEW,ACTIVE
INV0002333,CSN902333,CMP055,N1 Speed Sensor,ESN700045,2022-01-27,2023-01-28,CENTER,NEW,ACTIVE
INV0002334,CSN902334,CMP056,N2 Speed Sensor,ESN700045,2022-11-05,2023-04-03,CENTER,NEW,ACTIVE
INV0002335,CSN902335,CMP057,Vibration Sensor,ESN700045,2022-01-23,2023-01-25,CENTER,NEW,ACTIVE
INV0002336,CSN902336,CMP058,Chip Detector,ESN700045,2022-03-17,2023-03-08,CENTER,NEW,ACTIVE
INV0002337,CSN902337,CMP059,Accessory Gearbox,ESN700045,2021-06-22,2023-02-18,CENTER,NEW,ACTIVE
INV0002338,CSN902338,CMP060,Starter,ESN700045,2021-09-29,2023-06-13,CENTER,NEW,ACTIVE
INV0002339,CSN902339,CMP061,Integrated Drive Generator (IDG) Drive Pad,ESN700045,2022-02-24,2023-03-03,CENTER,NEW,ACTIVE
INV0002340,CSN902340,CMP062,Hydraulic Pump Drive Pad,ESN700045,2021-11-29,2023-05-24,CENTER,NEW,ACTIVE
INV0002341,CSN902341,CMP001,Fan Disk,ESN700046,2022-04-01,2023-01-16,CENTER,NEW,ACTIVE
INV0002342,CSN902342,CMP002,Fan Shaft,ESN700046,2022-09-18,2023-01-10,CENTER,NEW,ACTIVE
INV0002343,CSN902343,CMP005,Fan Case,ESN700046,2021-01-22,2023-02-19,CENTER,NEW,ACTIVE
INV0002344,CSN902344,CMP006,Spinner Cone,ESN700046,2022-07-19,2023-05-20,CENTER,NEW,ACTIVE
INV0002345,CSN902345,CMP007,Booster Rotor,ESN700046,2022-07-30,2023-06-09,CENTER,NEW,ACTIVE
INV0002346,CSN902346,CMP009,Booster Stator Assembly,ESN700046,2021-12-12,2023-03-01,CENTER,NEW,ACTIVE
INV0002347,CSN902347,CMP010,Booster Case,ESN700046,2022-02-04,2023-03-30,CENTER,NEW,ACTIVE
INV0002348,CSN902348,CMP011,HPC Stage 1 Disk,ESN700046,2021-05-28,2023-01-05,STAGE1,NEW,ACTIVE
INV0002349,CSN902349,CMP012,HPC Stage 2 Disk,ESN700046,2021-08-15,2023-05-25,STAGE2,NEW,ACTIVE
INV0002350,CSN902350,CMP013,HPC Stage 3 Disk,ESN700046,2021-12-07,2023-06-27,STAGE3,NEW,ACTIVE
INV0002351,CSN902351,CMP014,HPC Stage 4 Disk,ESN700046,2022-08-24,2023-03-26,STAGE4,NEW,ACTIVE
INV0002352,CSN902352,CMP015,HPC Stage 5 Disk,ESN700046,2022-07-07,2023-06-10,STAGE5,NEW,ACTIVE
INV0002353,CSN902353,CMP016,HPC Rotor Shaft,ESN700046,2021-09-01,2023-03-07,CENTER,NEW,ACTIVE
INV0002354,CSN902354,CMP018,Variable Stator Vane Assembly,ESN700046,2022-06-19,2023-06-12,CENTER,NEW,ACTIVE
INV0002355,CSN902355,CMP019,HPC Case,ESN700046,2021-08-08,2023-03-24,CENTER,NEW,ACTIVE
INV0002356,CSN902356,CMP020,Combustor Liner,ESN700046,2021-09-01,2023-01-12,CENTER,NEW,ACTIVE
INV0002357,CSN902357,CMP022,Dome Assembly,ESN700046,2022-03-14,2023-03-30,CENTER,NEW,ACTIVE
INV0002358,CSN902358,CMP024,HPT Stage 1 Disk,ESN700046,2022-10-14,2023-02-24,STAGE1,NEW,ACTIVE
INV0002359,CSN902359,CMP025,HPT Stage 2 Disk,ESN700046,2021-12-07,2023-06-24,STAGE2,NEW,ACTIVE
INV0002360,CSN902360,CMP028,HPT Shroud,ESN700046,2022-02-27,2023-04-21,CENTER,NEW,ACTIVE
INV0002361,CSN902361,CMP029,LPT Shaft,ESN700046,2022-12-21,2023-03-12,CENTER,NEW,ACTIVE
INV0002362,CSN902362,CMP030,LPT Stage 1 Disk,ESN700046,2022-08-20,2023-03-06,STAGE1,NEW,ACTIVE
INV0002363,CSN902363,CMP031,LPT Stage 2 Disk,ESN700046,2021-11-13,2023-05-12,STAGE2,NEW,ACTIVE
INV0002364,CSN902364,CMP034,Turbine Rear Frame,ESN700046,2021-04-14,2023-06-09,CENTER,NEW,ACTIVE
INV0002365,CSN902365,CMP035,Fuel Pump,ESN700046,2022-07-31,2023-02-17,CENTER,NEW,ACTIVE
INV0002366,CSN902366,CMP036,Hydromechanical Unit (HMU),ESN700046,2022-11-21,2022-12-30,CENTER,NEW,ACTIVE
INV0002367,CSN902367,CMP037,Fuel Filter,ESN700046,2021-11-25,2023-02-26,CENTER,NEW,ACTIVE
INV0002368,CSN902368,CMP038,Fuel Shutoff Valve,ESN700046,2022-04-22,2023-04-06,CENTER,NEW,ACTIVE
INV0002369,CSN902369,CMP039,Fuel Manifold,ESN700046,2021-01-14,2023-06-28,CENTER,NEW,ACTIVE
INV0002370,CSN902370,CMP040,Ignition Exciter,ESN700046,2021-02-22,2023-04-15,CENTER,NEW,ACTIVE
INV0002371,CSN902371,CMP041,Igniter Plug A,ESN700046,2021-07-02,2023-05-12,A,NEW,ACTIVE
INV0002372,CSN902372,CMP042,Igniter Plug B,ESN700046,2021-03-25,2023-01-08,B,NEW,ACTIVE
INV0002373,CSN902373,CMP043,Variable Bleed Valve (VBV),ESN700046,2021-09-09,2023-05-06,CENTER,NEW,ACTIVE
INV0002374,CSN902374,CMP044,VBV Actuator,ESN700046,2021-01-27,2023-02-15,CENTER,NEW,ACTIVE
INV0002375,CSN902375,CMP045,High Stage Bleed Valve,ESN700046,2021-10-03,2023-06-12,CENTER,NEW,ACTIVE
INV0002376,CSN902376,CMP046,Start Valve,ESN700046,2021-10-29,2023-03-29,CENTER,NEW,ACTIVE
INV0002377,CSN902377,CMP047,Exhaust Nozzle,ESN700046,2021-03-01,2023-02-07,CENTER,NEW,ACTIVE
INV0002378,CSN902378,CMP048,Exhaust Mixer,ESN700046,2021-02-24,2023-01-23,CENTER,NEW,ACTIVE
INV0002379,CSN902379,CMP049,Oil Pump,ESN700046,2022-05-22,2023-03-24,CENTER,NEW,ACTIVE
INV0002380,CSN902380,CMP050,Scavenge Pump,ESN700046,2022-11-24,2023-02-04,CENTER,NEW,ACTIVE
INV0002381,CSN902381,CMP051,Oil Filter,ESN700046,2021-07-10,2023-02-05,CENTER,NEW,ACTIVE
INV0002382,CSN902382,CMP052,Oil Pressure Transmitter,ESN700046,2022-01-21,2023-04-04,CENTER,NEW,ACTIVE
INV0002383,CSN902383,CMP053,Oil Temperature Sensor,ESN700046,2022-12-11,2023-02-19,CENTER,NEW,ACTIVE
INV0002384,CSN902384,CMP054,EGT Thermocouple Harness,ESN700046,2022-12-18,2023-01-01,CENTER,NEW,ACTIVE
INV0002385,CSN902385,CMP055,N1 Speed Sensor,ESN700046,2021-11-23,2023-01-27,CENTER,NEW,ACTIVE
INV0002386,CSN902386,CMP056,N2 Speed Sensor,ESN700046,2022-02-25,2023-05-16,CENTER,NEW,ACTIVE
INV0002387,CSN902387,CMP057,Vibration Sensor,ESN700046,2021-02-05,2023-02-17,CENTER,NEW,ACTIVE
INV0002388,CSN902388,CMP058,Chip Detector,ESN700046,2021-06-30,2023-04-03,CENTER,NEW,ACTIVE
INV0002389,CSN902389,CMP059,Accessory Gearbox,ESN700046,2021-10-22,2023-05-17,CENTER,NEW,ACTIVE
INV0002390,CSN902390,CMP060,Starter,ESN700046,2021-09-14,2023-04-16,CENTER,NEW,ACTIVE
INV0002391,CSN902391,CMP061,Integrated Drive Generator (IDG) Drive Pad,ESN700046,2022-08-21,2023-02-17,CENTER,NEW,ACTIVE
INV0002392,CSN902392,CMP062,Hydraulic Pump Drive Pad,ESN700046,2022-06-18,2023-01-24,CENTER,NEW,ACTIVE
INV0002393,CSN902393,CMP001,Fan Disk,ESN700047,2022-03-09,2023-01-02,CENTER,NEW,ACTIVE
INV0002394,CSN902394,CMP002,Fan Shaft,ESN700047,2021-06-22,2023-01-27,CENTER,NEW,ACTIVE
INV0002395,CSN902395,CMP005,Fan Case,ESN700047,2021-11-19,2023-02-12,CENTER,NEW,ACTIVE
INV0002396,CSN902396,CMP006,Spinner Cone,ESN700047,2022-06-07,2023-01-11,CENTER,NEW,ACTIVE
INV0002397,CSN902397,CMP007,Booster Rotor,ESN700047,2021-03-25,2023-05-23,CENTER,NEW,ACTIVE
INV0002398,CSN902398,CMP009,Booster Stator Assembly,ESN700047,2021-11-15,2023-05-21,CENTER,NEW,ACTIVE
INV0002399,CSN902399,CMP010,Booster Case,ESN700047,2022-05-14,2023-04-17,CENTER,NEW,ACTIVE
INV0002400,CSN902400,CMP011,HPC Stage 1 Disk,ESN700047,2021-11-09,2023-06-19,STAGE1,NEW,ACTIVE
INV0002401,CSN902401,CMP012,HPC Stage 2 Disk,ESN700047,2021-09-26,2023-01-31,STAGE2,NEW,ACTIVE
INV0002402,CSN902402,CMP013,HPC Stage 3 Disk,ESN700047,2022-10-03,2023-04-19,STAGE3,NEW,ACTIVE
INV0002403,CSN902403,CMP014,HPC Stage 4 Disk,ESN700047,2021-01-09,2023-03-30,STAGE4,NEW,ACTIVE
INV0002404,CSN902404,CMP015,HPC Stage 5 Disk,ESN700047,2022-04-30,2023-03-03,STAGE5,NEW,ACTIVE
INV0002405,CSN902405,CMP016,HPC Rotor Shaft,ESN700047,2021-04-23,2023-04-02,CENTER,NEW,ACTIVE
INV0002406,CSN902406,CMP018,Variable Stator Vane Assembly,ESN700047,2022-06-21,2023-06-03,CENTER,NEW,ACTIVE
INV0002407,CSN902407,CMP019,HPC Case,ESN700047,2021-01-07,2023-03-12,CENTER,NEW,ACTIVE
INV0002408,CSN902408,CMP020,Combustor Liner,ESN700047,2021-11-04,2023-05-05,CENTER,NEW,ACTIVE
INV0002409,CSN902409,CMP022,Dome Assembly,ESN700047,2022-03-07,2023-06-06,CENTER,NEW,ACTIVE
INV0002410,CSN902410,CMP024,HPT Stage 1 Disk,ESN700047,2021-06-11,2023-06-19,STAGE1,NEW,ACTIVE
INV0002411,CSN902411,CMP025,HPT Stage 2 Disk,ESN700047,2021-01-24,2023-05-29,STAGE2,NEW,ACTIVE
INV0002412,CSN902412,CMP028,HPT Shroud,ESN700047,2022-06-25,2023-03-20,CENTER,NEW,ACTIVE
INV0002413,CSN902413,CMP029,LPT Shaft,ESN700047,2022-07-14,2023-05-27,CENTER,NEW,ACTIVE
INV0002414,CSN902414,CMP030,LPT Stage 1 Disk,ESN700047,2022-12-18,2023-01-30,STAGE1,NEW,ACTIVE
INV0002415,CSN902415,CMP031,LPT Stage 2 Disk,ESN700047,2021-04-04,2023-03-23,STAGE2,NEW,ACTIVE
INV0002416,CSN902416,CMP034,Turbine Rear Frame,ESN700047,2021-01-01,2023-03-21,CENTER,NEW,ACTIVE
INV0002417,CSN902417,CMP035,Fuel Pump,ESN700047,2022-02-08,2023-05-18,CENTER,NEW,ACTIVE
INV0002418,CSN902418,CMP036,Hydromechanical Unit (HMU),ESN700047,2022-03-20,2023-05-31,CENTER,NEW,ACTIVE
INV0002419,CSN902419,CMP037,Fuel Filter,ESN700047,2022-11-03,2023-03-02,CENTER,NEW,ACTIVE
INV0002420,CSN902420,CMP038,Fuel Shutoff Valve,ESN700047,2021-06-24,2023-05-30,CENTER,NEW,ACTIVE
INV0002421,CSN902421,CMP039,Fuel Manifold,ESN700047,2022-11-30,2023-01-31,CENTER,NEW,ACTIVE
INV0002422,CSN902422,CMP040,Ignition Exciter,ESN700047,2021-09-13,2023-06-28,CENTER,NEW,ACTIVE
INV0002423,CSN902423,CMP041,Igniter Plug A,ESN700047,2022-03-19,2023-06-22,A,NEW,ACTIVE
INV0002424,CSN902424,CMP042,Igniter Plug B,ESN700047,2021-11-10,2023-06-26,B,NEW,ACTIVE
INV0002425,CSN902425,CMP043,Variable Bleed Valve (VBV),ESN700047,2021-03-05,2023-05-21,CENTER,NEW,ACTIVE
INV0002426,CSN902426,CMP044,VBV Actuator,ESN700047,2021-03-16,2023-02-23,CENTER,NEW,ACTIVE
INV0002427,CSN902427,CMP045,High Stage Bleed Valve,ESN700047,2021-10-08,2023-05-12,CENTER,NEW,ACTIVE
INV0002428,CSN902428,CMP046,Start Valve,ESN700047,2021-09-12,2023-02-01,CENTER,NEW,ACTIVE
INV0002429,CSN902429,CMP047,Exhaust Nozzle,ESN700047,2021-04-15,2023-01-11,CENTER,NEW,ACTIVE
INV0002430,CSN902430,CMP048,Exhaust Mixer,ESN700047,2021-04-26,2023-05-13,CENTER,NEW,ACTIVE
INV0002431,CSN902431,CMP049,Oil Pump,ESN700047,2021-12-12,2023-01-14,CENTER,NEW,ACTIVE
INV0002432,CSN902432,CMP050,Scavenge Pump,ESN700047,2022-04-17,2023-03-26,CENTER,NEW,ACTIVE
INV0002433,CSN902433,CMP051,Oil Filter,ESN700047,2021-03-18,2023-03-28,CENTER,NEW,ACTIVE
INV0002434,CSN902434,CMP052,Oil Pressure Transmitter,ESN700047,2021-08-15,2023-02-11,CENTER,NEW,ACTIVE
INV0002435,CSN902435,CMP053,Oil Temperature Sensor,ESN700047,2022-08-31,2023-04-07,CENTER,NEW,ACTIVE
INV0002436,CSN902436,CMP054,EGT Thermocouple Harness,ESN700047,2022-09-28,2023-03-23,CENTER,NEW,ACTIVE
INV0002437,CSN902437,CMP055,N1 Speed Sensor,ESN700047,2022-05-11,2023-03-24,CENTER,NEW,ACTIVE
INV0002438,CSN902438,CMP056,N2 Speed Sensor,ESN700047,2022-11-07,2023-04-01,CENTER,NEW,ACTIVE
INV0002439,CSN902439,CMP057,Vibration Sensor,ESN700047,2022-05-08,2023-06-03,CENTER,NEW,ACTIVE
INV0002440,CSN902440,CMP058,Chip Detector,ESN700047,2021-01-10,2023-01-04,CENTER,NEW,ACTIVE
INV0002441,CSN902441,CMP059,Accessory Gearbox,ESN700047,2022-12-25,2023-03-04,CENTER,NEW,ACTIVE
INV0002442,CSN902442,CMP060,Starter,ESN700047,2022-02-11,2023-06-21,CENTER,NEW,ACTIVE
INV0002443,CSN902443,CMP061,Integrated Drive Generator (IDG) Drive Pad,ESN700047,2021-03-28,2023-02-25,CENTER,NEW,ACTIVE
INV0002444,CSN902444,CMP062,Hydraulic Pump Drive Pad,ESN700047,2022-01-13,2023-03-05,CENTER,NEW,ACTIVE
INV0002445,CSN902445,CMP001,Fan Disk,ESN700048,2022-11-24,2023-05-06,CENTER,NEW,ACTIVE
INV0002446,CSN902446,CMP002,Fan Shaft,ESN700048,2021-01-07,2023-01-20,CENTER,NEW,ACTIVE
INV0002447,CSN902447,CMP005,Fan Case,ESN700048,2022-01-30,2023-06-13,CENTER,NEW,ACTIVE
INV0002448,CSN902448,CMP006,Spinner Cone,ESN700048,2021-01-17,2023-04-01,CENTER,NEW,ACTIVE
INV0002449,CSN902449,CMP007,Booster Rotor,ESN700048,2021-01-11,2023-06-13,CENTER,NEW,ACTIVE
INV0002450,CSN902450,CMP009,Booster Stator Assembly,ESN700048,2021-07-06,2023-03-25,CENTER,NEW,ACTIVE
INV0002451,CSN902451,CMP010,Booster Case,ESN700048,2021-04-30,2023-04-24,CENTER,NEW,ACTIVE
INV0002452,CSN902452,CMP011,HPC Stage 1 Disk,ESN700048,2021-12-08,2023-02-27,STAGE1,NEW,ACTIVE
INV0002453,CSN902453,CMP012,HPC Stage 2 Disk,ESN700048,2022-07-23,2023-05-26,STAGE2,NEW,ACTIVE
INV0002454,CSN902454,CMP013,HPC Stage 3 Disk,ESN700048,2022-09-21,2023-02-18,STAGE3,NEW,ACTIVE
INV0002455,CSN902455,CMP014,HPC Stage 4 Disk,ESN700048,2021-04-26,2023-04-05,STAGE4,NEW,ACTIVE
INV0002456,CSN902456,CMP015,HPC Stage 5 Disk,ESN700048,2021-12-19,2023-01-26,STAGE5,NEW,ACTIVE
INV0002457,CSN902457,CMP016,HPC Rotor Shaft,ESN700048,2022-02-27,2023-05-12,CENTER,NEW,ACTIVE
INV0002458,CSN902458,CMP018,Variable Stator Vane Assembly,ESN700048,2021-10-10,2023-01-08,CENTER,NEW,ACTIVE
INV0002459,CSN902459,CMP019,HPC Case,ESN700048,2022-12-27,2023-06-02,CENTER,NEW,ACTIVE
INV0002460,CSN902460,CMP020,Combustor Liner,ESN700048,2022-02-19,2023-03-05,CENTER,NEW,ACTIVE
INV0002461,CSN902461,CMP022,Dome Assembly,ESN700048,2021-01-19,2023-01-07,CENTER,NEW,ACTIVE
INV0002462,CSN902462,CMP024,HPT Stage 1 Disk,ESN700048,2021-01-19,2023-02-20,STAGE1,NEW,ACTIVE
INV0002463,CSN902463,CMP025,HPT Stage 2 Disk,ESN700048,2022-12-23,2023-02-26,STAGE2,NEW,ACTIVE
INV0002464,CSN902464,CMP028,HPT Shroud,ESN700048,2021-07-03,2023-03-22,CENTER,NEW,ACTIVE
INV0002465,CSN902465,CMP029,LPT Shaft,ESN700048,2021-01-05,2023-06-18,CENTER,NEW,ACTIVE
INV0002466,CSN902466,CMP030,LPT Stage 1 Disk,ESN700048,2022-03-20,2023-03-06,STAGE1,NEW,ACTIVE
INV0002467,CSN902467,CMP031,LPT Stage 2 Disk,ESN700048,2022-11-09,2023-05-01,STAGE2,NEW,ACTIVE
INV0002468,CSN902468,CMP034,Turbine Rear Frame,ESN700048,2022-12-11,2023-05-15,CENTER,NEW,ACTIVE
INV0002469,CSN902469,CMP035,Fuel Pump,ESN700048,2021-05-30,2023-02-23,CENTER,NEW,ACTIVE
INV0002470,CSN902470,CMP036,Hydromechanical Unit (HMU),ESN700048,2021-04-14,2023-03-04,CENTER,NEW,ACTIVE
INV0002471,CSN902471,CMP037,Fuel Filter,ESN700048,2021-11-02,2023-01-08,CENTER,NEW,ACTIVE
INV0002472,CSN902472,CMP038,Fuel Shutoff Valve,ESN700048,2022-07-22,2023-01-15,CENTER,NEW,ACTIVE
INV0002473,CSN902473,CMP039,Fuel Manifold,ESN700048,2021-03-19,2023-03-22,CENTER,NEW,ACTIVE
INV0002474,CSN902474,CMP040,Ignition Exciter,ESN700048,2021-06-27,2023-02-24,CENTER,NEW,ACTIVE
INV0002475,CSN902475,CMP041,Igniter Plug A,ESN700048,2022-03-30,2023-03-23,A,NEW,ACTIVE
INV0002476,CSN902476,CMP042,Igniter Plug B,ESN700048,2022-02-13,2023-05-22,B,NEW,ACTIVE
INV0002477,CSN902477,CMP043,Variable Bleed Valve (VBV),ESN700048,2022-10-31,2023-05-05,CENTER,NEW,ACTIVE
INV0002478,CSN902478,CMP044,VBV Actuator,ESN700048,2021-01-15,2023-05-10,CENTER,NEW,ACTIVE
INV0002479,CSN902479,CMP045,High Stage Bleed Valve,ESN700048,2021-09-27,2023-04-05,CENTER,NEW,ACTIVE
INV0002480,CSN902480,CMP046,Start Valve,ESN700048,2022-11-26,2023-01-12,CENTER,NEW,ACTIVE
INV0002481,CSN902481,CMP047,Exhaust Nozzle,ESN700048,2021-08-07,2023-06-24,CENTER,NEW,ACTIVE
INV0002482,CSN902482,CMP048,Exhaust Mixer,ESN700048,2022-02-08,2023-03-04,CENTER,NEW,ACTIVE
INV0002483,CSN902483,CMP049,Oil Pump,ESN700048,2021-10-17,2023-06-24,CENTER,NEW,ACTIVE
INV0002484,CSN902484,CMP050,Scavenge Pump,ESN700048,2021-05-20,2023-06-06,CENTER,NEW,ACTIVE
INV0002485,CSN902485,CMP051,Oil Filter,ESN700048,2021-08-29,2023-05-04,CENTER,NEW,ACTIVE
INV0002486,CSN902486,CMP052,Oil Pressure Transmitter,ESN700048,2022-03-28,2023-06-22,CENTER,NEW,ACTIVE
INV0002487,CSN902487,CMP053,Oil Temperature Sensor,ESN700048,2022-07-03,2023-03-06,CENTER,NEW,ACTIVE
INV0002488,CSN902488,CMP054,EGT Thermocouple Harness,ESN700048,2021-12-09,2023-04-08,CENTER,NEW,ACTIVE
INV0002489,CSN902489,CMP055,N1 Speed Sensor,ESN700048,2021-03-20,2023-01-12,CENTER,NEW,ACTIVE
INV0002490,CSN902490,CMP056,N2 Speed Sensor,ESN700048,2022-10-26,2023-05-12,CENTER,NEW,ACTIVE
INV0002491,CSN902491,CMP057,Vibration Sensor,ESN700048,2022-06-01,2023-06-16,CENTER,NEW,ACTIVE
INV0002492,CSN902492,CMP058,Chip Detector,ESN700048,2021-05-14,2023-05-23,CENTER,NEW,ACTIVE
INV0002493,CSN902493,CMP059,Accessory Gearbox,ESN700048,2022-09-15,2023-04-13,CENTER,NEW,ACTIVE
INV0002494,CSN902494,CMP060,Starter,ESN700048,2022-11-20,2023-03-09,CENTER,NEW,ACTIVE
INV0002495,CSN902495,CMP061,Integrated Drive Generator (IDG) Drive Pad,ESN700048,2022-11-29,2023-05-10,CENTER,NEW,ACTIVE
INV0002496,CSN902496,CMP062,Hydraulic Pump Drive Pad,ESN700048,2021-10-12,2023-05-01,CENTER,NEW,ACTIVE
INV0002497,CSN902497,CMP001,Fan Disk,ESN700049,2021-10-15,2023-05-05,CENTER,NEW,ACTIVE
INV0002498,CSN902498,CMP002,Fan Shaft,ESN700049,2021-03-08,2023-04-21,CENTER,NEW,ACTIVE
INV0002499,CSN902499,CMP005,Fan Case,ESN700049,2022-10-07,2023-02-12,CENTER,NEW,ACTIVE
INV0002500,CSN902500,CMP006,Spinner Cone,ESN700049,2022-06-12,2022-12-31,CENTER,NEW,ACTIVE
INV0002501,CSN902501,CMP007,Booster Rotor,ESN700049,2021-04-22,2023-05-02,CENTER,NEW,ACTIVE
INV0002502,CSN902502,CMP009,Booster Stator Assembly,ESN700049,2021-12-26,2023-04-07,CENTER,NEW,ACTIVE
INV0002503,CSN902503,CMP010,Booster Case,ESN700049,2022-04-13,2023-03-05,CENTER,NEW,ACTIVE
INV0002504,CSN902504,CMP011,HPC Stage 1 Disk,ESN700049,2021-05-08,2023-03-10,STAGE1,NEW,ACTIVE
INV0002505,CSN902505,CMP012,HPC Stage 2 Disk,ESN700049,2022-04-28,2023-03-15,STAGE2,NEW,ACTIVE
INV0002506,CSN902506,CMP013,HPC Stage 3 Disk,ESN700049,2021-05-31,2023-01-30,STAGE3,NEW,ACTIVE
INV0002507,CSN902507,CMP014,HPC Stage 4 Disk,ESN700049,2022-03-23,2023-03-22,STAGE4,NEW,ACTIVE
INV0002508,CSN902508,CMP015,HPC Stage 5 Disk,ESN700049,2021-12-20,2023-05-02,STAGE5,NEW,ACTIVE
INV0002509,CSN902509,CMP016,HPC Rotor Shaft,ESN700049,2021-03-11,2022-12-30,CENTER,NEW,ACTIVE
INV0002510,CSN902510,CMP018,Variable Stator Vane Assembly,ESN700049,2021-04-25,2023-03-16,CENTER,NEW,ACTIVE
INV0002511,CSN902511,CMP019,HPC Case,ESN700049,2022-02-08,2023-06-03,CENTER,NEW,ACTIVE
INV0002512,CSN902512,CMP020,Combustor Liner,ESN700049,2021-07-23,2023-02-23,CENTER,NEW,ACTIVE
INV0002513,CSN902513,CMP022,Dome Assembly,ESN700049,2022-09-19,2023-06-16,CENTER,NEW,ACTIVE
INV0002514,CSN902514,CMP024,HPT Stage 1 Disk,ESN700049,2021-11-14,2023-01-06,STAGE1,NEW,ACTIVE
INV0002515,CSN902515,CMP025,HPT Stage 2 Disk,ESN700049,2022-01-25,2023-01-13,STAGE2,NEW,ACTIVE
INV0002516,CSN902516,CMP028,HPT Shroud,ESN700049,2022-03-28,2023-04-05,CENTER,NEW,ACTIVE
INV0002517,CSN902517,CMP029,LPT Shaft,ESN700049,2021-10-03,2023-03-27,CENTER,NEW,ACTIVE
INV0002518,CSN902518,CMP030,LPT Stage 1 Disk,ESN700049,2021-05-16,2023-05-17,STAGE1,NEW,ACTIVE
INV0002519,CSN902519,CMP031,LPT Stage 2 Disk,ESN700049,2021-10-05,2023-01-18,STAGE2,NEW,ACTIVE
INV0002520,CSN902520,CMP034,Turbine Rear Frame,ESN700049,2021-02-02,2023-04-02,CENTER,NEW,ACTIVE
INV0002521,CSN902521,CMP035,Fuel Pump,ESN700049,2022-01-12,2023-02-17,CENTER,NEW,ACTIVE
INV0002522,CSN902522,CMP036,Hydromechanical Unit (HMU),ESN700049,2021-11-11,2023-02-06,CENTER,NEW,ACTIVE
INV0002523,CSN902523,CMP037,Fuel Filter,ESN700049,2022-11-21,2023-04-25,CENTER,NEW,ACTIVE
INV0002524,CSN902524,CMP038,Fuel Shutoff Valve,ESN700049,2022-12-02,2023-02-04,CENTER,NEW,ACTIVE
INV0002525,CSN902525,CMP039,Fuel Manifold,ESN700049,2021-11-08,2023-03-02,CENTER,NEW,ACTIVE
INV0002526,CSN902526,CMP040,Ignition Exciter,ESN700049,2022-11-05,2023-01-17,CENTER,NEW,ACTIVE
INV0002527,CSN902527,CMP041,Igniter Plug A,ESN700049,2022-04-22,2023-01-02,A,NEW,ACTIVE
INV0002528,CSN902528,CMP042,Igniter Plug B,ESN700049,2022-06-12,2023-03-07,B,NEW,ACTIVE
INV0002529,CSN902529,CMP043,Variable Bleed Valve (VBV),ESN700049,2022-04-06,2023-02-10,CENTER,NEW,ACTIVE
INV0002530,CSN902530,CMP044,VBV Actuator,ESN700049,2021-08-17,2023-02-21,CENTER,NEW,ACTIVE
INV0002531,CSN902531,CMP045,High Stage Bleed Valve,ESN700049,2021-08-10,2023-01-18,CENTER,NEW,ACTIVE
INV0002532,CSN902532,CMP046,Start Valve,ESN700049,2021-09-06,2023-05-20,CENTER,NEW,ACTIVE
INV0002533,CSN902533,CMP047,Exhaust Nozzle,ESN700049,2022-04-21,2023-04-16,CENTER,NEW,ACTIVE
INV0002534,CSN902534,CMP048,Exhaust Mixer,ESN700049,2022-03-27,2023-04-21,CENTER,NEW,ACTIVE
INV0002535,CSN902535,CMP049,Oil Pump,ESN700049,2022-12-10,2023-04-24,CENTER,NEW,ACTIVE
INV0002536,CSN902536,CMP050,Scavenge Pump,ESN700049,2021-01-26,2023-03-09,CENTER,NEW,ACTIVE
INV0002537,CSN902537,CMP051,Oil Filter,ESN700049,2022-12-21,2023-01-21,CENTER,NEW,ACTIVE
INV0002538,CSN902538,CMP052,Oil Pressure Transmitter,ESN700049,2021-09-05,2023-01-05,CENTER,NEW,ACTIVE
INV0002539,CSN902539,CMP053,Oil Temperature Sensor,ESN700049,2022-03-19,2023-03-03,CENTER,NEW,ACTIVE
INV0002540,CSN902540,CMP054,EGT Thermocouple Harness,ESN700049,2022-07-24,2023-04-25,CENTER,NEW,ACTIVE
INV0002541,CSN902541,CMP055,N1 Speed Sensor,ESN700049,2021-08-23,2023-04-19,CENTER,NEW,ACTIVE
INV0002542,CSN902542,CMP056,N2 Speed Sensor,ESN700049,2021-11-30,2023-02-18,CENTER,NEW,ACTIVE
INV0002543,CSN902543,CMP057,Vibration Sensor,ESN700049,2021-08-10,2023-02-18,CENTER,NEW,ACTIVE
INV0002544,CSN902544,CMP058,Chip Detector,ESN700049,2021-11-26,2023-04-29,CENTER,NEW,ACTIVE
INV0002545,CSN902545,CMP059,Accessory Gearbox,ESN700049,2022-07-06,2023-03-24,CENTER,NEW,ACTIVE
INV0002546,CSN902546,CMP060,Starter,ESN700049,2021-09-28,2023-05-13,CENTER,NEW,ACTIVE
INV0002547,CSN902547,CMP061,Integrated Drive Generator (IDG) Drive Pad,ESN700049,2021-07-01,2023-03-26,CENTER,NEW,ACTIVE
INV0002548,CSN902548,CMP062,Hydraulic Pump Drive Pad,ESN700049,2021-11-10,2023-05-11,CENTER,NEW,ACTIVE
INV0002549,CSN902549,CMP001,Fan Disk,ESN700050,2022-09-24,2023-02-21,CENTER,NEW,ACTIVE
INV0002550,CSN902550,CMP002,Fan Shaft,ESN700050,2022-08-25,2023-05-10,CENTER,NEW,ACTIVE
INV0002551,CSN902551,CMP005,Fan Case,ESN700050,2022-12-29,2023-01-28,CENTER,NEW,ACTIVE
INV0002552,CSN902552,CMP006,Spinner Cone,ESN700050,2021-08-12,2023-02-05,CENTER,NEW,ACTIVE
INV0002553,CSN902553,CMP007,Booster Rotor,ESN700050,2022-09-12,2023-02-16,CENTER,NEW,ACTIVE
INV0002554,CSN902554,CMP009,Booster Stator Assembly,ESN700050,2021-01-18,2023-02-03,CENTER,NEW,ACTIVE
INV0002555,CSN902555,CMP010,Booster Case,ESN700050,2022-02-12,2023-01-18,CENTER,NEW,ACTIVE
INV0002556,CSN902556,CMP011,HPC Stage 1 Disk,ESN700050,2021-07-02,2023-06-20,STAGE1,NEW,ACTIVE
INV0002557,CSN902557,CMP012,HPC Stage 2 Disk,ESN700050,2022-11-03,2023-01-18,STAGE2,NEW,ACTIVE
INV0002558,CSN902558,CMP013,HPC Stage 3 Disk,ESN700050,2021-09-28,2023-04-26,STAGE3,NEW,ACTIVE
INV0002559,CSN902559,CMP014,HPC Stage 4 Disk,ESN700050,2021-11-20,2023-05-22,STAGE4,NEW,ACTIVE
INV0002560,CSN902560,CMP015,HPC Stage 5 Disk,ESN700050,2021-09-09,2023-03-31,STAGE5,NEW,ACTIVE
INV0002561,CSN902561,CMP016,HPC Rotor Shaft,ESN700050,2022-04-21,2023-04-27,CENTER,NEW,ACTIVE
INV0002562,CSN902562,CMP018,Variable Stator Vane Assembly,ESN700050,2022-06-11,2023-04-28,CENTER,NEW,ACTIVE
INV0002563,CSN902563,CMP019,HPC Case,ESN700050,2022-02-05,2023-01-26,CENTER,NEW,ACTIVE
INV0002564,CSN902564,CMP020,Combustor Liner,ESN700050,2022-06-10,2023-03-29,CENTER,NEW,ACTIVE
INV0002565,CSN902565,CMP022,Dome Assembly,ESN700050,2022-06-09,2023-06-08,CENTER,NEW,ACTIVE
INV0002566,CSN902566,CMP024,HPT Stage 1 Disk,ESN700050,2022-01-17,2023-02-11,STAGE1,NEW,ACTIVE
INV0002567,CSN902567,CMP025,HPT Stage 2 Disk,ESN700050,2022-08-24,2023-06-17,STAGE2,NEW,ACTIVE
INV0002568,CSN902568,CMP028,HPT Shroud,ESN700050,2022-01-21,2023-03-26,CENTER,NEW,ACTIVE
INV0002569,CSN902569,CMP029,LPT Shaft,ESN700050,2022-06-09,2023-02-05,CENTER,NEW,ACTIVE
INV0002570,CSN902570,CMP030,LPT Stage 1 Disk,ESN700050,2021-06-15,2023-05-01,STAGE1,NEW,ACTIVE
INV0002571,CSN902571,CMP031,LPT Stage 2 Disk,ESN700050,2021-07-25,2023-01-04,STAGE2,NEW,ACTIVE
INV0002572,CSN902572,CMP034,Turbine Rear Frame,ESN700050,2022-06-03,2023-02-17,CENTER,NEW,ACTIVE
INV0002573,CSN902573,CMP035,Fuel Pump,ESN700050,2021-02-17,2023-05-12,CENTER,NEW,ACTIVE
INV0002574,CSN902574,CMP036,Hydromechanical Unit (HMU),ESN700050,2022-06-08,2023-06-06,CENTER,NEW,ACTIVE
INV0002575,CSN902575,CMP037,Fuel Filter,ESN700050,2021-12-05,2023-01-28,CENTER,NEW,ACTIVE
INV0002576,CSN902576,CMP038,Fuel Shutoff Valve,ESN700050,2021-11-16,2023-04-22,CENTER,NEW,ACTIVE
INV0002577,CSN902577,CMP039,Fuel Manifold,ESN700050,2021-11-06,2023-01-29,CENTER,NEW,ACTIVE
INV0002578,CSN902578,CMP040,Ignition Exciter,ESN700050,2022-08-24,2023-06-14,CENTER,NEW,ACTIVE
INV0002579,CSN902579,CMP041,Igniter Plug A,ESN700050,2022-05-07,2023-01-14,A,NEW,ACTIVE
INV0002580,CSN902580,CMP042,Igniter Plug B,ESN700050,2022-11-09,2023-03-25,B,NEW,ACTIVE
INV0002581,CSN902581,CMP043,Variable Bleed Valve (VBV),ESN700050,2022-05-08,2023-05-10,CENTER,NEW,ACTIVE
INV0002582,CSN902582,CMP044,VBV Actuator,ESN700050,2021-02-09,2023-02-23,CENTER,NEW,ACTIVE
INV0002583,CSN902583,CMP045,High Stage Bleed Valve,ESN700050,2021-01-01,2023-05-04,CENTER,NEW,ACTIVE
INV0002584,CSN902584,CMP046,Start Valve,ESN700050,2022-08-22,2023-04-20,CENTER,NEW,ACTIVE
INV0002585,CSN902585,CMP047,Exhaust Nozzle,ESN700050,2021-06-28,2023-06-14,CENTER,NEW,ACTIVE
INV0002586,CSN902586,CMP048,Exhaust Mixer,ESN700050,2021-10-25,2023-01-22,CENTER,NEW,ACTIVE
INV0002587,CSN902587,CMP049,Oil Pump,ESN700050,2022-01-14,2023-01-23,CENTER,NEW,ACTIVE
INV0002588,CSN902588,CMP050,Scavenge Pump,ESN700050,2021-07-27,2023-02-16,CENTER,NEW,ACTIVE
INV0002589,CSN902589,CMP051,Oil Filter,ESN700050,2022-12-18,2023-03-20,CENTER,NEW,ACTIVE
INV0002590,CSN902590,CMP052,Oil Pressure Transmitter,ESN700050,2021-01-30,2023-06-15,CENTER,NEW,ACTIVE
INV0002591,CSN902591,CMP053,Oil Temperature Sensor,ESN700050,2021-11-06,2023-03-29,CENTER,NEW,ACTIVE
INV0002592,CSN902592,CMP054,EGT Thermocouple Harness,ESN700050,2021-06-16,2023-06-12,CENTER,NEW,ACTIVE
INV0002593,CSN902593,CMP055,N1 Speed Sensor,ESN700050,2022-04-05,2023-02-25,CENTER,NEW,ACTIVE
INV0002594,CSN902594,CMP056,N2 Speed Sensor,ESN700050,2022-12-05,2023-06-25,CENTER,NEW,ACTIVE
INV0002595,CSN902595,CMP057,Vibration Sensor,ESN700050,2022-11-05,2023-05-30,CENTER,NEW,ACTIVE
INV0002596,CSN902596,CMP058,Chip Detector,ESN700050,2022-01-27,2023-03-29,CENTER,NEW,ACTIVE
INV0002597,CSN902597,CMP059,Accessory Gearbox,ESN700050,2022-08-17,2023-03-31,CENTER,NEW,ACTIVE
INV0002598,CSN902598,CMP060,Starter,ESN700050,2022-01-31,2023-06-28,CENTER,NEW,ACTIVE
INV0002599,CSN902599,CMP061,Integrated Drive Generator (IDG) Drive Pad,ESN700050,2022-08-23,2023-01-19,CENTER,NEW,ACTIVE
INV0002600,CSN902600,CMP062,Hydraulic Pump Drive Pad,ESN700050,2021-04-21,2023-05-31,CENTER,NEW,ACTIVE
INV0002601,CSN902601,CMP001,Fan Disk,ESN700051,2021-05-02,2023-01-12,CENTER,NEW,ACTIVE
INV0002602,CSN902602,CMP002,Fan Shaft,ESN700051,2022-05-07,2023-05-09,CENTER,NEW,ACTIVE
INV0002603,CSN902603,CMP005,Fan Case,ESN700051,2022-09-29,2023-06-21,CENTER,NEW,ACTIVE
INV0002604,CSN902604,CMP006,Spinner Cone,ESN700051,2021-03-31,2023-03-19,CENTER,NEW,ACTIVE
INV0002605,CSN902605,CMP007,Booster Rotor,ESN700051,2022-12-10,2023-03-29,CENTER,NEW,ACTIVE
INV0002606,CSN902606,CMP009,Booster Stator Assembly,ESN700051,2021-11-23,2023-02-07,CENTER,NEW,ACTIVE
INV0002607,CSN902607,CMP010,Booster Case,ESN700051,2021-11-11,2023-01-01,CENTER,NEW,ACTIVE
INV0002608,CSN902608,CMP011,HPC Stage 1 Disk,ESN700051,2021-11-12,2023-06-28,STAGE1,NEW,ACTIVE
INV0002609,CSN902609,CMP012,HPC Stage 2 Disk,ESN700051,2022-11-29,2023-05-28,STAGE2,NEW,ACTIVE
INV0002610,CSN902610,CMP013,HPC Stage 3 Disk,ESN700051,2022-12-22,2023-06-06,STAGE3,NEW,ACTIVE
INV0002611,CSN902611,CMP014,HPC Stage 4 Disk,ESN700051,2022-08-21,2023-02-22,STAGE4,NEW,ACTIVE
INV0002612,CSN902612,CMP015,HPC Stage 5 Disk,ESN700051,2021-05-10,2023-05-02,STAGE5,NEW,ACTIVE
INV0002613,CSN902613,CMP016,HPC Rotor Shaft,ESN700051,2021-08-02,2023-05-06,CENTER,NEW,ACTIVE
INV0002614,CSN902614,CMP018,Variable Stator Vane Assembly,ESN700051,2021-06-03,2023-02-25,CENTER,NEW,ACTIVE
INV0002615,CSN902615,CMP019,HPC Case,ESN700051,2021-09-25,2023-05-10,CENTER,NEW,ACTIVE
INV0002616,CSN902616,CMP020,Combustor Liner,ESN700051,2021-05-22,2023-02-10,CENTER,NEW,ACTIVE
INV0002617,CSN902617,CMP022,Dome Assembly,ESN700051,2022-08-26,2023-06-21,CENTER,NEW,ACTIVE
INV0002618,CSN902618,CMP024,HPT Stage 1 Disk,ESN700051,2021-03-09,2023-03-02,STAGE1,NEW,ACTIVE
INV0002619,CSN902619,CMP025,HPT Stage 2 Disk,ESN700051,2022-07-21,2023-01-30,STAGE2,NEW,ACTIVE
INV0002620,CSN902620,CMP028,HPT Shroud,ESN700051,2022-07-04,2023-06-19,CENTER,NEW,ACTIVE
INV0002621,CSN902621,CMP029,LPT Shaft,ESN700051,2021-01-01,2023-02-27,CENTER,NEW,ACTIVE
INV0002622,CSN902622,CMP030,LPT Stage 1 Disk,ESN700051,2022-08-23,2023-02-14,STAGE1,NEW,ACTIVE
INV0002623,CSN902623,CMP031,LPT Stage 2 Disk,ESN700051,2021-06-18,2023-06-23,STAGE2,NEW,ACTIVE
INV0002624,CSN902624,CMP034,Turbine Rear Frame,ESN700051,2021-10-21,2023-04-22,CENTER,NEW,ACTIVE
INV0002625,CSN902625,CMP035,Fuel Pump,ESN700051,2021-09-27,2023-02-21,CENTER,NEW,ACTIVE
INV0002626,CSN902626,CMP036,Hydromechanical Unit (HMU),ESN700051,2021-11-20,2023-01-09,CENTER,NEW,ACTIVE
INV0002627,CSN902627,CMP037,Fuel Filter,ESN700051,2021-11-28,2023-06-13,CENTER,NEW,ACTIVE
INV0002628,CSN902628,CMP038,Fuel Shutoff Valve,ESN700051,2021-09-03,2023-05-07,CENTER,NEW,ACTIVE
INV0002629,CSN902629,CMP039,Fuel Manifold,ESN700051,2021-04-16,2023-03-07,CENTER,NEW,ACTIVE
INV0002630,CSN902630,CMP040,Ignition Exciter,ESN700051,2022-09-01,2023-06-03,CENTER,NEW,ACTIVE
INV0002631,CSN902631,CMP041,Igniter Plug A,ESN700051,2021-12-02,2023-03-22,A,NEW,ACTIVE
INV0002632,CSN902632,CMP042,Igniter Plug B,ESN700051,2022-03-28,2023-03-07,B,NEW,ACTIVE
INV0002633,CSN902633,CMP043,Variable Bleed Valve (VBV),ESN700051,2021-07-20,2023-06-05,CENTER,NEW,ACTIVE
INV0002634,CSN902634,CMP044,VBV Actuator,ESN700051,2021-09-16,2023-03-08,CENTER,NEW,ACTIVE
INV0002635,CSN902635,CMP045,High Stage Bleed Valve,ESN700051,2021-07-15,2023-03-30,CENTER,NEW,ACTIVE
INV0002636,CSN902636,CMP046,Start Valve,ESN700051,2021-12-09,2023-02-19,CENTER,NEW,ACTIVE
INV0002637,CSN902637,CMP047,Exhaust Nozzle,ESN700051,2022-04-26,2023-05-12,CENTER,NEW,ACTIVE
INV0002638,CSN902638,CMP048,Exhaust Mixer,ESN700051,2022-01-29,2023-06-15,CENTER,NEW,ACTIVE
INV0002639,CSN902639,CMP049,Oil Pump,ESN700051,2022-01-21,2022-12-30,CENTER,NEW,ACTIVE
INV0002640,CSN902640,CMP050,Scavenge Pump,ESN700051,2022-05-03,2023-02-14,CENTER,NEW,ACTIVE
INV0002641,CSN902641,CMP051,Oil Filter,ESN700051,2021-05-16,2023-03-30,CENTER,NEW,ACTIVE
INV0002642,CSN902642,CMP052,Oil Pressure Transmitter,ESN700051,2022-05-15,2023-01-29,CENTER,NEW,ACTIVE
INV0002643,CSN902643,CMP053,Oil Temperature Sensor,ESN700051,2021-11-24,2023-01-15,CENTER,NEW,ACTIVE
INV0002644,CSN902644,CMP054,EGT Thermocouple Harness,ESN700051,2022-10-26,2023-04-17,CENTER,NEW,ACTIVE
INV0002645,CSN902645,CMP055,N1 Speed Sensor,ESN700051,2022-11-16,2023-03-08,CENTER,NEW,ACTIVE
INV0002646,CSN902646,CMP056,N2 Speed Sensor,ESN700051,2021-12-31,2023-06-09,CENTER,NEW,ACTIVE
INV0002647,CSN902647,CMP057,Vibration Sensor,ESN700051,2021-11-21,2023-01-26,CENTER,NEW,ACTIVE
INV0002648,CSN902648,CMP058,Chip Detector,ESN700051,2022-08-14,2023-02-25,CENTER,NEW,ACTIVE
INV0002649,CSN902649,CMP059,Accessory Gearbox,ESN700051,2022-05-19,2023-01-04,CENTER,NEW,ACTIVE
INV0002650,CSN902650,CMP060,Starter,ESN700051,2022-11-04,2023-02-19,CENTER,NEW,ACTIVE
INV0002651,CSN902651,CMP061,Integrated Drive Generator (IDG) Drive Pad,ESN700051,2021-10-09,2023-03-07,CENTER,NEW,ACTIVE
INV0002652,CSN902652,CMP062,Hydraulic Pump Drive Pad,ESN700051,2022-08-28,2023-06-05,CENTER,NEW,ACTIVE
INV0002653,CSN902653,CMP001,Fan Disk,ESN700052,2022-11-24,2023-06-11,CENTER,NEW,ACTIVE
INV0002654,CSN902654,CMP002,Fan Shaft,ESN700052,2021-12-08,2023-03-25,CENTER,NEW,ACTIVE
INV0002655,CSN902655,CMP005,Fan Case,ESN700052,2022-10-23,2023-06-03,CENTER,NEW,ACTIVE
INV0002656,CSN902656,CMP006,Spinner Cone,ESN700052,2021-03-27,2023-04-27,CENTER,NEW,ACTIVE
INV0002657,CSN902657,CMP007,Booster Rotor,ESN700052,2021-10-16,2023-04-18,CENTER,NEW,ACTIVE
INV0002658,CSN902658,CMP009,Booster Stator Assembly,ESN700052,2021-10-14,2023-03-19,CENTER,NEW,ACTIVE
INV0002659,CSN902659,CMP010,Booster Case,ESN700052,2021-05-04,2023-02-16,CENTER,NEW,ACTIVE
INV0002660,CSN902660,CMP011,HPC Stage 1 Disk,ESN700052,2022-01-12,2023-06-10,STAGE1,NEW,ACTIVE
INV0002661,CSN902661,CMP012,HPC Stage 2 Disk,ESN700052,2021-03-23,2023-01-15,STAGE2,NEW,ACTIVE
INV0002662,CSN902662,CMP013,HPC Stage 3 Disk,ESN700052,2022-03-28,2023-02-27,STAGE3,NEW,ACTIVE
INV0002663,CSN902663,CMP014,HPC Stage 4 Disk,ESN700052,2022-08-31,2023-01-26,STAGE4,NEW,ACTIVE
INV0002664,CSN902664,CMP015,HPC Stage 5 Disk,ESN700052,2021-10-22,2023-01-17,STAGE5,NEW,ACTIVE
INV0002665,CSN902665,CMP016,HPC Rotor Shaft,ESN700052,2022-10-09,2023-02-05,CENTER,NEW,ACTIVE
INV0002666,CSN902666,CMP018,Variable Stator Vane Assembly,ESN700052,2022-11-07,2023-04-23,CENTER,NEW,ACTIVE
INV0002667,CSN902667,CMP019,HPC Case,ESN700052,2022-02-11,2023-01-10,CENTER,NEW,ACTIVE
INV0002668,CSN902668,CMP020,Combustor Liner,ESN700052,2021-10-12,2023-01-03,CENTER,NEW,ACTIVE
INV0002669,CSN902669,CMP022,Dome Assembly,ESN700052,2021-10-01,2023-06-13,CENTER,NEW,ACTIVE
INV0002670,CSN902670,CMP024,HPT Stage 1 Disk,ESN700052,2022-04-24,2023-02-03,STAGE1,NEW,ACTIVE
INV0002671,CSN902671,CMP025,HPT Stage 2 Disk,ESN700052,2021-01-31,2023-01-22,STAGE2,NEW,ACTIVE
INV0002672,CSN902672,CMP028,HPT Shroud,ESN700052,2021-07-14,2023-05-08,CENTER,NEW,ACTIVE
INV0002673,CSN902673,CMP029,LPT Shaft,ESN700052,2022-02-08,2023-04-24,CENTER,NEW,ACTIVE
INV0002674,CSN902674,CMP030,LPT Stage 1 Disk,ESN700052,2022-11-17,2023-01-15,STAGE1,NEW,ACTIVE
INV0002675,CSN902675,CMP031,LPT Stage 2 Disk,ESN700052,2021-07-28,2023-04-28,STAGE2,NEW,ACTIVE
INV0002676,CSN902676,CMP034,Turbine Rear Frame,ESN700052,2022-11-02,2023-04-12,CENTER,NEW,ACTIVE
INV0002677,CSN902677,CMP035,Fuel Pump,ESN700052,2021-12-20,2023-06-20,CENTER,NEW,ACTIVE
INV0002678,CSN902678,CMP036,Hydromechanical Unit (HMU),ESN700052,2022-01-13,2023-04-27,CENTER,NEW,ACTIVE
INV0002679,CSN902679,CMP037,Fuel Filter,ESN700052,2022-02-26,2023-06-01,CENTER,NEW,ACTIVE
INV0002680,CSN902680,CMP038,Fuel Shutoff Valve,ESN700052,2021-03-24,2023-03-15,CENTER,NEW,ACTIVE
INV0002681,CSN902681,CMP039,Fuel Manifold,ESN700052,2021-01-15,2023-05-28,CENTER,NEW,ACTIVE
INV0002682,CSN902682,CMP040,Ignition Exciter,ESN700052,2022-01-23,2023-05-21,CENTER,NEW,ACTIVE
INV0002683,CSN902683,CMP041,Igniter Plug A,ESN700052,2021-08-20,2023-05-19,A,NEW,ACTIVE
INV0002684,CSN902684,CMP042,Igniter Plug B,ESN700052,2022-12-07,2023-02-19,B,NEW,ACTIVE
INV0002685,CSN902685,CMP043,Variable Bleed Valve (VBV),ESN700052,2021-05-30,2023-06-09,CENTER,NEW,ACTIVE
INV0002686,CSN902686,CMP044,VBV Actuator,ESN700052,2022-07-13,2023-06-17,CENTER,NEW,ACTIVE
INV0002687,CSN902687,CMP045,High Stage Bleed Valve,ESN700052,2021-07-26,2023-01-05,CENTER,NEW,ACTIVE
INV0002688,CSN902688,CMP046,Start Valve,ESN700052,2022-06-02,2023-06-24,CENTER,NEW,ACTIVE
INV0002689,CSN902689,CMP047,Exhaust Nozzle,ESN700052,2022-10-07,2023-01-25,CENTER,NEW,ACTIVE
INV0002690,CSN902690,CMP048,Exhaust Mixer,ESN700052,2022-06-21,2023-02-02,CENTER,NEW,ACTIVE
INV0002691,CSN902691,CMP049,Oil Pump,ESN700052,2022-08-14,2023-06-24,CENTER,NEW,ACTIVE
INV0002692,CSN902692,CMP050,Scavenge Pump,ESN700052,2022-09-19,2023-02-01,CENTER,NEW,ACTIVE
INV0002693,CSN902693,CMP051,Oil Filter,ESN700052,2021-12-08,2023-06-06,CENTER,NEW,ACTIVE
INV0002694,CSN902694,CMP052,Oil Pressure Transmitter,ESN700052,2021-08-21,2023-05-29,CENTER,NEW,ACTIVE
INV0002695,CSN902695,CMP053,Oil Temperature Sensor,ESN700052,2021-01-13,2023-03-17,CENTER,NEW,ACTIVE
INV0002696,CSN902696,CMP054,EGT Thermocouple Harness,ESN700052,2022-09-11,2023-03-20,CENTER,NEW,ACTIVE
INV0002697,CSN902697,CMP055,N1 Speed Sensor,ESN700052,2021-06-19,2023-03-21,CENTER,NEW,ACTIVE
INV0002698,CSN902698,CMP056,N2 Speed Sensor,ESN700052,2022-05-30,2023-01-12,CENTER,NEW,ACTIVE
INV0002699,CSN902699,CMP057,Vibration Sensor,ESN700052,2022-01-10,2023-03-13,CENTER,NEW,ACTIVE
INV0002700,CSN902700,CMP058,Chip Detector,ESN700052,2021-01-06,2023-06-16,CENTER,NEW,ACTIVE
INV0002701,CSN902701,CMP059,Accessory Gearbox,ESN700052,2021-10-02,2023-03-10,CENTER,NEW,ACTIVE
INV0002702,CSN902702,CMP060,Starter,ESN700052,2021-10-07,2023-02-23,CENTER,NEW,ACTIVE
INV0002703,CSN902703,CMP061,Integrated Drive Generator (IDG) Drive Pad,ESN700052,2021-06-02,2023-01-01,CENTER,NEW,ACTIVE
INV0002704,CSN902704,CMP062,Hydraulic Pump Drive Pad,ESN700052,2022-05-24,2023-01-19,CENTER,NEW,ACTIVE
INV0002705,CSN902705,CMP001,Fan Disk,ESN700053,2022-01-02,2023-06-09,CENTER,NEW,ACTIVE
INV0002706,CSN902706,CMP002,Fan Shaft,ESN700053,2021-09-15,2023-06-13,CENTER,NEW,ACTIVE
INV0002707,CSN902707,CMP005,Fan Case,ESN700053,2022-03-16,2023-05-20,CENTER,NEW,ACTIVE
INV0002708,CSN902708,CMP006,Spinner Cone,ESN700053,2021-01-19,2023-03-24,CENTER,NEW,ACTIVE
INV0002709,CSN902709,CMP007,Booster Rotor,ESN700053,2022-01-21,2023-05-21,CENTER,NEW,ACTIVE
INV0002710,CSN902710,CMP009,Booster Stator Assembly,ESN700053,2022-10-19,2023-05-31,CENTER,NEW,ACTIVE
INV0002711,CSN902711,CMP010,Booster Case,ESN700053,2021-09-25,2023-04-06,CENTER,NEW,ACTIVE
INV0002712,CSN902712,CMP011,HPC Stage 1 Disk,ESN700053,2021-09-23,2023-05-20,STAGE1,NEW,ACTIVE
INV0002713,CSN902713,CMP012,HPC Stage 2 Disk,ESN700053,2022-11-01,2023-03-31,STAGE2,NEW,ACTIVE
INV0002714,CSN902714,CMP013,HPC Stage 3 Disk,ESN700053,2021-11-09,2023-02-26,STAGE3,NEW,ACTIVE
INV0002715,CSN902715,CMP014,HPC Stage 4 Disk,ESN700053,2022-10-21,2023-04-01,STAGE4,NEW,ACTIVE
INV0002716,CSN902716,CMP015,HPC Stage 5 Disk,ESN700053,2021-02-09,2023-04-30,STAGE5,NEW,ACTIVE
INV0002717,CSN902717,CMP016,HPC Rotor Shaft,ESN700053,2022-12-11,2023-01-16,CENTER,NEW,ACTIVE
INV0002718,CSN902718,CMP018,Variable Stator Vane Assembly,ESN700053,2022-04-15,2023-05-01,CENTER,NEW,ACTIVE
INV0002719,CSN902719,CMP019,HPC Case,ESN700053,2022-02-23,2023-04-23,CENTER,NEW,ACTIVE
INV0002720,CSN902720,CMP020,Combustor Liner,ESN700053,2022-01-14,2023-01-11,CENTER,NEW,ACTIVE
INV0002721,CSN902721,CMP022,Dome Assembly,ESN700053,2022-05-26,2023-06-03,CENTER,NEW,ACTIVE
INV0002722,CSN902722,CMP024,HPT Stage 1 Disk,ESN700053,2022-09-26,2023-01-26,STAGE1,NEW,ACTIVE
INV0002723,CSN902723,CMP025,HPT Stage 2 Disk,ESN700053,2021-08-17,2023-03-24,STAGE2,NEW,ACTIVE
INV0002724,CSN902724,CMP028,HPT Shroud,ESN700053,2022-04-10,2023-05-27,CENTER,NEW,ACTIVE
INV0002725,CSN902725,CMP029,LPT Shaft,ESN700053,2021-03-04,2023-05-01,CENTER,NEW,ACTIVE
INV0002726,CSN902726,CMP030,LPT Stage 1 Disk,ESN700053,2022-08-08,2023-01-06,STAGE1,NEW,ACTIVE
INV0002727,CSN902727,CMP031,LPT Stage 2 Disk,ESN700053,2021-03-05,2023-01-11,STAGE2,NEW,ACTIVE
INV0002728,CSN902728,CMP034,Turbine Rear Frame,ESN700053,2022-12-28,2023-04-22,CENTER,NEW,ACTIVE
INV0002729,CSN902729,CMP035,Fuel Pump,ESN700053,2022-06-29,2023-04-17,CENTER,NEW,ACTIVE
INV0002730,CSN902730,CMP036,Hydromechanical Unit (HMU),ESN700053,2021-10-10,2023-01-28,CENTER,NEW,ACTIVE
INV0002731,CSN902731,CMP037,Fuel Filter,ESN700053,2022-03-07,2023-04-17,CENTER,NEW,ACTIVE
INV0002732,CSN902732,CMP038,Fuel Shutoff Valve,ESN700053,2021-05-02,2023-01-26,CENTER,NEW,ACTIVE
INV0002733,CSN902733,CMP039,Fuel Manifold,ESN700053,2021-08-22,2023-06-13,CENTER,NEW,ACTIVE
INV0002734,CSN902734,CMP040,Ignition Exciter,ESN700053,2021-01-03,2023-02-26,CENTER,NEW,ACTIVE
INV0002735,CSN902735,CMP041,Igniter Plug A,ESN700053,2021-12-23,2023-05-08,A,NEW,ACTIVE
INV0002736,CSN902736,CMP042,Igniter Plug B,ESN700053,2021-12-22,2023-05-04,B,NEW,ACTIVE
INV0002737,CSN902737,CMP043,Variable Bleed Valve (VBV),ESN700053,2021-03-15,2023-02-27,CENTER,NEW,ACTIVE
INV0002738,CSN902738,CMP044,VBV Actuator,ESN700053,2021-03-24,2023-03-06,CENTER,NEW,ACTIVE
INV0002739,CSN902739,CMP045,High Stage Bleed Valve,ESN700053,2021-05-31,2023-04-06,CENTER,NEW,ACTIVE
INV0002740,CSN902740,CMP046,Start Valve,ESN700053,2022-09-27,2023-06-02,CENTER,NEW,ACTIVE
INV0002741,CSN902741,CMP047,Exhaust Nozzle,ESN700053,2021-01-18,2023-04-16,CENTER,NEW,ACTIVE
INV0002742,CSN902742,CMP048,Exhaust Mixer,ESN700053,2021-07-25,2023-01-17,CENTER,NEW,ACTIVE
INV0002743,CSN902743,CMP049,Oil Pump,ESN700053,2021-05-11,2023-02-02,CENTER,NEW,ACTIVE
INV0002744,CSN902744,CMP050,Scavenge Pump,ESN700053,2021-10-21,2023-05-02,CENTER,NEW,ACTIVE
INV0002745,CSN902745,CMP051,Oil Filter,ESN700053,2021-03-28,2023-03-31,CENTER,NEW,ACTIVE
INV0002746,CSN902746,CMP052,Oil Pressure Transmitter,ESN700053,2022-01-13,2023-04-26,CENTER,NEW,ACTIVE
INV0002747,CSN902747,CMP053,Oil Temperature Sensor,ESN700053,2022-10-22,2023-06-10,CENTER,NEW,ACTIVE
INV0002748,CSN902748,CMP054,EGT Thermocouple Harness,ESN700053,2021-09-04,2023-05-07,CENTER,NEW,ACTIVE
INV0002749,CSN902749,CMP055,N1 Speed Sensor,ESN700053,2022-10-07,2023-06-10,CENTER,NEW,ACTIVE
INV0002750,CSN902750,CMP056,N2 Speed Sensor,ESN700053,2022-05-30,2023-06-19,CENTER,NEW,ACTIVE
INV0002751,CSN902751,CMP057,Vibration Sensor,ESN700053,2021-07-22,2023-06-21,CENTER,NEW,ACTIVE
INV0002752,CSN902752,CMP058,Chip Detector,ESN700053,2022-12-20,2023-02-26,CENTER,NEW,ACTIVE
INV0002753,CSN902753,CMP059,Accessory Gearbox,ESN700053,2022-08-23,2023-06-06,CENTER,NEW,ACTIVE
INV0002754,CSN902754,CMP060,Starter,ESN700053,2022-12-13,2023-01-18,CENTER,NEW,ACTIVE
INV0002755,CSN902755,CMP061,Integrated Drive Generator (IDG) Drive Pad,ESN700053,2022-08-27,2023-02-17,CENTER,NEW,ACTIVE
INV0002756,CSN902756,CMP062,Hydraulic Pump Drive Pad,ESN700053,2022-11-26,2023-02-17,CENTER,NEW,ACTIVE
INV0002757,CSN902757,CMP001,Fan Disk,ESN700054,2021-02-17,2023-02-04,CENTER,NEW,ACTIVE
INV0002758,CSN902758,CMP002,Fan Shaft,ESN700054,2021-05-16,2023-05-27,CENTER,NEW,ACTIVE
INV0002759,CSN902759,CMP005,Fan Case,ESN700054,2021-09-16,2023-06-25,CENTER,NEW,ACTIVE
INV0002760,CSN902760,CMP006,Spinner Cone,ESN700054,2021-11-25,2023-05-15,CENTER,NEW,ACTIVE
INV0002761,CSN902761,CMP007,Booster Rotor,ESN700054,2022-09-01,2023-05-02,CENTER,NEW,ACTIVE
INV0002762,CSN902762,CMP009,Booster Stator Assembly,ESN700054,2021-11-11,2023-05-30,CENTER,NEW,ACTIVE
INV0002763,CSN902763,CMP010,Booster Case,ESN700054,2021-03-20,2023-05-24,CENTER,NEW,ACTIVE
INV0002764,CSN902764,CMP011,HPC Stage 1 Disk,ESN700054,2022-04-13,2023-06-28,STAGE1,NEW,ACTIVE
INV0002765,CSN902765,CMP012,HPC Stage 2 Disk,ESN700054,2022-01-20,2023-05-30,STAGE2,NEW,ACTIVE
INV0002766,CSN902766,CMP013,HPC Stage 3 Disk,ESN700054,2022-09-16,2023-03-07,STAGE3,NEW,ACTIVE
INV0002767,CSN902767,CMP014,HPC Stage 4 Disk,ESN700054,2021-06-24,2023-06-14,STAGE4,NEW,ACTIVE
INV0002768,CSN902768,CMP015,HPC Stage 5 Disk,ESN700054,2021-05-20,2023-02-25,STAGE5,NEW,ACTIVE
INV0002769,CSN902769,CMP016,HPC Rotor Shaft,ESN700054,2022-07-18,2023-06-24,CENTER,NEW,ACTIVE
INV0002770,CSN902770,CMP018,Variable Stator Vane Assembly,ESN700054,2022-03-15,2023-02-05,CENTER,NEW,ACTIVE
INV0002771,CSN902771,CMP019,HPC Case,ESN700054,2021-08-07,2023-01-02,CENTER,NEW,ACTIVE
INV0002772,CSN902772,CMP020,Combustor Liner,ESN700054,2022-05-29,2023-04-25,CENTER,NEW,ACTIVE
INV0002773,CSN902773,CMP022,Dome Assembly,ESN700054,2022-01-17,2023-05-06,CENTER,NEW,ACTIVE
INV0002774,CSN902774,CMP024,HPT Stage 1 Disk,ESN700054,2021-07-02,2023-02-07,STAGE1,NEW,ACTIVE
INV0002775,CSN902775,CMP025,HPT Stage 2 Disk,ESN700054,2022-07-30,2023-01-27,STAGE2,NEW,ACTIVE
INV0002776,CSN902776,CMP028,HPT Shroud,ESN700054,2021-01-20,2023-02-11,CENTER,NEW,ACTIVE
INV0002777,CSN902777,CMP029,LPT Shaft,ESN700054,2021-10-08,2023-06-14,CENTER,NEW,ACTIVE
INV0002778,CSN902778,CMP030,LPT Stage 1 Disk,ESN700054,2021-09-30,2023-01-03,STAGE1,NEW,ACTIVE
INV0002779,CSN902779,CMP031,LPT Stage 2 Disk,ESN700054,2021-02-06,2023-06-03,STAGE2,NEW,ACTIVE
INV0002780,CSN902780,CMP034,Turbine Rear Frame,ESN700054,2022-03-25,2023-03-01,CENTER,NEW,ACTIVE
INV0002781,CSN902781,CMP035,Fuel Pump,ESN700054,2021-08-10,2023-03-20,CENTER,NEW,ACTIVE
INV0002782,CSN902782,CMP036,Hydromechanical Unit (HMU),ESN700054,2021-06-26,2023-06-18,CENTER,NEW,ACTIVE
INV0002783,CSN902783,CMP037,Fuel Filter,ESN700054,2021-09-13,2023-02-04,CENTER,NEW,ACTIVE
INV0002784,CSN902784,CMP038,Fuel Shutoff Valve,ESN700054,2021-08-29,2023-01-02,CENTER,NEW,ACTIVE
INV0002785,CSN902785,CMP039,Fuel Manifold,ESN700054,2021-09-17,2023-03-27,CENTER,NEW,ACTIVE
INV0002786,CSN902786,CMP040,Ignition Exciter,ESN700054,2021-05-04,2023-01-20,CENTER,NEW,ACTIVE
INV0002787,CSN902787,CMP041,Igniter Plug A,ESN700054,2021-06-16,2023-06-03,A,NEW,ACTIVE
INV0002788,CSN902788,CMP042,Igniter Plug B,ESN700054,2021-09-22,2023-01-03,B,NEW,ACTIVE
INV0002789,CSN902789,CMP043,Variable Bleed Valve (VBV),ESN700054,2022-08-08,2023-02-19,CENTER,NEW,ACTIVE
INV0002790,CSN902790,CMP044,VBV Actuator,ESN700054,2021-11-03,2023-05-24,CENTER,NEW,ACTIVE
INV0002791,CSN902791,CMP045,High Stage Bleed Valve,ESN700054,2022-08-13,2023-06-24,CENTER,NEW,ACTIVE
INV0002792,CSN902792,CMP046,Start Valve,ESN700054,2021-05-17,2023-05-10,CENTER,NEW,ACTIVE
INV0002793,CSN902793,CMP047,Exhaust Nozzle,ESN700054,2022-11-17,2023-02-25,CENTER,NEW,ACTIVE
INV0002794,CSN902794,CMP048,Exhaust Mixer,ESN700054,2022-12-22,2023-03-27,CENTER,NEW,ACTIVE
INV0002795,CSN902795,CMP049,Oil Pump,ESN700054,2022-08-20,2023-04-03,CENTER,NEW,ACTIVE
INV0002796,CSN902796,CMP050,Scavenge Pump,ESN700054,2022-11-22,2023-04-15,CENTER,NEW,ACTIVE
INV0002797,CSN902797,CMP051,Oil Filter,ESN700054,2021-08-15,2023-06-20,CENTER,NEW,ACTIVE
INV0002798,CSN902798,CMP052,Oil Pressure Transmitter,ESN700054,2022-06-16,2023-06-07,CENTER,NEW,ACTIVE
INV0002799,CSN902799,CMP053,Oil Temperature Sensor,ESN700054,2021-07-11,2023-05-09,CENTER,NEW,ACTIVE
INV0002800,CSN902800,CMP054,EGT Thermocouple Harness,ESN700054,2022-03-07,2023-05-10,CENTER,NEW,ACTIVE
INV0002801,CSN902801,CMP055,N1 Speed Sensor,ESN700054,2021-10-07,2023-06-16,CENTER,NEW,ACTIVE
INV0002802,CSN902802,CMP056,N2 Speed Sensor,ESN700054,2021-03-20,2023-03-20,CENTER,NEW,ACTIVE
INV0002803,CSN902803,CMP057,Vibration Sensor,ESN700054,2022-06-13,2023-03-12,CENTER,NEW,ACTIVE
INV0002804,CSN902804,CMP058,Chip Detector,ESN700054,2021-10-07,2023-03-14,CENTER,NEW,ACTIVE
INV0002805,CSN902805,CMP059,Accessory Gearbox,ESN700054,2021-06-17,2023-04-21,CENTER,NEW,ACTIVE
INV0002806,CSN902806,CMP060,Starter,ESN700054,2022-10-14,2023-06-07,CENTER,NEW,ACTIVE
INV0002807,CSN902807,CMP061,Integrated Drive Generator (IDG) Drive Pad,ESN700054,2021-08-11,2023-06-12,CENTER,NEW,ACTIVE
INV0002808,CSN902808,CMP062,Hydraulic Pump Drive Pad,ESN700054,2022-03-21,2023-05-09,CENTER,NEW,ACTIVE
INV0002809,CSN902809,CMP001,Fan Disk,ESN700055,2021-01-15,2023-01-23,CENTER,NEW,ACTIVE
INV0002810,CSN902810,CMP002,Fan Shaft,ESN700055,2021-08-22,2023-04-23,CENTER,NEW,ACTIVE
INV0002811,CSN902811,CMP005,Fan Case,ESN700055,2021-05-19,2023-06-20,CENTER,NEW,ACTIVE
INV0002812,CSN902812,CMP006,Spinner Cone,ESN700055,2022-04-08,2023-02-18,CENTER,NEW,ACTIVE
INV0002813,CSN902813,CMP007,Booster Rotor,ESN700055,2021-09-02,2023-04-19,CENTER,NEW,ACTIVE
INV0002814,CSN902814,CMP009,Booster Stator Assembly,ESN700055,2021-05-21,2023-04-27,CENTER,NEW,ACTIVE
INV0002815,CSN902815,CMP010,Booster Case,ESN700055,2021-10-21,2023-03-08,CENTER,NEW,ACTIVE
INV0002816,CSN902816,CMP011,HPC Stage 1 Disk,ESN700055,2021-03-25,2023-06-12,STAGE1,NEW,ACTIVE
INV0002817,CSN902817,CMP012,HPC Stage 2 Disk,ESN700055,2021-06-06,2023-03-02,STAGE2,NEW,ACTIVE
INV0002818,CSN902818,CMP013,HPC Stage 3 Disk,ESN700055,2022-07-12,2023-06-07,STAGE3,NEW,ACTIVE
INV0002819,CSN902819,CMP014,HPC Stage 4 Disk,ESN700055,2022-07-03,2023-03-31,STAGE4,NEW,ACTIVE
INV0002820,CSN902820,CMP015,HPC Stage 5 Disk,ESN700055,2021-09-04,2023-01-12,STAGE5,NEW,ACTIVE
INV0002821,CSN902821,CMP016,HPC Rotor Shaft,ESN700055,2022-04-15,2023-06-16,CENTER,NEW,ACTIVE
INV0002822,CSN902822,CMP018,Variable Stator Vane Assembly,ESN700055,2022-04-03,2023-03-01,CENTER,NEW,ACTIVE
INV0002823,CSN902823,CMP019,HPC Case,ESN700055,2022-08-31,2023-05-16,CENTER,NEW,ACTIVE
INV0002824,CSN902824,CMP020,Combustor Liner,ESN700055,2021-12-24,2023-01-17,CENTER,NEW,ACTIVE
INV0002825,CSN902825,CMP022,Dome Assembly,ESN700055,2022-12-09,2023-01-03,CENTER,NEW,ACTIVE
INV0002826,CSN902826,CMP024,HPT Stage 1 Disk,ESN700055,2022-08-23,2023-02-20,STAGE1,NEW,ACTIVE
INV0002827,CSN902827,CMP025,HPT Stage 2 Disk,ESN700055,2021-02-26,2023-02-12,STAGE2,NEW,ACTIVE
INV0002828,CSN902828,CMP028,HPT Shroud,ESN700055,2021-09-17,2023-02-08,CENTER,NEW,ACTIVE
INV0002829,CSN902829,CMP029,LPT Shaft,ESN700055,2021-02-20,2023-05-25,CENTER,NEW,ACTIVE
INV0002830,CSN902830,CMP030,LPT Stage 1 Disk,ESN700055,2022-09-30,2023-03-28,STAGE1,NEW,ACTIVE
INV0002831,CSN902831,CMP031,LPT Stage 2 Disk,ESN700055,2022-03-26,2023-02-21,STAGE2,NEW,ACTIVE
INV0002832,CSN902832,CMP034,Turbine Rear Frame,ESN700055,2021-10-04,2023-04-18,CENTER,NEW,ACTIVE
INV0002833,CSN902833,CMP035,Fuel Pump,ESN700055,2021-05-20,2023-06-02,CENTER,NEW,ACTIVE
INV0002834,CSN902834,CMP036,Hydromechanical Unit (HMU),ESN700055,2021-10-16,2023-02-16,CENTER,NEW,ACTIVE
INV0002835,CSN902835,CMP037,Fuel Filter,ESN700055,2021-02-10,2023-02-24,CENTER,NEW,ACTIVE
INV0002836,CSN902836,CMP038,Fuel Shutoff Valve,ESN700055,2021-08-20,2023-01-17,CENTER,NEW,ACTIVE
INV0002837,CSN902837,CMP039,Fuel Manifold,ESN700055,2022-10-06,2023-01-29,CENTER,NEW,ACTIVE
INV0002838,CSN902838,CMP040,Ignition Exciter,ESN700055,2022-02-14,2023-06-18,CENTER,NEW,ACTIVE
INV0002839,CSN902839,CMP041,Igniter Plug A,ESN700055,2022-11-11,2023-05-06,A,NEW,ACTIVE
INV0002840,CSN902840,CMP042,Igniter Plug B,ESN700055,2022-01-08,2023-02-21,B,NEW,ACTIVE
INV0002841,CSN902841,CMP043,Variable Bleed Valve (VBV),ESN700055,2021-01-11,2023-03-19,CENTER,NEW,ACTIVE
INV0002842,CSN902842,CMP044,VBV Actuator,ESN700055,2021-04-02,2023-06-06,CENTER,NEW,ACTIVE
INV0002843,CSN902843,CMP045,High Stage Bleed Valve,ESN700055,2021-02-17,2023-06-25,CENTER,NEW,ACTIVE
INV0002844,CSN902844,CMP046,Start Valve,ESN700055,2021-06-18,2023-04-02,CENTER,NEW,ACTIVE
INV0002845,CSN902845,CMP047,Exhaust Nozzle,ESN700055,2021-02-22,2023-05-03,CENTER,NEW,ACTIVE
INV0002846,CSN902846,CMP048,Exhaust Mixer,ESN700055,2022-05-27,2023-03-04,CENTER,NEW,ACTIVE
INV0002847,CSN902847,CMP049,Oil Pump,ESN700055,2022-03-27,2023-06-22,CENTER,NEW,ACTIVE
INV0002848,CSN902848,CMP050,Scavenge Pump,ESN700055,2021-08-12,2023-03-29,CENTER,NEW,ACTIVE
INV0002849,CSN902849,CMP051,Oil Filter,ESN700055,2022-07-26,2023-05-13,CENTER,NEW,ACTIVE
INV0002850,CSN902850,CMP052,Oil Pressure Transmitter,ESN700055,2021-10-01,2023-02-25,CENTER,NEW,ACTIVE
INV0002851,CSN902851,CMP053,Oil Temperature Sensor,ESN700055,2021-03-03,2023-04-06,CENTER,NEW,ACTIVE
INV0002852,CSN902852,CMP054,EGT Thermocouple Harness,ESN700055,2022-09-28,2023-01-24,CENTER,NEW,ACTIVE
INV0002853,CSN902853,CMP055,N1 Speed Sensor,ESN700055,2021-03-15,2023-01-16,CENTER,NEW,ACTIVE
INV0002854,CSN902854,CMP056,N2 Speed Sensor,ESN700055,2022-08-15,2023-05-09,CENTER,NEW,ACTIVE
INV0002855,CSN902855,CMP057,Vibration Sensor,ESN700055,2022-08-12,2023-06-17,CENTER,NEW,ACTIVE
INV0002856,CSN902856,CMP058,Chip Detector,ESN700055,2021-12-07,2023-04-13,CENTER,NEW,ACTIVE
INV0002857,CSN902857,CMP059,Accessory Gearbox,ESN700055,2021-04-27,2023-01-19,CENTER,NEW,ACTIVE
INV0002858,CSN902858,CMP060,Starter,ESN700055,2022-11-26,2023-03-31,CENTER,NEW,ACTIVE
INV0002859,CSN902859,CMP061,Integrated Drive Generator (IDG) Drive Pad,ESN700055,2022-05-14,2023-06-08,CENTER,NEW,ACTIVE
INV0002860,CSN902860,CMP062,Hydraulic Pump Drive Pad,ESN700055,2022-05-29,2023-04-05,CENTER,NEW,ACTIVE
INV0002861,CSN902861,CMP001,Fan Disk,ESN700056,2022-02-01,2023-05-17,CENTER,NEW,ACTIVE
INV0002862,CSN902862,CMP002,Fan Shaft,ESN700056,2021-04-30,2023-06-25,CENTER,NEW,ACTIVE
INV0002863,CSN902863,CMP005,Fan Case,ESN700056,2021-06-08,2023-02-16,CENTER,NEW,ACTIVE
INV0002864,CSN902864,CMP006,Spinner Cone,ESN700056,2021-02-08,2023-01-27,CENTER,NEW,ACTIVE
INV0002865,CSN902865,CMP007,Booster Rotor,ESN700056,2022-03-04,2023-06-12,CENTER,NEW,ACTIVE
INV0002866,CSN902866,CMP009,Booster Stator Assembly,ESN700056,2021-04-10,2023-03-10,CENTER,NEW,ACTIVE
INV0002867,CSN902867,CMP010,Booster Case,ESN700056,2021-05-20,2023-03-19,CENTER,NEW,ACTIVE
INV0002868,CSN902868,CMP011,HPC Stage 1 Disk,ESN700056,2021-10-19,2023-06-07,STAGE1,NEW,ACTIVE
INV0002869,CSN902869,CMP012,HPC Stage 2 Disk,ESN700056,2022-11-14,2023-04-24,STAGE2,NEW,ACTIVE
INV0002870,CSN902870,CMP013,HPC Stage 3 Disk,ESN700056,2021-06-19,2023-05-13,STAGE3,NEW,ACTIVE
INV0002871,CSN902871,CMP014,HPC Stage 4 Disk,ESN700056,2021-06-19,2023-05-14,STAGE4,NEW,ACTIVE
INV0002872,CSN902872,CMP015,HPC Stage 5 Disk,ESN700056,2021-02-06,2023-04-12,STAGE5,NEW,ACTIVE
INV0002873,CSN902873,CMP016,HPC Rotor Shaft,ESN700056,2022-02-09,2023-05-21,CENTER,NEW,ACTIVE
INV0002874,CSN902874,CMP018,Variable Stator Vane Assembly,ESN700056,2021-11-19,2023-01-13,CENTER,NEW,ACTIVE
INV0002875,CSN902875,CMP019,HPC Case,ESN700056,2021-11-07,2023-04-21,CENTER,NEW,ACTIVE
INV0002876,CSN902876,CMP020,Combustor Liner,ESN700056,2022-05-31,2023-02-22,CENTER,NEW,ACTIVE
INV0002877,CSN902877,CMP022,Dome Assembly,ESN700056,2021-08-04,2023-01-10,CENTER,NEW,ACTIVE
INV0002878,CSN902878,CMP024,HPT Stage 1 Disk,ESN700056,2022-02-09,2023-03-21,STAGE1,NEW,ACTIVE
INV0002879,CSN902879,CMP025,HPT Stage 2 Disk,ESN700056,2022-04-15,2023-02-20,STAGE2,NEW,ACTIVE
INV0002880,CSN902880,CMP028,HPT Shroud,ESN700056,2022-12-07,2023-03-25,CENTER,NEW,ACTIVE
INV0002881,CSN902881,CMP029,LPT Shaft,ESN700056,2022-10-31,2023-03-29,CENTER,NEW,ACTIVE
INV0002882,CSN902882,CMP030,LPT Stage 1 Disk,ESN700056,2021-08-07,2023-05-06,STAGE1,NEW,ACTIVE
INV0002883,CSN902883,CMP031,LPT Stage 2 Disk,ESN700056,2021-02-15,2023-02-11,STAGE2,NEW,ACTIVE
INV0002884,CSN902884,CMP034,Turbine Rear Frame,ESN700056,2021-03-26,2023-02-01,CENTER,NEW,ACTIVE
INV0002885,CSN902885,CMP035,Fuel Pump,ESN700056,2022-07-01,2023-06-15,CENTER,NEW,ACTIVE
INV0002886,CSN902886,CMP036,Hydromechanical Unit (HMU),ESN700056,2022-07-03,2023-04-28,CENTER,NEW,ACTIVE
INV0002887,CSN902887,CMP037,Fuel Filter,ESN700056,2022-07-02,2023-01-21,CENTER,NEW,ACTIVE
INV0002888,CSN902888,CMP038,Fuel Shutoff Valve,ESN700056,2021-01-10,2023-01-06,CENTER,NEW,ACTIVE
INV0002889,CSN902889,CMP039,Fuel Manifold,ESN700056,2021-11-29,2023-02-06,CENTER,NEW,ACTIVE
INV0002890,CSN902890,CMP040,Ignition Exciter,ESN700056,2022-10-04,2023-01-07,CENTER,NEW,ACTIVE
INV0002891,CSN902891,CMP041,Igniter Plug A,ESN700056,2022-09-11,2023-02-06,A,NEW,ACTIVE
INV0002892,CSN902892,CMP042,Igniter Plug B,ESN700056,2022-07-20,2023-05-01,B,NEW,ACTIVE
INV0002893,CSN902893,CMP043,Variable Bleed Valve (VBV),ESN700056,2022-11-05,2023-02-27,CENTER,NEW,ACTIVE
INV0002894,CSN902894,CMP044,VBV Actuator,ESN700056,2022-10-28,2023-03-05,CENTER,NEW,ACTIVE
INV0002895,CSN902895,CMP045,High Stage Bleed Valve,ESN700056,2021-05-26,2023-02-09,CENTER,NEW,ACTIVE
INV0002896,CSN902896,CMP046,Start Valve,ESN700056,2022-03-18,2023-03-09,CENTER,NEW,ACTIVE
INV0002897,CSN902897,CMP047,Exhaust Nozzle,ESN700056,2021-12-10,2023-05-08,CENTER,NEW,ACTIVE
INV0002898,CSN902898,CMP048,Exhaust Mixer,ESN700056,2021-10-13,2023-01-10,CENTER,NEW,ACTIVE
INV0002899,CSN902899,CMP049,Oil Pump,ESN700056,2022-02-25,2023-04-21,CENTER,NEW,ACTIVE
INV0002900,CSN902900,CMP050,Scavenge Pump,ESN700056,2021-09-22,2023-06-12,CENTER,NEW,ACTIVE
INV0002901,CSN902901,CMP051,Oil Filter,ESN700056,2021-09-21,2023-04-11,CENTER,NEW,ACTIVE
INV0002902,CSN902902,CMP052,Oil Pressure Transmitter,ESN700056,2022-04-04,2023-02-10,CENTER,NEW,ACTIVE
INV0002903,CSN902903,CMP053,Oil Temperature Sensor,ESN700056,2022-10-24,2023-06-22,CENTER,NEW,ACTIVE
INV0002904,CSN902904,CMP054,EGT Thermocouple Harness,ESN700056,2022-10-07,2023-05-11,CENTER,NEW,ACTIVE
INV0002905,CSN902905,CMP055,N1 Speed Sensor,ESN700056,2021-02-05,2023-02-11,CENTER,NEW,ACTIVE
INV0002906,CSN902906,CMP056,N2 Speed Sensor,ESN700056,2021-11-10,2023-06-13,CENTER,NEW,ACTIVE
INV0002907,CSN902907,CMP057,Vibration Sensor,ESN700056,2021-08-01,2023-02-13,CENTER,NEW,ACTIVE
INV0002908,CSN902908,CMP058,Chip Detector,ESN700056,2022-03-25,2023-02-04,CENTER,NEW,ACTIVE
INV0002909,CSN902909,CMP059,Accessory Gearbox,ESN700056,2021-09-30,2023-05-27,CENTER,NEW,ACTIVE
INV0002910,CSN902910,CMP060,Starter,ESN700056,2022-04-12,2023-01-01,CENTER,NEW,ACTIVE
INV0002911,CSN902911,CMP061,Integrated Drive Generator (IDG) Drive Pad,ESN700056,2022-02-11,2023-02-03,CENTER,NEW,ACTIVE
INV0002912,CSN902912,CMP062,Hydraulic Pump Drive Pad,ESN700056,2021-02-06,2022-12-31,CENTER,NEW,ACTIVE
INV0002913,CSN902913,CMP001,Fan Disk,ESN700057,2022-12-26,2023-02-17,CENTER,NEW,ACTIVE
INV0002914,CSN902914,CMP002,Fan Shaft,ESN700057,2022-12-11,2023-04-07,CENTER,NEW,ACTIVE
INV0002915,CSN902915,CMP005,Fan Case,ESN700057,2021-03-24,2023-05-12,CENTER,NEW,ACTIVE
INV0002916,CSN902916,CMP006,Spinner Cone,ESN700057,2022-08-29,2023-01-19,CENTER,NEW,ACTIVE
INV0002917,CSN902917,CMP007,Booster Rotor,ESN700057,2022-03-21,2023-06-25,CENTER,NEW,ACTIVE
INV0002918,CSN902918,CMP009,Booster Stator Assembly,ESN700057,2021-10-30,2023-01-12,CENTER,NEW,ACTIVE
INV0002919,CSN902919,CMP010,Booster Case,ESN700057,2022-07-22,2023-04-15,CENTER,NEW,ACTIVE
INV0002920,CSN902920,CMP011,HPC Stage 1 Disk,ESN700057,2021-09-04,2023-02-13,STAGE1,NEW,ACTIVE
INV0002921,CSN902921,CMP012,HPC Stage 2 Disk,ESN700057,2022-01-14,2023-06-27,STAGE2,NEW,ACTIVE
INV0002922,CSN902922,CMP013,HPC Stage 3 Disk,ESN700057,2021-10-13,2023-05-30,STAGE3,NEW,ACTIVE
INV0002923,CSN902923,CMP014,HPC Stage 4 Disk,ESN700057,2022-11-02,2023-06-06,STAGE4,NEW,ACTIVE
INV0002924,CSN902924,CMP015,HPC Stage 5 Disk,ESN700057,2021-11-06,2023-01-15,STAGE5,NEW,ACTIVE
INV0002925,CSN902925,CMP016,HPC Rotor Shaft,ESN700057,2022-03-14,2023-03-06,CENTER,NEW,ACTIVE
INV0002926,CSN902926,CMP018,Variable Stator Vane Assembly,ESN700057,2022-02-17,2023-01-14,CENTER,NEW,ACTIVE
INV0002927,CSN902927,CMP019,HPC Case,ESN700057,2022-05-27,2023-01-04,CENTER,NEW,ACTIVE
INV0002928,CSN902928,CMP020,Combustor Liner,ESN700057,2021-04-27,2023-03-18,CENTER,NEW,ACTIVE
INV0002929,CSN902929,CMP022,Dome Assembly,ESN700057,2022-04-16,2023-02-28,CENTER,NEW,ACTIVE
INV0002930,CSN902930,CMP024,HPT Stage 1 Disk,ESN700057,2021-11-25,2023-01-01,STAGE1,NEW,ACTIVE
INV0002931,CSN902931,CMP025,HPT Stage 2 Disk,ESN700057,2021-08-03,2023-01-02,STAGE2,NEW,ACTIVE
INV0002932,CSN902932,CMP028,HPT Shroud,ESN700057,2021-04-03,2023-01-18,CENTER,NEW,ACTIVE
INV0002933,CSN902933,CMP029,LPT Shaft,ESN700057,2022-12-17,2023-02-01,CENTER,NEW,ACTIVE
INV0002934,CSN902934,CMP030,LPT Stage 1 Disk,ESN700057,2022-12-14,2022-12-30,STAGE1,NEW,ACTIVE
INV0002935,CSN902935,CMP031,LPT Stage 2 Disk,ESN700057,2022-12-28,2023-05-08,STAGE2,NEW,ACTIVE
INV0002936,CSN902936,CMP034,Turbine Rear Frame,ESN700057,2022-09-22,2023-05-30,CENTER,NEW,ACTIVE
INV0002937,CSN902937,CMP035,Fuel Pump,ESN700057,2022-06-07,2023-03-15,CENTER,NEW,ACTIVE
INV0002938,CSN902938,CMP036,Hydromechanical Unit (HMU),ESN700057,2022-04-07,2022-12-30,CENTER,NEW,ACTIVE
INV0002939,CSN902939,CMP037,Fuel Filter,ESN700057,2021-10-28,2023-04-19,CENTER,NEW,ACTIVE
INV0002940,CSN902940,CMP038,Fuel Shutoff Valve,ESN700057,2022-10-01,2023-04-08,CENTER,NEW,ACTIVE
INV0002941,CSN902941,CMP039,Fuel Manifold,ESN700057,2022-07-01,2023-06-18,CENTER,NEW,ACTIVE
INV0002942,CSN902942,CMP040,Ignition Exciter,ESN700057,2021-02-07,2023-03-12,CENTER,NEW,ACTIVE
INV0002943,CSN902943,CMP041,Igniter Plug A,ESN700057,2022-07-22,2023-04-03,A,NEW,ACTIVE
INV0002944,CSN902944,CMP042,Igniter Plug B,ESN700057,2022-03-14,2023-04-24,B,NEW,ACTIVE
INV0002945,CSN902945,CMP043,Variable Bleed Valve (VBV),ESN700057,2021-03-09,2023-01-07,CENTER,NEW,ACTIVE
INV0002946,CSN902946,CMP044,VBV Actuator,ESN700057,2021-09-26,2023-06-18,CENTER,NEW,ACTIVE
INV0002947,CSN902947,CMP045,High Stage Bleed Valve,ESN700057,2021-10-17,2023-01-03,CENTER,NEW,ACTIVE
INV0002948,CSN902948,CMP046,Start Valve,ESN700057,2022-06-14,2023-06-15,CENTER,NEW,ACTIVE
INV0002949,CSN902949,CMP047,Exhaust Nozzle,ESN700057,2022-03-17,2023-05-02,CENTER,NEW,ACTIVE
INV0002950,CSN902950,CMP048,Exhaust Mixer,ESN700057,2021-02-15,2023-01-22,CENTER,NEW,ACTIVE
INV0002951,CSN902951,CMP049,Oil Pump,ESN700057,2021-07-02,2023-04-14,CENTER,NEW,ACTIVE
INV0002952,CSN902952,CMP050,Scavenge Pump,ESN700057,2021-03-01,2023-03-10,CENTER,NEW,ACTIVE
INV0002953,CSN902953,CMP051,Oil Filter,ESN700057,2021-06-08,2023-05-17,CENTER,NEW,ACTIVE
INV0002954,CSN902954,CMP052,Oil Pressure Transmitter,ESN700057,2021-02-21,2023-02-04,CENTER,NEW,ACTIVE
INV0002955,CSN902955,CMP053,Oil Temperature Sensor,ESN700057,2021-03-05,2023-02-05,CENTER,NEW,ACTIVE
INV0002956,CSN902956,CMP054,EGT Thermocouple Harness,ESN700057,2022-05-15,2023-05-30,CENTER,NEW,ACTIVE
INV0002957,CSN902957,CMP055,N1 Speed Sensor,ESN700057,2022-06-22,2023-03-19,CENTER,NEW,ACTIVE
INV0002958,CSN902958,CMP056,N2 Speed Sensor,ESN700057,2022-10-25,2023-04-18,CENTER,NEW,ACTIVE
INV0002959,CSN902959,CMP057,Vibration Sensor,ESN700057,2021-02-18,2023-01-25,CENTER,NEW,ACTIVE
INV0002960,CSN902960,CMP058,Chip Detector,ESN700057,2021-05-26,2023-02-28,CENTER,NEW,ACTIVE
INV0002961,CSN902961,CMP059,Accessory Gearbox,ESN700057,2022-01-10,2023-01-12,CENTER,NEW,ACTIVE
INV0002962,CSN902962,CMP060,Starter,ESN700057,2021-05-21,2023-05-21,CENTER,NEW,ACTIVE
INV0002963,CSN902963,CMP061,Integrated Drive Generator (IDG) Drive Pad,ESN700057,2021-02-17,2023-02-12,CENTER,NEW,ACTIVE
INV0002964,CSN902964,CMP062,Hydraulic Pump Drive Pad,ESN700057,2022-03-20,2023-04-28,CENTER,NEW,ACTIVE
INV0002965,CSN902965,CMP001,Fan Disk,ESN700058,2021-06-24,2023-06-23,CENTER,NEW,ACTIVE
INV0002966,CSN902966,CMP002,Fan Shaft,ESN700058,2021-09-14,2023-02-22,CENTER,NEW,ACTIVE
INV0002967,CSN902967,CMP005,Fan Case,ESN700058,2021-08-02,2023-01-08,CENTER,NEW,ACTIVE
INV0002968,CSN902968,CMP006,Spinner Cone,ESN700058,2021-06-30,2023-03-12,CENTER,NEW,ACTIVE
INV0002969,CSN902969,CMP007,Booster Rotor,ESN700058,2021-07-27,2023-06-13,CENTER,NEW,ACTIVE
INV0002970,CSN902970,CMP009,Booster Stator Assembly,ESN700058,2021-09-26,2023-02-11,CENTER,NEW,ACTIVE
INV0002971,CSN902971,CMP010,Booster Case,ESN700058,2021-03-09,2023-05-16,CENTER,NEW,ACTIVE
INV0002972,CSN902972,CMP011,HPC Stage 1 Disk,ESN700058,2022-12-15,2023-03-11,STAGE1,NEW,ACTIVE
INV0002973,CSN902973,CMP012,HPC Stage 2 Disk,ESN700058,2021-09-18,2023-04-12,STAGE2,NEW,ACTIVE
INV0002974,CSN902974,CMP013,HPC Stage 3 Disk,ESN700058,2021-08-23,2023-06-21,STAGE3,NEW,ACTIVE
INV0002975,CSN902975,CMP014,HPC Stage 4 Disk,ESN700058,2022-10-22,2023-05-01,STAGE4,NEW,ACTIVE
INV0002976,CSN902976,CMP015,HPC Stage 5 Disk,ESN700058,2021-11-13,2023-06-01,STAGE5,NEW,ACTIVE
INV0002977,CSN902977,CMP016,HPC Rotor Shaft,ESN700058,2021-03-17,2023-05-06,CENTER,NEW,ACTIVE
INV0002978,CSN902978,CMP018,Variable Stator Vane Assembly,ESN700058,2021-01-29,2023-06-09,CENTER,NEW,ACTIVE
INV0002979,CSN902979,CMP019,HPC Case,ESN700058,2022-02-23,2023-04-07,CENTER,NEW,ACTIVE
INV0002980,CSN902980,CMP020,Combustor Liner,ESN700058,2022-05-22,2023-02-19,CENTER,NEW,ACTIVE
INV0002981,CSN902981,CMP022,Dome Assembly,ESN700058,2021-08-05,2023-05-05,CENTER,NEW,ACTIVE
INV0002982,CSN902982,CMP024,HPT Stage 1 Disk,ESN700058,2021-07-25,2023-03-25,STAGE1,NEW,ACTIVE
INV0002983,CSN902983,CMP025,HPT Stage 2 Disk,ESN700058,2021-06-21,2023-05-02,STAGE2,NEW,ACTIVE
INV0002984,CSN902984,CMP028,HPT Shroud,ESN700058,2022-09-10,2023-05-23,CENTER,NEW,ACTIVE
INV0002985,CSN902985,CMP029,LPT Shaft,ESN700058,2022-08-22,2023-05-25,CENTER,NEW,ACTIVE
INV0002986,CSN902986,CMP030,LPT Stage 1 Disk,ESN700058,2022-12-22,2023-03-20,STAGE1,NEW,ACTIVE
INV0002987,CSN902987,CMP031,LPT Stage 2 Disk,ESN700058,2022-11-04,2023-05-09,STAGE2,NEW,ACTIVE
INV0002988,CSN902988,CMP034,Turbine Rear Frame,ESN700058,2021-09-27,2023-05-19,CENTER,NEW,ACTIVE
INV0002989,CSN902989,CMP035,Fuel Pump,ESN700058,2022-02-08,2023-01-12,CENTER,NEW,ACTIVE
INV0002990,CSN902990,CMP036,Hydromechanical Unit (HMU),ESN700058,2022-10-20,2023-04-14,CENTER,NEW,ACTIVE
INV0002991,CSN902991,CMP037,Fuel Filter,ESN700058,2022-06-13,2023-03-15,CENTER,NEW,ACTIVE
INV0002992,CSN902992,CMP038,Fuel Shutoff Valve,ESN700058,2021-01-23,2023-03-05,CENTER,NEW,ACTIVE
INV0002993,CSN902993,CMP039,Fuel Manifold,ESN700058,2021-03-04,2023-03-19,CENTER,NEW,ACTIVE
INV0002994,CSN902994,CMP040,Ignition Exciter,ESN700058,2021-12-08,2023-05-09,CENTER,NEW,ACTIVE
INV0002995,CSN902995,CMP041,Igniter Plug A,ESN700058,2021-10-25,2023-05-16,A,NEW,ACTIVE
INV0002996,CSN902996,CMP042,Igniter Plug B,ESN700058,2022-04-03,2023-04-08,B,NEW,ACTIVE
INV0002997,CSN902997,CMP043,Variable Bleed Valve (VBV),ESN700058,2022-11-29,2023-03-05,CENTER,NEW,ACTIVE
INV0002998,CSN902998,CMP044,VBV Actuator,ESN700058,2022-10-21,2023-02-03,CENTER,NEW,ACTIVE
INV0002999,CSN902999,CMP045,High Stage Bleed Valve,ESN700058,2022-11-28,2023-03-11,CENTER,NEW,ACTIVE
INV0003000,CSN903000,CMP046,Start Valve,ESN700058,2021-12-07,2023-05-21,CENTER,NEW,ACTIVE
INV0003001,CSN903001,CMP047,Exhaust Nozzle,ESN700058,2021-02-01,2023-05-07,CENTER,NEW,ACTIVE
INV0003002,CSN903002,CMP048,Exhaust Mixer,ESN700058,2022-10-29,2023-03-26,CENTER,NEW,ACTIVE
INV0003003,CSN903003,CMP049,Oil Pump,ESN700058,2021-12-11,2023-02-20,CENTER,NEW,ACTIVE
INV0003004,CSN903004,CMP050,Scavenge Pump,ESN700058,2021-05-02,2023-04-20,CENTER,NEW,ACTIVE
INV0003005,CSN903005,CMP051,Oil Filter,ESN700058,2022-03-15,2023-02-28,CENTER,NEW,ACTIVE
INV0003006,CSN903006,CMP052,Oil Pressure Transmitter,ESN700058,2022-06-15,2023-05-11,CENTER,NEW,ACTIVE
INV0003007,CSN903007,CMP053,Oil Temperature Sensor,ESN700058,2021-01-26,2023-06-20,CENTER,NEW,ACTIVE
INV0003008,CSN903008,CMP054,EGT Thermocouple Harness,ESN700058,2022-06-04,2023-02-11,CENTER,NEW,ACTIVE
INV0003009,CSN903009,CMP055,N1 Speed Sensor,ESN700058,2022-03-28,2023-06-02,CENTER,NEW,ACTIVE
INV0003010,CSN903010,CMP056,N2 Speed Sensor,ESN700058,2022-11-28,2023-01-11,CENTER,NEW,ACTIVE
INV0003011,CSN903011,CMP057,Vibration Sensor,ESN700058,2022-08-20,2023-01-11,CENTER,NEW,ACTIVE
INV0003012,CSN903012,CMP058,Chip Detector,ESN700058,2021-07-05,2023-01-26,CENTER,NEW,ACTIVE
INV0003013,CSN903013,CMP059,Accessory Gearbox,ESN700058,2021-07-10,2023-03-22,CENTER,NEW,ACTIVE
INV0003014,CSN903014,CMP060,Starter,ESN700058,2021-02-09,2023-04-19,CENTER,NEW,ACTIVE
INV0003015,CSN903015,CMP061,Integrated Drive Generator (IDG) Drive Pad,ESN700058,2021-12-02,2023-05-23,CENTER,NEW,ACTIVE
INV0003016,CSN903016,CMP062,Hydraulic Pump Drive Pad,ESN700058,2021-03-05,2023-04-20,CENTER,NEW,ACTIVE
INV0003017,CSN903017,CMP001,Fan Disk,ESN700059,2022-11-12,2023-01-19,CENTER,NEW,ACTIVE
INV0003018,CSN903018,CMP002,Fan Shaft,ESN700059,2022-08-10,2023-06-26,CENTER,NEW,ACTIVE
INV0003019,CSN903019,CMP005,Fan Case,ESN700059,2022-05-04,2023-01-04,CENTER,NEW,ACTIVE
INV0003020,CSN903020,CMP006,Spinner Cone,ESN700059,2022-12-13,2023-05-31,CENTER,NEW,ACTIVE
INV0003021,CSN903021,CMP007,Booster Rotor,ESN700059,2021-08-03,2023-02-24,CENTER,NEW,ACTIVE
INV0003022,CSN903022,CMP009,Booster Stator Assembly,ESN700059,2021-05-30,2023-04-07,CENTER,NEW,ACTIVE
INV0003023,CSN903023,CMP010,Booster Case,ESN700059,2022-06-20,2023-04-18,CENTER,NEW,ACTIVE
INV0003024,CSN903024,CMP011,HPC Stage 1 Disk,ESN700059,2022-10-10,2023-01-22,STAGE1,NEW,ACTIVE
INV0003025,CSN903025,CMP012,HPC Stage 2 Disk,ESN700059,2022-05-10,2023-01-02,STAGE2,NEW,ACTIVE
INV0003026,CSN903026,CMP013,HPC Stage 3 Disk,ESN700059,2022-02-22,2023-05-22,STAGE3,NEW,ACTIVE
INV0003027,CSN903027,CMP014,HPC Stage 4 Disk,ESN700059,2021-06-19,2023-03-08,STAGE4,NEW,ACTIVE
INV0003028,CSN903028,CMP015,HPC Stage 5 Disk,ESN700059,2022-08-16,2023-05-26,STAGE5,NEW,ACTIVE
INV0003029,CSN903029,CMP016,HPC Rotor Shaft,ESN700059,2022-12-02,2023-03-01,CENTER,NEW,ACTIVE
INV0003030,CSN903030,CMP018,Variable Stator Vane Assembly,ESN700059,2022-09-24,2023-05-25,CENTER,NEW,ACTIVE
INV0003031,CSN903031,CMP019,HPC Case,ESN700059,2022-10-04,2023-02-28,CENTER,NEW,ACTIVE
INV0003032,CSN903032,CMP020,Combustor Liner,ESN700059,2022-12-26,2023-01-27,CENTER,NEW,ACTIVE
INV0003033,CSN903033,CMP022,Dome Assembly,ESN700059,2022-09-27,2023-06-21,CENTER,NEW,ACTIVE
INV0003034,CSN903034,CMP024,HPT Stage 1 Disk,ESN700059,2021-03-02,2023-02-05,STAGE1,NEW,ACTIVE
INV0003035,CSN903035,CMP025,HPT Stage 2 Disk,ESN700059,2021-03-15,2023-01-11,STAGE2,NEW,ACTIVE
INV0003036,CSN903036,CMP028,HPT Shroud,ESN700059,2021-06-21,2023-05-01,CENTER,NEW,ACTIVE
INV0003037,CSN903037,CMP029,LPT Shaft,ESN700059,2022-04-09,2023-01-12,CENTER,NEW,ACTIVE
INV0003038,CSN903038,CMP030,LPT Stage 1 Disk,ESN700059,2022-05-27,2023-04-21,STAGE1,NEW,ACTIVE
INV0003039,CSN903039,CMP031,LPT Stage 2 Disk,ESN700059,2021-04-18,2023-01-05,STAGE2,NEW,ACTIVE
INV0003040,CSN903040,CMP034,Turbine Rear Frame,ESN700059,2022-07-03,2023-06-10,CENTER,NEW,ACTIVE
INV0003041,CSN903041,CMP035,Fuel Pump,ESN700059,2021-10-25,2023-05-29,CENTER,NEW,ACTIVE
INV0003042,CSN903042,CMP036,Hydromechanical Unit (HMU),ESN700059,2021-02-24,2023-03-24,CENTER,NEW,ACTIVE
INV0003043,CSN903043,CMP037,Fuel Filter,ESN700059,2021-08-04,2023-04-26,CENTER,NEW,ACTIVE
INV0003044,CSN903044,CMP038,Fuel Shutoff Valve,ESN700059,2022-10-17,2023-04-14,CENTER,NEW,ACTIVE
INV0003045,CSN903045,CMP039,Fuel Manifold,ESN700059,2022-09-01,2023-01-03,CENTER,NEW,ACTIVE
INV0003046,CSN903046,CMP040,Ignition Exciter,ESN700059,2021-06-26,2023-04-11,CENTER,NEW,ACTIVE
INV0003047,CSN903047,CMP041,Igniter Plug A,ESN700059,2022-05-18,2023-02-25,A,NEW,ACTIVE
INV0003048,CSN903048,CMP042,Igniter Plug B,ESN700059,2021-05-03,2023-01-23,B,NEW,ACTIVE
INV0003049,CSN903049,CMP043,Variable Bleed Valve (VBV),ESN700059,2021-02-24,2023-06-25,CENTER,NEW,ACTIVE
INV0003050,CSN903050,CMP044,VBV Actuator,ESN700059,2021-02-07,2023-04-15,CENTER,NEW,ACTIVE
INV0003051,CSN903051,CMP045,High Stage Bleed Valve,ESN700059,2021-11-21,2023-03-08,CENTER,NEW,ACTIVE
INV0003052,CSN903052,CMP046,Start Valve,ESN700059,2021-10-14,2023-05-30,CENTER,NEW,ACTIVE
INV0003053,CSN903053,CMP047,Exhaust Nozzle,ESN700059,2021-09-10,2023-05-22,CENTER,NEW,ACTIVE
INV0003054,CSN903054,CMP048,Exhaust Mixer,ESN700059,2021-10-28,2023-01-27,CENTER,NEW,ACTIVE
INV0003055,CSN903055,CMP049,Oil Pump,ESN700059,2022-05-12,2023-03-04,CENTER,NEW,ACTIVE
INV0003056,CSN903056,CMP050,Scavenge Pump,ESN700059,2022-11-07,2023-03-19,CENTER,NEW,ACTIVE
INV0003057,CSN903057,CMP051,Oil Filter,ESN700059,2021-07-14,2023-06-21,CENTER,NEW,ACTIVE
INV0003058,CSN903058,CMP052,Oil Pressure Transmitter,ESN700059,2022-10-30,2023-04-06,CENTER,NEW,ACTIVE
INV0003059,CSN903059,CMP053,Oil Temperature Sensor,ESN700059,2021-05-09,2023-06-06,CENTER,NEW,ACTIVE
INV0003060,CSN903060,CMP054,EGT Thermocouple Harness,ESN700059,2022-12-15,2023-02-08,CENTER,NEW,ACTIVE
INV0003061,CSN903061,CMP055,N1 Speed Sensor,ESN700059,2022-08-19,2023-02-02,CENTER,NEW,ACTIVE
INV0003062,CSN903062,CMP056,N2 Speed Sensor,ESN700059,2022-07-09,2023-02-01,CENTER,NEW,ACTIVE
INV0003063,CSN903063,CMP057,Vibration Sensor,ESN700059,2021-03-18,2023-06-20,CENTER,NEW,ACTIVE
INV0003064,CSN903064,CMP058,Chip Detector,ESN700059,2022-03-17,2023-02-01,CENTER,NEW,ACTIVE
INV0003065,CSN903065,CMP059,Accessory Gearbox,ESN700059,2021-10-11,2023-04-01,CENTER,NEW,ACTIVE
INV0003066,CSN903066,CMP060,Starter,ESN700059,2022-12-14,2023-05-01,CENTER,NEW,ACTIVE
INV0003067,CSN903067,CMP061,Integrated Drive Generator (IDG) Drive Pad,ESN700059,2021-08-26,2023-04-13,CENTER,NEW,ACTIVE
INV0003068,CSN903068,CMP062,Hydraulic Pump Drive Pad,ESN700059,2022-07-17,2023-04-04,CENTER,NEW,ACTIVE
INV0003069,CSN903069,CMP001,Fan Disk,ESN700060,2022-11-22,2023-06-02,CENTER,NEW,ACTIVE
INV0003070,CSN903070,CMP002,Fan Shaft,ESN700060,2021-01-29,2023-06-19,CENTER,NEW,ACTIVE
INV0003071,CSN903071,CMP005,Fan Case,ESN700060,2022-07-21,2023-03-29,CENTER,NEW,ACTIVE
INV0003072,CSN903072,CMP006,Spinner Cone,ESN700060,2021-03-24,2023-03-14,CENTER,NEW,ACTIVE
INV0003073,CSN903073,CMP007,Booster Rotor,ESN700060,2021-08-31,2023-02-04,CENTER,NEW,ACTIVE
INV0003074,CSN903074,CMP009,Booster Stator Assembly,ESN700060,2021-04-04,2023-01-13,CENTER,NEW,ACTIVE
INV0003075,CSN903075,CMP010,Booster Case,ESN700060,2022-02-17,2023-04-24,CENTER,NEW,ACTIVE
INV0003076,CSN903076,CMP011,HPC Stage 1 Disk,ESN700060,2021-12-03,2023-05-31,STAGE1,NEW,ACTIVE
INV0003077,CSN903077,CMP012,HPC Stage 2 Disk,ESN700060,2022-11-06,2023-03-23,STAGE2,NEW,ACTIVE
INV0003078,CSN903078,CMP013,HPC Stage 3 Disk,ESN700060,2022-06-07,2023-04-01,STAGE3,NEW,ACTIVE
INV0003079,CSN903079,CMP014,HPC Stage 4 Disk,ESN700060,2022-12-26,2023-04-20,STAGE4,NEW,ACTIVE
INV0003080,CSN903080,CMP015,HPC Stage 5 Disk,ESN700060,2022-01-01,2023-02-25,STAGE5,NEW,ACTIVE
INV0003081,CSN903081,CMP016,HPC Rotor Shaft,ESN700060,2021-04-27,2023-03-27,CENTER,NEW,ACTIVE
INV0003082,CSN903082,CMP018,Variable Stator Vane Assembly,ESN700060,2021-10-07,2023-06-03,CENTER,NEW,ACTIVE
INV0003083,CSN903083,CMP019,HPC Case,ESN700060,2021-03-27,2023-06-06,CENTER,NEW,ACTIVE
INV0003084,CSN903084,CMP020,Combustor Liner,ESN700060,2022-03-30,2023-01-22,CENTER,NEW,ACTIVE
INV0003085,CSN903085,CMP022,Dome Assembly,ESN700060,2021-06-20,2023-03-27,CENTER,NEW,ACTIVE
INV0003086,CSN903086,CMP024,HPT Stage 1 Disk,ESN700060,2022-08-02,2023-02-21,STAGE1,NEW,ACTIVE
INV0003087,CSN903087,CMP025,HPT Stage 2 Disk,ESN700060,2022-08-27,2023-02-21,STAGE2,NEW,ACTIVE
INV0003088,CSN903088,CMP028,HPT Shroud,ESN700060,2021-08-12,2023-05-28,CENTER,NEW,ACTIVE
INV0003089,CSN903089,CMP029,LPT Shaft,ESN700060,2022-02-01,2023-06-25,CENTER,NEW,ACTIVE
INV0003090,CSN903090,CMP030,LPT Stage 1 Disk,ESN700060,2022-05-01,2023-02-26,STAGE1,NEW,ACTIVE
INV0003091,CSN903091,CMP031,LPT Stage 2 Disk,ESN700060,2021-01-01,2023-06-26,STAGE2,NEW,ACTIVE
INV0003092,CSN903092,CMP034,Turbine Rear Frame,ESN700060,2022-10-04,2023-01-06,CENTER,NEW,ACTIVE
INV0003093,CSN903093,CMP035,Fuel Pump,ESN700060,2022-05-31,2023-06-18,CENTER,NEW,ACTIVE
INV0003094,CSN903094,CMP036,Hydromechanical Unit (HMU),ESN700060,2022-01-14,2023-05-09,CENTER,NEW,ACTIVE
INV0003095,CSN903095,CMP037,Fuel Filter,ESN700060,2022-07-03,2023-06-26,CENTER,NEW,ACTIVE
INV0003096,CSN903096,CMP038,Fuel Shutoff Valve,ESN700060,2022-10-22,2023-01-02,CENTER,NEW,ACTIVE
INV0003097,CSN903097,CMP039,Fuel Manifold,ESN700060,2022-07-17,2023-04-12,CENTER,NEW,ACTIVE
INV0003098,CSN903098,CMP040,Ignition Exciter,ESN700060,2021-03-08,2023-03-09,CENTER,NEW,ACTIVE
INV0003099,CSN903099,CMP041,Igniter Plug A,ESN700060,2022-11-12,2023-04-12,A,NEW,ACTIVE
INV0003100,CSN903100,CMP042,Igniter Plug B,ESN700060,2022-12-29,2023-02-21,B,NEW,ACTIVE
INV0003101,CSN903101,CMP043,Variable Bleed Valve (VBV),ESN700060,2021-02-28,2023-06-11,CENTER,NEW,ACTIVE
INV0003102,CSN903102,CMP044,VBV Actuator,ESN700060,2022-09-05,2023-01-06,CENTER,NEW,ACTIVE
INV0003103,CSN903103,CMP045,High Stage Bleed Valve,ESN700060,2021-12-23,2023-01-24,CENTER,NEW,ACTIVE
INV0003104,CSN903104,CMP046,Start Valve,ESN700060,2021-04-10,2023-01-06,CENTER,NEW,ACTIVE
INV0003105,CSN903105,CMP047,Exhaust Nozzle,ESN700060,2021-02-28,2023-03-11,CENTER,NEW,ACTIVE
INV0003106,CSN903106,CMP048,Exhaust Mixer,ESN700060,2021-04-08,2023-03-09,CENTER,NEW,ACTIVE
INV0003107,CSN903107,CMP049,Oil Pump,ESN700060,2021-05-23,2023-02-24,CENTER,NEW,ACTIVE
INV0003108,CSN903108,CMP050,Scavenge Pump,ESN700060,2022-02-21,2023-03-18,CENTER,NEW,ACTIVE
INV0003109,CSN903109,CMP051,Oil Filter,ESN700060,2022-05-29,2023-01-30,CENTER,NEW,ACTIVE
INV0003110,CSN903110,CMP052,Oil Pressure Transmitter,ESN700060,2021-05-17,2023-01-17,CENTER,NEW,ACTIVE
INV0003111,CSN903111,CMP053,Oil Temperature Sensor,ESN700060,2022-08-22,2023-01-20,CENTER,NEW,ACTIVE
INV0003112,CSN903112,CMP054,EGT Thermocouple Harness,ESN700060,2022-06-20,2023-03-13,CENTER,NEW,ACTIVE
INV0003113,CSN903113,CMP055,N1 Speed Sensor,ESN700060,2021-10-14,2023-02-27,CENTER,NEW,ACTIVE
INV0003114,CSN903114,CMP056,N2 Speed Sensor,ESN700060,2022-08-24,2023-01-12,CENTER,NEW,ACTIVE
INV0003115,CSN903115,CMP057,Vibration Sensor,ESN700060,2022-07-23,2023-05-20,CENTER,NEW,ACTIVE
INV0003116,CSN903116,CMP058,Chip Detector,ESN700060,2022-07-08,2023-01-21,CENTER,NEW,ACTIVE
INV0003117,CSN903117,CMP059,Accessory Gearbox,ESN700060,2022-05-21,2023-05-09,CENTER,NEW,ACTIVE
INV0003118,CSN903118,CMP060,Starter,ESN700060,2021-07-28,2023-01-07,CENTER,NEW,ACTIVE
INV0003119,CSN903119,CMP061,Integrated Drive Generator (IDG) Drive Pad,ESN700060,2022-01-21,2023-03-07,CENTER,NEW,ACTIVE
INV0003120,CSN903120,CMP062,Hydraulic Pump Drive Pad,ESN700060,2022-03-27,2023-04-11,CENTER,NEW,ACTIVE
